timestamp,temperature,humidity,wind_speed,solar_radiation
2024-01-01 00:00:00,22.3,71,1.98,0.0
2024-01-01 01:00:00,22.4,70,1.61,0.0
2024-01-01 02:00:00,21.6,74,1.81,0.0
2024-01-01 03:00:00,21.3,76,1.6,0.0
2024-01-01 04:00:00,21.3,78,1.65,0.0
2024-01-01 05:00:00,20.8,82,1.61,0.0
2024-01-01 06:00:00,20.0,85,1.42,0.0
2024-01-01 07:00:00,20.0,86,1.3,2.0
2024-01-01 08:00:00,22.4,75,1.94,98.0
2024-01-01 09:00:00,25.7,61,1.58,287.0
2024-01-01 10:00:00,28.7,49,1.13,473.0
2024-01-01 11:00:00,30.8,40,0.51,617.0
2024-01-01 12:00:00,31.7,38,1.04,702.0
2024-01-01 13:00:00,31.5,44,2.91,716.0
2024-01-01 14:00:00,30.9,50,3.57,659.0
2024-01-01 15:00:00,30.0,52,3.97,542.0
2024-01-01 16:00:00,29.2,51,4.1,370.0
2024-01-01 17:00:00,27.6,64,4.42,173.0
2024-01-01 18:00:00,26.0,72,4.05,22.0
2024-01-01 19:00:00,25.2,78,4.34,0.0
2024-01-01 20:00:00,24.8,77,4.4,0.0
2024-01-01 21:00:00,24.5,72,4.33,0.0
2024-01-01 22:00:00,23.7,70,2.73,0.0
2024-01-01 23:00:00,22.5,72,1.7,0.0
2024-01-02 00:00:00,21.9,73,1.77,0.0
2024-01-02 01:00:00,21.1,74,2.2,0.0
2024-01-02 02:00:00,21.6,72,1.99,0.0
2024-01-02 03:00:00,21.4,75,1.84,0.0
2024-01-02 04:00:00,21.0,77,2.0,0.0
2024-01-02 05:00:00,20.7,78,2.3,0.0
2024-01-02 06:00:00,20.3,83,1.62,0.0
2024-01-02 07:00:00,19.9,85,1.25,2.0
2024-01-02 08:00:00,22.2,75,1.62,98.0
2024-01-02 09:00:00,25.1,63,1.39,288.0
2024-01-02 10:00:00,27.9,54,1.43,475.0
2024-01-02 11:00:00,30.0,46,1.32,620.0
2024-01-02 12:00:00,31.0,44,1.75,703.0
2024-01-02 13:00:00,30.5,52,3.58,718.0
2024-01-02 14:00:00,29.9,56,4.22,662.0
2024-01-02 15:00:00,29.3,54,4.4,538.0
2024-01-02 16:00:00,28.4,57,4.82,371.0
2024-01-02 17:00:00,26.7,67,5.19,175.0
2024-01-02 18:00:00,25.3,76,5.39,23.0
2024-01-02 19:00:00,24.9,77,5.55,0.0
2024-01-02 20:00:00,24.5,75,5.31,0.0
2024-01-02 21:00:00,24.0,71,4.22,0.0
2024-01-02 22:00:00,23.3,64,2.44,0.0
2024-01-02 23:00:00,21.8,64,1.7,0.0
2024-01-03 00:00:00,21.0,64,1.7,0.0
2024-01-03 01:00:00,20.7,65,1.77,0.0
2024-01-03 02:00:00,21.1,64,2.5,0.0
2024-01-03 03:00:00,21.0,64,2.62,0.0
2024-01-03 04:00:00,20.8,66,2.8,0.0
2024-01-03 05:00:00,20.2,70,2.04,0.0
2024-01-03 06:00:00,19.4,83,1.36,0.0
2024-01-03 07:00:00,19.8,82,1.61,2.0
2024-01-03 08:00:00,22.2,73,2.2,96.0
2024-01-03 09:00:00,24.7,64,2.01,276.0
2024-01-03 10:00:00,27.2,57,1.9,464.0
2024-01-03 11:00:00,29.0,51,1.9,613.0
2024-01-03 12:00:00,30.1,48,2.62,700.0
2024-01-03 13:00:00,30.0,53,4.19,719.0
2024-01-03 14:00:00,29.4,55,4.96,664.0
2024-01-03 15:00:00,28.8,53,5.02,544.0
2024-01-03 16:00:00,27.9,53,5.2,376.0
2024-01-03 17:00:00,26.4,61,4.94,179.0
2024-01-03 18:00:00,25.1,67,4.7,23.0
2024-01-03 19:00:00,24.4,71,4.85,0.0
2024-01-03 20:00:00,24.0,73,4.59,0.0
2024-01-03 21:00:00,23.3,76,3.95,0.0
2024-01-03 22:00:00,22.3,76,1.77,0.0
2024-01-03 23:00:00,21.4,79,1.8,0.0
2024-01-04 00:00:00,21.4,80,2.69,0.0
2024-01-04 01:00:00,21.0,82,3.04,0.0
2024-01-04 02:00:00,20.7,83,3.0,0.0
2024-01-04 03:00:00,20.3,81,2.71,0.0
2024-01-04 04:00:00,19.6,83,1.9,0.0
2024-01-04 05:00:00,19.0,86,1.91,0.0
2024-01-04 06:00:00,19.7,91,1.53,0.0
2024-01-04 07:00:00,19.5,92,1.4,2.0
2024-01-04 08:00:00,21.8,79,2.2,99.0
2024-01-04 09:00:00,24.3,67,2.22,292.0
2024-01-04 10:00:00,26.5,60,2.53,483.0
2024-01-04 11:00:00,28.2,55,3.05,631.0
2024-01-04 12:00:00,28.9,53,3.68,720.0
2024-01-04 13:00:00,28.8,55,4.74,738.0
2024-01-04 14:00:00,28.6,53,5.09,687.0
2024-01-04 15:00:00,28.1,51,5.02,570.0
2024-01-04 16:00:00,26.8,59,5.17,396.0
2024-01-04 17:00:00,25.2,71,4.78,189.0
2024-01-04 18:00:00,23.9,76,4.55,26.0
2024-01-04 19:00:00,23.1,83,4.44,0.0
2024-01-04 20:00:00,22.4,90,4.14,0.0
2024-01-04 21:00:00,22.0,93,4.68,0.0
2024-01-04 22:00:00,21.6,90,4.41,0.0
2024-01-04 23:00:00,21.1,89,3.31,0.0
2024-01-05 00:00:00,20.6,90,2.6,0.0
2024-01-05 01:00:00,19.8,91,1.87,0.0
2024-01-05 02:00:00,18.9,93,1.57,0.0
2024-01-05 03:00:00,18.7,93,1.63,0.0
2024-01-05 04:00:00,18.7,92,1.8,0.0
2024-01-05 05:00:00,18.0,93,1.61,0.0
2024-01-05 06:00:00,18.4,94,1.84,0.0
2024-01-05 07:00:00,18.2,94,1.68,2.0
2024-01-05 08:00:00,19.1,92,2.19,81.0
2024-01-05 09:00:00,21.9,77,1.75,258.0
2024-01-05 10:00:00,25.3,61,1.66,482.0
2024-01-05 11:00:00,27.9,46,1.32,634.0
2024-01-05 12:00:00,29.5,35,1.42,721.0
2024-01-05 13:00:00,29.8,37,2.78,737.0
2024-01-05 14:00:00,29.4,43,4.13,683.0
2024-01-05 15:00:00,28.9,42,4.64,564.0
2024-01-05 16:00:00,27.9,43,4.88,391.0
2024-01-05 17:00:00,26.3,54,4.64,188.0
2024-01-05 18:00:00,24.5,76,4.34,26.0
2024-01-05 19:00:00,23.9,83,4.57,0.0
2024-01-05 20:00:00,23.2,85,4.46,0.0
2024-01-05 21:00:00,22.6,82,3.73,0.0
2024-01-05 22:00:00,21.8,80,2.92,0.0
2024-01-05 23:00:00,21.2,81,2.4,0.0
2024-01-06 00:00:00,20.5,83,2.21,0.0
2024-01-06 01:00:00,20.5,81,3.01,0.0
2024-01-06 02:00:00,20.7,73,3.42,0.0
2024-01-06 03:00:00,20.2,73,1.97,0.0
2024-01-06 04:00:00,19.7,75,1.94,0.0
2024-01-06 05:00:00,19.4,76,1.78,0.0
2024-01-06 06:00:00,20.7,76,2.2,0.0
2024-01-06 07:00:00,20.6,76,2.94,2.0
2024-01-06 08:00:00,22.4,70,3.01,92.0
2024-01-06 09:00:00,25.0,62,2.4,277.0
2024-01-06 10:00:00,27.9,54,2.21,475.0
2024-01-06 11:00:00,30.5,45,2.92,613.0
2024-01-06 12:00:00,31.7,35,3.4,701.0
2024-01-06 13:00:00,31.8,36,4.2,723.0
2024-01-06 14:00:00,30.8,38,5.94,630.0
2024-01-06 15:00:00,30.2,37,5.94,540.0
2024-01-06 16:00:00,29.4,39,5.47,378.0
2024-01-06 17:00:00,27.6,56,4.98,182.0
2024-01-06 18:00:00,26.2,60,4.52,25.0
2024-01-06 19:00:00,25.7,66,4.48,0.0
2024-01-06 20:00:00,25.3,65,4.43,0.0
2024-01-06 21:00:00,24.9,61,4.34,0.0
2024-01-06 22:00:00,24.3,63,4.08,0.0
2024-01-06 23:00:00,23.7,65,3.42,0.0
2024-01-07 00:00:00,23.1,67,2.4,0.0
2024-01-07 01:00:00,22.0,71,1.6,0.0
2024-01-07 02:00:00,21.7,74,2.04,0.0
2024-01-07 03:00:00,21.1,76,1.71,0.0
2024-01-07 04:00:00,20.9,76,1.91,0.0
2024-01-07 05:00:00,21.1,74,2.08,0.0
2024-01-07 06:00:00,21.6,74,1.82,0.0
2024-01-07 07:00:00,21.2,76,1.9,2.0
2024-01-07 08:00:00,22.6,70,2.8,82.0
2024-01-07 09:00:00,25.7,58,2.91,252.0
2024-01-07 10:00:00,28.4,48,2.22,361.0
2024-01-07 11:00:00,30.2,43,1.26,511.0
2024-01-07 12:00:00,31.4,40,1.0,699.0
2024-01-07 13:00:00,31.7,39,1.98,715.0
2024-01-07 14:00:00,30.7,47,3.85,655.0
2024-01-07 15:00:00,29.5,52,4.61,532.0
2024-01-07 16:00:00,28.5,56,4.31,358.0
2024-01-07 17:00:00,27.6,61,4.06,176.0
2024-01-07 18:00:00,25.7,72,4.55,26.0
2024-01-07 19:00:00,25.0,75,4.81,0.0
2024-01-07 20:00:00,24.9,73,4.12,0.0
2024-01-07 21:00:00,24.6,72,3.61,0.0
2024-01-07 22:00:00,24.3,68,2.15,0.0
2024-01-07 23:00:00,23.1,73,1.91,0.0
2024-01-08 00:00:00,23.1,71,1.51,0.0
2024-01-08 01:00:00,22.9,73,1.7,0.0
2024-01-08 02:00:00,22.3,76,1.84,0.0
2024-01-08 03:00:00,21.9,78,1.61,0.0
2024-01-08 04:00:00,21.8,77,1.56,0.0
2024-01-08 05:00:00,21.5,77,1.94,0.0
2024-01-08 06:00:00,22.0,77,2.51,0.0
2024-01-08 07:00:00,21.9,75,2.97,2.0
2024-01-08 08:00:00,24.5,63,3.77,93.0
2024-01-08 09:00:00,28.2,45,4.04,282.0
2024-01-08 10:00:00,30.1,38,4.53,469.0
2024-01-08 11:00:00,31.5,35,3.72,610.0
2024-01-08 12:00:00,32.5,34,2.62,692.0
2024-01-08 13:00:00,32.9,34,1.82,717.0
2024-01-08 14:00:00,32.8,35,2.51,653.0
2024-01-08 15:00:00,31.8,37,4.41,532.0
2024-01-08 16:00:00,30.2,42,4.9,354.0
2024-01-08 17:00:00,29.3,46,3.38,176.0
2024-01-08 18:00:00,27.6,57,4.38,26.0
2024-01-08 19:00:00,26.9,57,4.58,0.0
2024-01-08 20:00:00,26.6,59,4.49,0.0
2024-01-08 21:00:00,26.2,56,3.4,0.0
2024-01-08 22:00:00,25.8,57,3.23,0.0
2024-01-08 23:00:00,25.5,59,2.15,0.0
2024-01-09 00:00:00,25.4,60,0.81,0.0
2024-01-09 01:00:00,24.5,65,2.52,0.0
2024-01-09 02:00:00,24.0,72,2.41,0.0
2024-01-09 03:00:00,23.4,75,1.91,0.0
2024-01-09 04:00:00,23.4,78,1.92,0.0
2024-01-09 05:00:00,23.4,77,1.9,0.0
2024-01-09 06:00:00,22.8,81,2.21,0.0
2024-01-09 07:00:00,24.1,79,1.39,1.0
2024-01-09 08:00:00,26.0,76,1.22,86.0
2024-01-09 09:00:00,27.5,70,0.5,270.0
2024-01-09 10:00:00,29.0,60,0.98,452.0
2024-01-09 11:00:00,30.3,51,1.55,573.0
2024-01-09 12:00:00,30.7,49,1.64,633.0
2024-01-09 13:00:00,30.6,52,2.26,566.0
2024-01-09 14:00:00,30.3,54,3.2,556.0
2024-01-09 15:00:00,29.3,56,2.86,420.0
2024-01-09 16:00:00,28.9,58,2.88,255.0
2024-01-09 17:00:00,26.6,71,3.54,129.0
2024-01-09 18:00:00,26.6,71,0.61,23.0
2024-01-09 19:00:00,25.7,76,1.75,0.0
2024-01-09 20:00:00,24.8,81,2.81,0.0
2024-01-09 21:00:00,24.5,82,2.21,0.0
2024-01-09 22:00:00,24.0,86,2.14,0.0
2024-01-09 23:00:00,23.5,89,1.3,0.0
2024-01-10 00:00:00,23.3,89,1.5,0.0
2024-01-10 01:00:00,23.0,89,1.7,0.0
2024-01-10 02:00:00,22.8,89,1.4,0.0
2024-01-10 03:00:00,22.9,86,2.62,0.0
2024-01-10 04:00:00,22.4,84,2.86,0.0
2024-01-10 05:00:00,21.9,88,2.94,0.0
2024-01-10 06:00:00,22.5,80,1.49,0.0
2024-01-10 07:00:00,22.5,81,2.2,1.0
2024-01-10 08:00:00,23.7,77,2.77,83.0
2024-01-10 09:00:00,26.1,66,2.5,261.0
2024-01-10 10:00:00,28.8,50,2.42,448.0
2024-01-10 11:00:00,30.5,45,1.71,595.0
2024-01-10 12:00:00,29.7,52,3.2,602.0
2024-01-10 13:00:00,29.5,51,0.36,572.0
2024-01-10 14:00:00,29.1,54,0.95,454.0
2024-01-10 15:00:00,29.0,56,2.15,457.0
2024-01-10 16:00:00,28.6,59,1.79,288.0
2024-01-10 17:00:00,28.1,61,2.06,162.0
2024-01-10 18:00:00,27.2,63,2.12,27.0
2024-01-10 19:00:00,26.2,70,2.16,0.0
2024-01-10 20:00:00,25.7,74,2.27,0.0
2024-01-10 21:00:00,25.3,78,2.91,0.0
2024-01-10 22:00:00,25.1,79,3.01,0.0
2024-01-10 23:00:00,24.6,80,2.64,0.0
2024-01-11 00:00:00,24.4,77,2.67,0.0
2024-01-11 01:00:00,24.1,77,1.84,0.0
2024-01-11 02:00:00,23.6,80,1.87,0.0
2024-01-11 03:00:00,23.5,81,0.67,0.0
2024-01-11 04:00:00,23.0,89,2.82,0.0
2024-01-11 05:00:00,22.6,88,1.7,0.0
2024-01-11 06:00:00,23.5,81,1.58,0.0
2024-01-11 07:00:00,23.3,81,2.27,2.0
2024-01-11 08:00:00,24.8,75,2.83,78.0
2024-01-11 09:00:00,27.5,63,2.48,238.0
2024-01-11 10:00:00,30.0,50,2.7,415.0
2024-01-11 11:00:00,31.6,42,2.33,561.0
2024-01-11 12:00:00,32.4,40,1.33,682.0
2024-01-11 13:00:00,32.8,40,1.56,710.0
2024-01-11 14:00:00,32.3,47,3.09,663.0
2024-01-11 15:00:00,31.2,54,4.36,538.0
2024-01-11 16:00:00,30.2,55,4.74,374.0
2024-01-11 17:00:00,29.1,61,4.02,188.0
2024-01-11 18:00:00,27.5,64,4.66,30.0
2024-01-11 19:00:00,27.0,67,4.88,0.0
2024-01-11 20:00:00,26.6,70,4.78,0.0
2024-01-11 21:00:00,26.3,66,4.63,0.0
2024-01-11 22:00:00,26.1,64,4.22,0.0
2024-01-11 23:00:00,25.7,64,3.45,0.0
2024-01-12 00:00:00,25.3,66,3.01,0.0
2024-01-12 01:00:00,25.0,68,2.83,0.0
2024-01-12 02:00:00,24.7,68,2.63,0.0
2024-01-12 03:00:00,24.3,69,2.28,0.0
2024-01-12 04:00:00,23.7,71,2.01,0.0
2024-01-12 05:00:00,23.1,73,1.94,0.0
2024-01-12 06:00:00,23.3,80,2.39,0.0
2024-01-12 07:00:00,22.8,83,2.05,2.0
2024-01-12 08:00:00,24.2,78,2.56,91.0
2024-01-12 09:00:00,27.4,66,2.06,281.0
2024-01-12 10:00:00,31.0,51,2.12,471.0
2024-01-12 11:00:00,32.8,43,1.61,620.0
2024-01-12 12:00:00,33.9,36,0.63,711.0
2024-01-12 13:00:00,34.2,34,1.5,732.0
2024-01-12 14:00:00,33.3,45,3.26,664.0
2024-01-12 15:00:00,32.3,51,3.68,556.0
2024-01-12 16:00:00,30.9,54,3.78,390.0
2024-01-12 17:00:00,29.1,61,3.61,197.0
2024-01-12 18:00:00,27.5,65,4.49,33.0
2024-01-12 19:00:00,27.1,67,5.1,0.0
2024-01-12 20:00:00,27.0,62,5.06,0.0
2024-01-12 21:00:00,26.8,59,4.71,0.0
2024-01-12 22:00:00,26.1,61,4.2,0.0
2024-01-12 23:00:00,25.2,63,3.68,0.0
2024-01-13 00:00:00,24.8,66,3.09,0.0
2024-01-13 01:00:00,24.3,68,2.33,0.0
2024-01-13 02:00:00,22.9,76,2.35,0.0
2024-01-13 03:00:00,22.1,80,2.55,0.0
2024-01-13 04:00:00,21.5,83,2.34,0.0
2024-01-13 05:00:00,20.9,86,2.25,0.0
2024-01-13 06:00:00,21.0,87,1.66,0.0
2024-01-13 07:00:00,20.7,89,1.64,2.0
2024-01-13 08:00:00,23.3,77,1.22,94.0
2024-01-13 09:00:00,26.9,61,1.1,289.0
2024-01-13 10:00:00,30.3,46,1.22,483.0
2024-01-13 11:00:00,32.4,38,1.56,634.0
2024-01-13 12:00:00,32.9,40,2.36,723.0
2024-01-13 13:00:00,32.7,45,3.83,743.0
2024-01-13 14:00:00,32.6,41,4.72,691.0
2024-01-13 15:00:00,32.0,43,5.02,573.0
2024-01-13 16:00:00,30.9,52,5.12,394.0
2024-01-13 17:00:00,29.5,61,5.06,196.0
2024-01-13 18:00:00,27.5,64,3.71,33.0
2024-01-13 19:00:00,26.8,62,3.89,0.0
2024-01-13 20:00:00,26.4,61,3.96,0.0
2024-01-13 21:00:00,26.1,59,3.67,0.0
2024-01-13 22:00:00,25.6,55,3.31,0.0
2024-01-13 23:00:00,24.9,55,2.16,0.0
2024-01-14 00:00:00,22.9,63,2.25,0.0
2024-01-14 01:00:00,22.3,66,2.15,0.0
2024-01-14 02:00:00,22.3,65,1.68,0.0
2024-01-14 03:00:00,22.6,65,2.28,0.0
2024-01-14 04:00:00,22.5,64,2.43,0.0
2024-01-14 05:00:00,22.1,64,2.0,0.0
2024-01-14 06:00:00,22.2,66,1.8,0.0
2024-01-14 07:00:00,21.2,72,1.77,2.0
2024-01-14 08:00:00,23.7,64,1.93,94.0
2024-01-14 09:00:00,27.0,53,1.7,288.0
2024-01-14 10:00:00,29.9,41,2.42,480.0
2024-01-14 11:00:00,31.8,32,2.55,632.0
2024-01-14 12:00:00,32.7,31,2.88,723.0
2024-01-14 13:00:00,32.4,37,4.25,744.0
2024-01-14 14:00:00,31.8,39,5.3,693.0
2024-01-14 15:00:00,31.3,38,5.48,576.0
2024-01-14 16:00:00,30.5,41,5.41,405.0
2024-01-14 17:00:00,28.9,46,4.84,204.0
2024-01-14 18:00:00,27.4,44,5.12,35.0
2024-01-14 19:00:00,26.5,43,4.98,0.0
2024-01-14 20:00:00,25.8,41,4.82,0.0
2024-01-14 21:00:00,25.1,39,4.5,0.0
2024-01-14 22:00:00,24.6,38,3.98,0.0
2024-01-14 23:00:00,24.2,38,3.55,0.0
2024-01-15 00:00:00,23.7,39,3.22,0.0
2024-01-15 01:00:00,23.3,39,3.18,0.0
2024-01-15 02:00:00,22.8,39,3.09,0.0
2024-01-15 03:00:00,22.3,40,2.95,0.0
2024-01-15 04:00:00,21.7,41,2.66,0.0
2024-01-15 05:00:00,21.1,42,2.42,0.0
2024-01-15 06:00:00,20.3,46,2.08,0.0
2024-01-15 07:00:00,20.0,47,2.06,2.0
2024-01-15 08:00:00,22.3,43,2.75,98.0
2024-01-15 09:00:00,25.3,36,2.11,300.0
2024-01-15 10:00:00,27.7,29,2.64,499.0
2024-01-15 11:00:00,29.1,27,2.61,654.0
2024-01-15 12:00:00,30.0,26,2.95,748.0
2024-01-15 13:00:00,30.1,27,3.96,769.0
2024-01-15 14:00:00,29.4,32,5.17,717.0
2024-01-15 15:00:00,28.4,35,5.8,597.0
2024-01-15 16:00:00,27.5,36,5.81,423.0
2024-01-15 17:00:00,26.3,40,5.36,216.0
2024-01-15 18:00:00,25.0,47,4.94,38.0
2024-01-15 19:00:00,24.3,51,4.83,0.0
2024-01-15 20:00:00,23.9,52,4.62,0.0
2024-01-15 21:00:00,23.2,56,4.05,0.0
2024-01-15 22:00:00,22.5,62,3.22,0.0
2024-01-15 23:00:00,21.1,67,1.94,0.0
2024-01-16 00:00:00,19.5,65,1.61,0.0
2024-01-16 01:00:00,18.3,65,2.46,0.0
2024-01-16 02:00:00,18.8,61,2.06,0.0
2024-01-16 03:00:00,18.6,60,2.15,0.0
2024-01-16 04:00:00,18.4,61,2.06,0.0
2024-01-16 05:00:00,17.7,64,1.87,0.0
2024-01-16 06:00:00,18.3,68,1.9,0.0
2024-01-16 07:00:00,18.1,69,1.71,2.0
2024-01-16 08:00:00,20.1,60,2.25,98.0
2024-01-16 09:00:00,22.9,49,1.89,300.0
2024-01-16 10:00:00,25.7,39,2.2,503.0
2024-01-16 11:00:00,27.5,34,2.47,659.0
2024-01-16 12:00:00,28.4,33,3.19,752.0
2024-01-16 13:00:00,28.4,38,4.26,773.0
2024-01-16 14:00:00,27.7,43,4.83,721.0
2024-01-16 15:00:00,27.1,44,4.72,601.0
2024-01-16 16:00:00,26.4,48,4.44,426.0
2024-01-16 17:00:00,25.2,56,4.6,218.0
2024-01-16 18:00:00,23.9,63,4.2,39.0
2024-01-16 19:00:00,23.3,66,3.71,0.0
2024-01-16 20:00:00,22.6,67,3.27,0.0
2024-01-16 21:00:00,21.9,70,2.75,0.0
2024-01-16 22:00:00,20.7,74,1.87,0.0
2024-01-16 23:00:00,19.2,75,1.75,0.0
2024-01-17 00:00:00,17.9,77,2.47,0.0
2024-01-17 01:00:00,17.8,74,2.0,0.0
2024-01-17 02:00:00,17.5,72,1.92,0.0
2024-01-17 03:00:00,16.6,75,2.15,0.0
2024-01-17 04:00:00,16.6,74,2.06,0.0
2024-01-17 05:00:00,17.1,69,1.71,0.0
2024-01-17 06:00:00,17.9,74,1.92,0.0
2024-01-17 07:00:00,18.4,72,1.84,2.0
2024-01-17 08:00:00,20.5,66,2.33,94.0
2024-01-17 09:00:00,23.2,57,1.84,286.0
2024-01-17 10:00:00,25.7,49,2.11,495.0
2024-01-17 11:00:00,27.1,44,2.3,648.0
2024-01-17 12:00:00,27.6,47,3.11,740.0
2024-01-17 13:00:00,27.5,49,3.98,761.0
2024-01-17 14:00:00,27.0,50,4.3,712.0
2024-01-17 15:00:00,26.6,52,4.07,594.0
2024-01-17 16:00:00,26.0,55,4.12,420.0
2024-01-17 17:00:00,24.9,61,3.66,215.0
2024-01-17 18:00:00,23.7,67,3.4,40.0
2024-01-17 19:00:00,23.2,68,2.91,0.0
2024-01-17 20:00:00,22.6,70,2.25,0.0
2024-01-17 21:00:00,21.9,74,1.93,0.0
2024-01-17 22:00:00,21.0,78,1.7,0.0
2024-01-17 23:00:00,20.0,81,1.64,0.0
2024-01-18 00:00:00,19.3,77,1.89,0.0
2024-01-18 01:00:00,18.4,78,1.61,0.0
2024-01-18 02:00:00,17.4,82,2.4,0.0
2024-01-18 03:00:00,17.0,83,2.42,0.0
2024-01-18 04:00:00,17.3,82,1.93,0.0
2024-01-18 05:00:00,17.4,83,1.71,0.0
2024-01-18 06:00:00,17.4,87,0.86,0.0
2024-01-18 07:00:00,17.7,85,0.89,1.0
2024-01-18 08:00:00,19.6,78,1.22,85.0
2024-01-18 09:00:00,23.0,65,0.72,274.0
2024-01-18 10:00:00,25.3,53,1.22,486.0
2024-01-18 11:00:00,26.9,44,1.25,642.0
2024-01-18 12:00:00,27.8,41,1.43,737.0
2024-01-18 13:00:00,27.9,43,3.03,761.0
2024-01-18 14:00:00,27.1,49,4.59,712.0
2024-01-18 15:00:00,26.7,49,4.52,594.0
2024-01-18 16:00:00,26.0,51,4.62,421.0
2024-01-18 17:00:00,25.1,54,4.74,216.0
2024-01-18 18:00:00,23.8,59,4.19,41.0
2024-01-18 19:00:00,23.5,60,4.19,0.0
2024-01-18 20:00:00,23.2,61,3.98,0.0
2024-01-18 21:00:00,22.5,66,3.67,0.0
2024-01-18 22:00:00,21.6,73,2.79,0.0
2024-01-18 23:00:00,20.5,75,1.94,0.0
2024-01-19 00:00:00,19.0,78,1.7,0.0
2024-01-19 01:00:00,18.2,81,2.28,0.0
2024-01-19 02:00:00,18.2,81,2.06,0.0
2024-01-19 03:00:00,17.6,84,2.22,0.0
2024-01-19 04:00:00,17.2,85,2.39,0.0
2024-01-19 05:00:00,17.0,84,2.13,0.0
2024-01-19 06:00:00,16.9,86,1.84,0.0
2024-01-19 07:00:00,16.7,87,1.56,2.0
2024-01-19 08:00:00,19.2,75,1.27,93.0
2024-01-19 09:00:00,22.6,62,0.99,292.0
2024-01-19 10:00:00,25.4,50,0.67,493.0
2024-01-19 11:00:00,27.1,44,0.7,651.0
2024-01-19 12:00:00,27.7,44,2.11,746.0
2024-01-19 13:00:00,27.7,47,3.21,772.0
2024-01-19 14:00:00,27.6,48,3.64,722.0
2024-01-19 15:00:00,27.4,49,3.53,603.0
2024-01-19 16:00:00,26.8,52,3.55,428.0
2024-01-19 17:00:00,25.7,57,3.54,221.0
2024-01-19 18:00:00,23.8,74,3.68,42.0
2024-01-19 19:00:00,23.2,78,3.16,0.0
2024-01-19 20:00:00,22.5,81,2.33,0.0
2024-01-19 21:00:00,21.9,85,2.16,0.0
2024-01-19 22:00:00,21.3,85,1.9,0.0
2024-01-19 23:00:00,20.5,83,1.73,0.0
2024-01-20 00:00:00,19.6,84,2.31,0.0
2024-01-20 01:00:00,18.9,86,2.62,0.0
2024-01-20 02:00:00,19.4,81,1.81,0.0
2024-01-20 03:00:00,19.5,76,2.51,0.0
2024-01-20 04:00:00,19.2,74,2.71,0.0
2024-01-20 05:00:00,18.9,73,2.6,0.0
2024-01-20 06:00:00,18.2,91,1.84,0.0
2024-01-20 07:00:00,18.2,89,1.84,1.0
2024-01-20 08:00:00,19.7,83,1.91,88.0
2024-01-20 09:00:00,22.3,78,1.64,268.0
2024-01-20 10:00:00,25.3,66,1.2,480.0
2024-01-20 11:00:00,27.2,54,1.22,643.0
2024-01-20 12:00:00,28.2,47,2.69,741.0
2024-01-20 13:00:00,28.4,45,4.66,766.0
2024-01-20 14:00:00,28.0,46,6.01,719.0
2024-01-20 15:00:00,27.5,45,6.1,604.0
2024-01-20 16:00:00,26.8,47,5.86,431.0
2024-01-20 17:00:00,25.6,53,5.51,224.0
2024-01-20 18:00:00,24.1,61,5.46,43.0
2024-01-20 19:00:00,23.7,62,5.16,0.0
2024-01-20 20:00:00,23.3,61,4.92,0.0
2024-01-20 21:00:00,22.7,61,4.3,0.0
2024-01-20 22:00:00,22.2,56,3.41,0.0
2024-01-20 23:00:00,21.7,53,2.86,0.0
2024-01-21 00:00:00,21.2,54,2.98,0.0
2024-01-21 01:00:00,21.1,53,3.72,0.0
2024-01-21 02:00:00,21.0,52,4.02,0.0
2024-01-21 03:00:00,20.6,53,3.34,0.0
2024-01-21 04:00:00,20.0,54,2.45,0.0
2024-01-21 05:00:00,19.1,58,1.9,0.0
2024-01-21 06:00:00,18.0,65,1.79,0.0
2024-01-21 07:00:00,17.5,69,1.66,2.0
2024-01-21 08:00:00,20.0,62,2.14,99.0
2024-01-21 09:00:00,22.8,55,1.98,303.0
2024-01-21 10:00:00,25.9,47,2.19,503.0
2024-01-21 11:00:00,28.5,39,1.58,660.0
2024-01-21 12:00:00,29.9,35,0.73,756.0
2024-01-21 13:00:00,30.2,36,1.99,779.0
2024-01-21 14:00:00,29.4,46,4.07,730.0
2024-01-21 15:00:00,28.6,47,5.1,612.0
2024-01-21 16:00:00,28.1,44,4.89,435.0
2024-01-21 17:00:00,27.1,51,4.48,228.0
2024-01-21 18:00:00,25.6,57,4.21,45.0
2024-01-21 19:00:00,24.7,60,3.83,0.0
2024-01-21 20:00:00,24.0,58,3.81,0.0
2024-01-21 21:00:00,23.9,51,3.85,0.0
2024-01-21 22:00:00,23.0,48,2.06,0.0
2024-01-21 23:00:00,20.9,53,2.56,0.0
2024-01-22 00:00:00,20.5,51,2.31,0.0
2024-01-22 01:00:00,20.1,53,1.81,0.0
2024-01-22 02:00:00,21.1,49,1.56,0.0
2024-01-22 03:00:00,19.1,56,2.12,0.0
2024-01-22 04:00:00,18.2,59,1.91,0.0
2024-01-22 05:00:00,17.3,64,2.12,0.0
2024-01-22 06:00:00,17.5,65,1.42,0.0
2024-01-22 07:00:00,17.6,69,1.36,2.0
2024-01-22 08:00:00,19.7,64,1.8,90.0
2024-01-22 09:00:00,23.1,54,1.17,288.0
2024-01-22 10:00:00,26.4,45,0.3,498.0
2024-01-22 11:00:00,28.7,38,0.22,655.0
2024-01-22 12:00:00,29.8,37,1.52,750.0
2024-01-22 13:00:00,29.5,41,3.6,774.0
2024-01-22 14:00:00,28.7,44,4.71,725.0
2024-01-22 15:00:00,28.2,44,4.83,607.0
2024-01-22 16:00:00,27.2,47,5.09,431.0
2024-01-22 17:00:00,26.1,52,4.63,226.0
2024-01-22 18:00:00,24.6,60,3.76,47.0
2024-01-22 19:00:00,23.8,63,3.61,0.0
2024-01-22 20:00:00,23.1,62,3.16,0.0
2024-01-22 21:00:00,22.7,59,3.64,0.0
2024-01-22 22:00:00,22.6,52,4.51,0.0
2024-01-22 23:00:00,22.3,45,4.0,0.0
2024-01-23 00:00:00,21.7,44,3.6,0.0
2024-01-23 01:00:00,21.3,43,3.61,0.0
2024-01-23 02:00:00,21.1,41,3.67,0.0
2024-01-23 03:00:00,20.8,39,3.7,0.0
2024-01-23 04:00:00,20.6,38,3.72,0.0
2024-01-23 05:00:00,20.2,37,3.42,0.0
2024-01-23 06:00:00,19.7,38,3.04,0.0
2024-01-23 07:00:00,19.4,39,2.98,2.0
2024-01-23 08:00:00,21.4,36,3.42,103.0
2024-01-23 09:00:00,24.4,30,2.85,314.0
2024-01-23 10:00:00,26.9,23,3.59,522.0
2024-01-23 11:00:00,28.7,18,3.95,685.0
2024-01-23 12:00:00,29.7,16,3.54,782.0
2024-01-23 13:00:00,29.7,19,4.39,807.0
2024-01-23 14:00:00,28.1,37,6.59,754.0
2024-01-23 15:00:00,27.3,40,6.89,630.0
2024-01-23 16:00:00,26.3,42,6.92,451.0
2024-01-23 17:00:00,25.3,45,6.5,241.0
2024-01-23 18:00:00,24.0,50,6.08,50.0
2024-01-23 19:00:00,23.5,54,5.98,0.0
2024-01-23 20:00:00,23.2,53,5.79,0.0
2024-01-23 21:00:00,22.7,53,5.57,0.0
2024-01-23 22:00:00,22.3,47,4.91,0.0
2024-01-23 23:00:00,21.9,44,4.8,0.0
2024-01-24 00:00:00,21.8,40,5.1,0.0
2024-01-24 01:00:00,21.6,35,5.3,0.0
2024-01-24 02:00:00,21.3,34,5.02,0.0
2024-01-24 03:00:00,20.8,35,4.34,0.0
2024-01-24 04:00:00,20.2,36,3.69,0.0
2024-01-24 05:00:00,19.7,38,3.35,0.0
2024-01-24 06:00:00,18.9,42,2.69,0.0
2024-01-24 07:00:00,18.5,44,2.59,2.0
2024-01-24 08:00:00,20.4,40,3.22,101.0
2024-01-24 09:00:00,23.2,35,3.06,308.0
2024-01-24 10:00:00,26.1,30,2.97,516.0
2024-01-24 11:00:00,28.5,25,2.62,678.0
2024-01-24 12:00:00,29.9,22,2.34,778.0
2024-01-24 13:00:00,30.6,21,2.31,804.0
2024-01-24 14:00:00,30.1,29,3.82,754.0
2024-01-24 15:00:00,28.8,39,5.3,633.0
2024-01-24 16:00:00,27.8,43,5.53,455.0
2024-01-24 17:00:00,26.1,49,5.56,242.0
2024-01-24 18:00:00,24.2,55,5.92,51.0
2024-01-24 19:00:00,23.5,56,5.31,0.0
2024-01-24 20:00:00,22.9,57,5.22,0.0
2024-01-24 21:00:00,22.5,51,4.87,0.0
2024-01-24 22:00:00,22.5,42,4.42,0.0
2024-01-24 23:00:00,22.1,38,3.41,0.0
2024-01-25 00:00:00,21.4,37,2.96,0.0
2024-01-25 01:00:00,20.3,39,2.2,0.0
2024-01-25 02:00:00,19.3,41,2.11,0.0
2024-01-25 03:00:00,19.0,41,2.16,0.0
2024-01-25 04:00:00,18.6,43,2.42,0.0
2024-01-25 05:00:00,18.3,44,2.48,0.0
2024-01-25 06:00:00,18.3,51,2.2,0.0
2024-01-25 07:00:00,18.0,53,2.28,2.0
2024-01-25 08:00:00,19.8,50,2.8,101.0
2024-01-25 09:00:00,23.0,44,2.2,307.0
2024-01-25 10:00:00,26.6,37,2.08,510.0
2024-01-25 11:00:00,29.2,32,1.44,670.0
2024-01-25 12:00:00,30.7,29,0.32,768.0
2024-01-25 13:00:00,31.2,28,1.32,794.0
2024-01-25 14:00:00,30.5,36,3.34,745.0
2024-01-25 15:00:00,29.6,39,3.99,626.0
2024-01-25 16:00:00,28.5,38,4.34,453.0
2024-01-25 17:00:00,27.1,40,3.92,243.0
2024-01-25 18:00:00,25.2,56,4.33,51.0
2024-01-25 19:00:00,24.5,57,4.3,0.0
2024-01-25 20:00:00,24.0,57,4.09,0.0
2024-01-25 21:00:00,23.7,51,4.33,0.0
2024-01-25 22:00:00,23.2,45,3.21,0.0
2024-01-25 23:00:00,20.4,52,2.55,0.0
2024-01-26 00:00:00,20.5,50,2.12,0.0
2024-01-26 01:00:00,21.0,47,1.68,0.0
2024-01-26 02:00:00,18.5,56,1.92,0.0
2024-01-26 03:00:00,17.5,60,2.22,0.0
2024-01-26 04:00:00,17.2,61,1.8,0.0
2024-01-26 05:00:00,17.3,61,2.13,0.0
2024-01-26 06:00:00,17.2,63,1.98,0.0
2024-01-26 07:00:00,17.0,64,1.77,2.0
2024-01-26 08:00:00,19.7,56,2.34,103.0
2024-01-26 09:00:00,23.8,47,1.92,311.0
2024-01-26 10:00:00,27.8,35,1.24,512.0
2024-01-26 11:00:00,30.7,26,0.5,675.0
2024-01-26 12:00:00,32.0,24,0.67,774.0
2024-01-26 13:00:00,31.9,28,2.52,799.0
2024-01-26 14:00:00,31.2,33,3.69,750.0
2024-01-26 15:00:00,30.5,34,4.03,631.0
2024-01-26 16:00:00,29.0,38,4.33,452.0
2024-01-26 17:00:00,27.2,48,4.06,229.0
2024-01-26 18:00:00,25.3,58,3.91,52.0
2024-01-26 19:00:00,24.3,60,4.03,0.0
2024-01-26 20:00:00,24.1,57,4.37,0.0
2024-01-26 21:00:00,24.0,48,4.2,0.0
2024-01-26 22:00:00,23.3,47,3.4,0.0
2024-01-26 23:00:00,21.3,50,1.87,0.0
2024-01-27 00:00:00,19.5,57,2.78,0.0
2024-01-27 01:00:00,18.7,60,2.77,0.0
2024-01-27 02:00:00,18.4,60,2.64,0.0
2024-01-27 03:00:00,18.3,59,2.42,0.0
2024-01-27 04:00:00,18.4,56,2.05,0.0
2024-01-27 05:00:00,18.6,55,2.28,0.0
2024-01-27 06:00:00,19.3,53,2.38,0.0
2024-01-27 07:00:00,19.3,53,2.28,2.0
2024-01-27 08:00:00,21.8,46,2.92,97.0
2024-01-27 09:00:00,25.8,39,2.37,300.0
2024-01-27 10:00:00,29.7,30,1.75,506.0
2024-01-27 11:00:00,31.9,26,1.71,667.0
2024-01-27 12:00:00,31.9,31,2.94,767.0
2024-01-27 13:00:00,32.5,34,2.83,794.0
2024-01-27 14:00:00,32.7,32,3.18,748.0
2024-01-27 15:00:00,32.2,32,3.67,632.0
2024-01-27 16:00:00,31.1,35,3.72,459.0
2024-01-27 17:00:00,28.8,45,3.55,248.0
2024-01-27 18:00:00,26.6,51,3.8,55.0
2024-01-27 19:00:00,25.3,57,4.11,0.0
2024-01-27 20:00:00,24.7,59,4.18,0.0
2024-01-27 21:00:00,24.2,56,4.49,0.0
2024-01-27 22:00:00,23.7,54,3.5,0.0
2024-01-27 23:00:00,22.2,51,2.15,0.0
2024-01-28 00:00:00,20.1,58,2.75,0.0
2024-01-28 01:00:00,19.8,58,2.27,0.0
2024-01-28 02:00:00,18.9,62,2.51,0.0
2024-01-28 03:00:00,18.4,63,2.5,0.0
2024-01-28 04:00:00,18.1,63,2.5,0.0
2024-01-28 05:00:00,17.5,65,2.69,0.0
2024-01-28 06:00:00,18.5,69,2.19,0.0
2024-01-28 07:00:00,18.6,69,1.57,2.0
2024-01-28 08:00:00,22.1,56,2.02,101.0
2024-01-28 09:00:00,26.4,46,1.5,307.0
2024-01-28 10:00:00,29.9,36,1.41,510.0
2024-01-28 11:00:00,32.0,28,1.02,670.0
2024-01-28 12:00:00,32.6,27,1.14,768.0
2024-01-28 13:00:00,32.7,28,3.1,795.0
2024-01-28 14:00:00,32.1,28,4.3,749.0
2024-01-28 15:00:00,31.2,30,4.74,634.0
2024-01-28 16:00:00,29.9,33,5.02,460.0
2024-01-28 17:00:00,28.0,44,4.84,249.0
2024-01-28 18:00:00,26.4,46,4.65,56.0
2024-01-28 19:00:00,25.7,47,4.9,0.0
2024-01-28 20:00:00,25.3,44,5.07,0.0
2024-01-28 21:00:00,24.9,42,4.67,0.0
2024-01-28 22:00:00,24.3,39,3.31,0.0
2024-01-28 23:00:00,22.6,38,1.89,0.0
2024-01-29 00:00:00,21.1,45,2.64,0.0
2024-01-29 01:00:00,20.8,46,2.22,0.0
2024-01-29 02:00:00,20.4,49,2.12,0.0
2024-01-29 03:00:00,20.6,51,2.06,0.0
2024-01-29 04:00:00,20.8,49,2.53,0.0
2024-01-29 05:00:00,20.7,47,2.61,0.0
2024-01-29 06:00:00,20.9,50,2.2,0.0
2024-01-29 07:00:00,19.7,53,1.88,2.0
2024-01-29 08:00:00,22.1,45,2.92,99.0
2024-01-29 09:00:00,26.2,35,2.25,302.0
2024-01-29 10:00:00,29.6,27,2.41,505.0
2024-01-29 11:00:00,31.3,26,3.3,664.0
2024-01-29 12:00:00,32.0,25,4.16,767.0
2024-01-29 13:00:00,32.0,28,4.98,793.0
2024-01-29 14:00:00,31.1,36,5.87,746.0
2024-01-29 15:00:00,30.2,41,6.22,629.0
2024-01-29 16:00:00,29.2,44,6.03,454.0
2024-01-29 17:00:00,27.6,50,5.35,245.0
2024-01-29 18:00:00,26.2,52,4.92,55.0
2024-01-29 19:00:00,25.6,48,4.78,0.0
2024-01-29 20:00:00,25.0,50,4.44,0.0
2024-01-29 21:00:00,24.5,49,4.18,0.0
2024-01-29 22:00:00,24.2,45,3.95,0.0
2024-01-29 23:00:00,23.6,44,3.4,0.0
2024-01-30 00:00:00,22.4,45,2.63,0.0
2024-01-30 01:00:00,21.4,47,2.43,0.0
2024-01-30 02:00:00,20.7,48,2.5,0.0
2024-01-30 03:00:00,20.7,50,2.82,0.0
2024-01-30 04:00:00,20.5,52,2.91,0.0
2024-01-30 05:00:00,20.2,53,2.6,0.0
2024-01-30 06:00:00,20.3,53,2.14,0.0
2024-01-30 07:00:00,19.6,57,1.9,2.0
2024-01-30 08:00:00,22.2,50,2.86,102.0
2024-01-30 09:00:00,25.9,42,2.72,307.0
2024-01-30 10:00:00,28.9,34,3.21,510.0
2024-01-30 11:00:00,30.6,29,2.93,669.0
2024-01-30 12:00:00,31.4,28,3.19,768.0
2024-01-30 13:00:00,31.3,32,4.62,795.0
2024-01-30 14:00:00,30.4,38,5.48,748.0
2024-01-30 15:00:00,29.6,37,5.66,632.0
2024-01-30 16:00:00,28.6,39,5.31,460.0
2024-01-30 17:00:00,27.0,48,5.28,251.0
2024-01-30 18:00:00,25.1,62,4.69,58.0
2024-01-30 19:00:00,24.2,67,4.43,0.0
2024-01-30 20:00:00,23.8,69,4.16,0.0
2024-01-30 21:00:00,23.3,68,3.9,0.0
2024-01-30 22:00:00,22.7,66,2.73,0.0
2024-01-30 23:00:00,20.8,67,1.63,0.0
2024-01-31 00:00:00,19.8,70,2.09,0.0
2024-01-31 01:00:00,19.2,71,1.8,0.0
2024-01-31 02:00:00,20.0,66,2.26,0.0
2024-01-31 03:00:00,20.2,68,2.81,0.0
2024-01-31 04:00:00,20.0,72,2.9,0.0
2024-01-31 05:00:00,20.0,76,3.11,0.0
2024-01-31 06:00:00,20.6,81,3.3,0.0
2024-01-31 07:00:00,20.2,83,3.06,2.0
2024-01-31 08:00:00,22.0,73,2.79,103.0
2024-01-31 09:00:00,24.9,61,2.11,309.0
2024-01-31 10:00:00,27.4,47,2.16,514.0
2024-01-31 11:00:00,29.0,41,2.61,676.0
2024-01-31 12:00:00,29.5,44,3.26,766.0
2024-01-31 13:00:00,29.3,51,4.12,795.0
2024-01-31 14:00:00,29.0,49,4.88,753.0
2024-01-31 15:00:00,28.3,46,5.39,640.0
2024-01-31 16:00:00,27.3,53,5.28,467.0
2024-01-31 17:00:00,26.1,62,4.95,256.0
2024-01-31 18:00:00,24.7,68,4.2,61.0
2024-01-31 19:00:00,24.0,67,4.0,0.0
2024-01-31 20:00:00,23.5,68,3.58,0.0
2024-01-31 21:00:00,23.0,67,2.85,0.0
2024-01-31 22:00:00,21.7,70,1.81,0.0
2024-01-31 23:00:00,19.9,75,2.45,0.0
2024-02-01 00:00:00,19.4,71,1.84,0.0
2024-02-01 01:00:00,18.9,70,1.72,0.0
2024-02-01 02:00:00,18.9,69,2.1,0.0
2024-02-01 03:00:00,19.8,70,1.9,0.0
2024-02-01 04:00:00,19.5,79,1.75,0.0
2024-02-01 05:00:00,18.9,83,1.77,0.0
2024-02-01 06:00:00,19.1,85,1.42,0.0
2024-02-01 07:00:00,19.4,83,1.5,2.0
2024-02-01 08:00:00,21.2,71,1.71,92.0
2024-02-01 09:00:00,24.1,65,1.3,274.0
2024-02-01 10:00:00,26.0,62,1.71,482.0
2024-02-01 11:00:00,27.6,52,2.77,646.0
2024-02-01 12:00:00,28.2,49,3.44,737.0
2024-02-01 13:00:00,28.1,50,4.7,763.0
2024-02-01 14:00:00,27.4,52,5.68,722.0
2024-02-01 15:00:00,27.0,55,5.64,625.0
2024-02-01 16:00:00,26.1,61,5.66,462.0
2024-02-01 17:00:00,25.0,67,5.09,256.0
2024-02-01 18:00:00,23.9,70,4.0,61.0
2024-02-01 19:00:00,23.2,76,4.16,0.0
2024-02-01 20:00:00,22.9,77,4.22,0.0
2024-02-01 21:00:00,22.7,79,3.91,0.0
2024-02-01 22:00:00,22.0,83,2.55,0.0
2024-02-01 23:00:00,20.7,91,1.66,0.0
2024-02-02 00:00:00,19.8,93,1.56,0.0
2024-02-02 01:00:00,19.3,93,1.56,0.0
2024-02-02 02:00:00,19.2,92,2.02,0.0
2024-02-02 03:00:00,19.3,92,2.28,0.0
2024-02-02 04:00:00,19.2,93,2.33,0.0
2024-02-02 05:00:00,18.9,94,2.01,0.0
2024-02-02 06:00:00,19.2,90,1.82,0.0
2024-02-02 07:00:00,19.1,90,1.72,2.0
2024-02-02 08:00:00,20.9,78,1.91,104.0
2024-02-02 09:00:00,23.7,63,2.0,311.0
2024-02-02 10:00:00,26.6,48,2.24,516.0
2024-02-02 11:00:00,28.7,39,2.09,678.0
2024-02-02 12:00:00,29.9,34,1.9,779.0
2024-02-02 13:00:00,30.1,37,3.47,808.0
2024-02-02 14:00:00,28.9,50,5.42,761.0
2024-02-02 15:00:00,28.4,48,5.75,643.0
2024-02-02 16:00:00,27.2,52,5.87,468.0
2024-02-02 17:00:00,26.2,56,5.69,258.0
2024-02-02 18:00:00,24.9,63,5.69,62.0
2024-02-02 19:00:00,24.4,69,5.37,0.0
2024-02-02 20:00:00,24.2,63,5.19,0.0
2024-02-02 21:00:00,23.9,62,5.1,0.0
2024-02-02 22:00:00,23.5,61,4.82,0.0
2024-02-02 23:00:00,23.2,60,4.1,0.0
2024-02-03 00:00:00,22.9,60,3.71,0.0
2024-02-03 01:00:00,22.7,59,3.14,0.0
2024-02-03 02:00:00,21.9,62,1.92,0.0
2024-02-03 03:00:00,20.9,65,1.84,0.0
2024-02-03 04:00:00,20.7,65,2.14,0.0
2024-02-03 05:00:00,20.2,66,2.19,0.0
2024-02-03 06:00:00,20.0,69,2.02,0.0
2024-02-03 07:00:00,20.0,69,1.97,2.0
2024-02-03 08:00:00,22.2,61,2.55,106.0
2024-02-03 09:00:00,25.9,50,2.41,314.0
2024-02-03 10:00:00,29.7,39,1.9,519.0
2024-02-03 11:00:00,32.4,30,1.71,682.0
2024-02-03 12:00:00,33.8,25,1.3,782.0
2024-02-03 13:00:00,34.2,24,0.32,810.0
2024-02-03 14:00:00,33.7,31,3.48,763.0
2024-02-03 15:00:00,33.0,32,4.18,645.0
2024-02-03 16:00:00,31.5,41,4.4,470.0
2024-02-03 17:00:00,29.4,46,4.41,260.0
2024-02-03 18:00:00,27.4,50,5.32,64.0
2024-02-03 19:00:00,26.7,53,5.98,0.0
2024-02-03 20:00:00,26.4,50,6.17,0.0
2024-02-03 21:00:00,26.3,48,5.87,0.0
2024-02-03 22:00:00,26.3,44,5.64,0.0
2024-02-03 23:00:00,25.6,47,3.13,0.0
2024-02-04 00:00:00,23.2,56,2.56,0.0
2024-02-04 01:00:00,22.8,57,1.8,0.0
2024-02-04 02:00:00,22.4,58,1.7,0.0
2024-02-04 03:00:00,21.3,62,2.01,0.0
2024-02-04 04:00:00,20.6,64,1.77,0.0
2024-02-04 05:00:00,20.3,66,1.61,0.0
2024-02-04 06:00:00,20.1,70,1.66,0.0
2024-02-04 07:00:00,20.1,69,1.49,3.0
2024-02-04 08:00:00,23.0,58,2.11,107.0
2024-02-04 09:00:00,26.8,48,1.57,314.0
2024-02-04 10:00:00,30.6,37,1.08,518.0
2024-02-04 11:00:00,32.9,31,0.2,679.0
2024-02-04 12:00:00,33.5,32,1.63,779.0
2024-02-04 13:00:00,33.4,35,3.0,807.0
2024-02-04 14:00:00,33.1,34,3.4,761.0
2024-02-04 15:00:00,32.6,35,3.3,646.0
2024-02-04 16:00:00,31.5,39,3.49,472.0
2024-02-04 17:00:00,29.4,48,3.64,262.0
2024-02-04 18:00:00,27.1,60,2.48,65.0
2024-02-04 19:00:00,25.8,67,2.58,0.0
2024-02-04 20:00:00,25.2,71,2.51,0.0
2024-02-04 21:00:00,24.8,73,2.6,0.0
2024-02-04 22:00:00,24.3,72,2.1,0.0
2024-02-04 23:00:00,23.6,69,2.36,0.0
2024-02-05 00:00:00,22.6,67,1.92,0.0
2024-02-05 01:00:00,21.8,68,2.36,0.0
2024-02-05 02:00:00,21.7,67,1.61,0.0
2024-02-05 03:00:00,21.8,69,1.92,0.0
2024-02-05 04:00:00,22.1,70,2.86,0.0
2024-02-05 05:00:00,22.2,68,2.97,0.0
2024-02-05 06:00:00,23.1,65,3.38,0.0
2024-02-05 07:00:00,23.0,63,2.93,3.0
2024-02-05 08:00:00,24.9,57,2.8,108.0
2024-02-05 09:00:00,27.9,48,2.31,316.0
2024-02-05 10:00:00,30.2,41,2.85,521.0
2024-02-05 11:00:00,31.5,40,3.36,684.0
2024-02-05 12:00:00,31.9,42,4.03,784.0
2024-02-05 13:00:00,32.2,40,4.68,814.0
2024-02-05 14:00:00,32.0,39,5.11,769.0
2024-02-05 15:00:00,31.5,40,5.1,653.0
2024-02-05 16:00:00,30.3,44,5.17,479.0
2024-02-05 17:00:00,28.6,53,4.78,268.0
2024-02-05 18:00:00,26.8,61,4.58,68.0
2024-02-05 19:00:00,26.2,58,4.3,0.0
2024-02-05 20:00:00,25.9,55,4.43,0.0
2024-02-05 21:00:00,25.8,50,3.91,0.0
2024-02-05 22:00:00,25.3,47,3.13,0.0
2024-02-05 23:00:00,23.7,49,1.87,0.0
2024-02-06 00:00:00,22.0,55,2.36,0.0
2024-02-06 01:00:00,21.2,57,2.04,0.0
2024-02-06 02:00:00,21.3,58,1.8,0.0
2024-02-06 03:00:00,21.5,59,2.31,0.0
2024-02-06 04:00:00,21.4,62,2.91,0.0
2024-02-06 05:00:00,21.5,65,3.69,0.0
2024-02-06 06:00:00,22.0,71,2.9,0.0
2024-02-06 07:00:00,21.1,69,2.1,3.0
2024-02-06 08:00:00,23.0,59,2.38,110.0
2024-02-06 09:00:00,26.5,49,2.42,320.0
2024-02-06 10:00:00,29.6,44,2.51,524.0
2024-02-06 11:00:00,31.5,41,2.28,686.0
2024-02-06 12:00:00,32.0,45,3.42,785.0
2024-02-06 13:00:00,31.5,52,4.74,813.0
2024-02-06 14:00:00,31.4,48,5.19,768.0
2024-02-06 15:00:00,31.0,45,5.17,655.0
2024-02-06 16:00:00,29.9,50,5.02,481.0
2024-02-06 17:00:00,28.2,59,4.84,269.0
2024-02-06 18:00:00,26.5,64,5.52,69.0
2024-02-06 19:00:00,25.9,67,5.1,0.0
2024-02-06 20:00:00,25.5,66,4.59,0.0
2024-02-06 21:00:00,25.4,61,4.65,0.0
2024-02-06 22:00:00,25.0,59,4.22,0.0
2024-02-06 23:00:00,24.4,61,3.67,0.0
2024-02-07 00:00:00,23.5,66,3.11,0.0
2024-02-07 01:00:00,22.9,67,3.55,0.0
2024-02-07 02:00:00,22.7,70,4.18,0.0
2024-02-07 03:00:00,22.4,74,4.12,0.0
2024-02-07 04:00:00,22.1,76,3.44,0.0
2024-02-07 05:00:00,21.4,77,2.51,0.0
2024-02-07 06:00:00,21.8,82,3.0,0.0
2024-02-07 07:00:00,21.7,82,2.9,3.0
2024-02-07 08:00:00,23.7,73,2.91,112.0
2024-02-07 09:00:00,26.6,58,2.8,323.0
2024-02-07 10:00:00,29.5,46,2.94,530.0
2024-02-07 11:00:00,31.3,42,3.31,694.0
2024-02-07 12:00:00,31.8,44,4.33,786.0
2024-02-07 13:00:00,32.2,43,5.23,821.0
2024-02-07 14:00:00,32.4,41,5.73,781.0
2024-02-07 15:00:00,31.3,46,5.87,667.0
2024-02-07 16:00:00,30.3,45,5.73,493.0
2024-02-07 17:00:00,28.2,55,5.82,278.0
2024-02-07 18:00:00,25.8,63,6.67,72.0
2024-02-07 19:00:00,25.8,53,6.58,0.0
2024-02-07 20:00:00,25.6,49,5.81,0.0
2024-02-07 21:00:00,25.4,45,5.66,0.0
2024-02-07 22:00:00,25.1,43,5.11,0.0
2024-02-07 23:00:00,24.7,46,4.72,0.0
2024-02-08 00:00:00,24.2,48,4.18,0.0
2024-02-08 01:00:00,23.6,50,3.83,0.0
2024-02-08 02:00:00,23.4,51,3.73,0.0
2024-02-08 03:00:00,23.1,51,3.42,0.0
2024-02-08 04:00:00,22.5,53,2.79,0.0
2024-02-08 05:00:00,21.8,55,2.5,0.0
2024-02-08 06:00:00,21.6,58,2.14,0.0
2024-02-08 07:00:00,20.9,62,1.92,3.0
2024-02-08 08:00:00,23.2,56,2.7,115.0
2024-02-08 09:00:00,26.1,47,2.72,328.0
2024-02-08 10:00:00,29.0,40,2.42,532.0
2024-02-08 11:00:00,31.1,35,2.57,702.0
2024-02-08 12:00:00,32.2,33,3.52,805.0
2024-02-08 13:00:00,32.0,40,5.16,833.0
2024-02-08 14:00:00,31.6,43,6.15,787.0
2024-02-08 15:00:00,30.5,44,6.8,670.0
2024-02-08 16:00:00,29.2,45,6.6,495.0
2024-02-08 17:00:00,28.0,52,5.83,279.0
2024-02-08 18:00:00,26.1,63,4.8,74.0
2024-02-08 19:00:00,25.1,66,5.56,0.0
2024-02-08 20:00:00,24.3,70,5.73,0.0
2024-02-08 21:00:00,23.9,68,5.79,0.0
2024-02-08 22:00:00,23.4,67,4.92,0.0
2024-02-08 23:00:00,22.8,67,3.51,0.0
2024-02-09 00:00:00,22.1,65,2.4,0.0
2024-02-09 01:00:00,21.0,65,1.8,0.0
2024-02-09 02:00:00,20.5,66,1.82,0.0
2024-02-09 03:00:00,20.4,67,2.38,0.0
2024-02-09 04:00:00,19.9,68,2.1,0.0
2024-02-09 05:00:00,19.0,68,1.8,0.0
2024-02-09 06:00:00,18.6,73,2.01,0.0
2024-02-09 07:00:00,19.3,74,1.84,4.0
2024-02-09 08:00:00,21.9,65,2.5,120.0
2024-02-09 09:00:00,25.1,52,2.1,338.0
2024-02-09 10:00:00,28.2,43,3.42,548.0
2024-02-09 11:00:00,30.2,36,4.43,713.0
2024-02-09 12:00:00,31.0,35,4.78,816.0
2024-02-09 13:00:00,31.1,38,5.23,847.0
2024-02-09 14:00:00,30.8,38,5.94,800.0
2024-02-09 15:00:00,30.2,38,6.16,682.0
2024-02-09 16:00:00,29.0,41,6.4,503.0
2024-02-09 17:00:00,27.5,48,5.99,285.0
2024-02-09 18:00:00,25.8,51,5.35,78.0
2024-02-09 19:00:00,24.8,53,5.46,0.0
2024-02-09 20:00:00,24.4,51,5.0,0.0
2024-02-09 21:00:00,24.1,42,4.61,0.0
2024-02-09 22:00:00,23.6,37,3.72,0.0
2024-02-09 23:00:00,22.8,37,3.3,0.0
2024-02-10 00:00:00,22.5,36,3.1,0.0
2024-02-10 01:00:00,21.9,37,2.33,0.0
2024-02-10 02:00:00,20.8,42,2.01,0.0
2024-02-10 03:00:00,21.0,43,2.22,0.0
2024-02-10 04:00:00,20.9,44,2.31,0.0
2024-02-10 05:00:00,20.2,47,2.0,0.0
2024-02-10 06:00:00,20.3,53,2.28,0.0
2024-02-10 07:00:00,20.8,55,3.18,4.0
2024-02-10 08:00:00,22.8,48,3.61,120.0
2024-02-10 09:00:00,25.9,39,2.81,338.0
2024-02-10 10:00:00,28.9,33,2.53,551.0
2024-02-10 11:00:00,30.7,29,3.4,719.0
2024-02-10 12:00:00,30.9,35,5.17,821.0
2024-02-10 13:00:00,30.3,41,6.16,851.0
2024-02-10 14:00:00,30.1,37,6.3,806.0
2024-02-10 15:00:00,29.6,34,6.54,690.0
2024-02-10 16:00:00,28.6,36,6.77,511.0
2024-02-10 17:00:00,27.2,44,6.26,292.0
2024-02-10 18:00:00,25.4,50,6.04,80.0
2024-02-10 19:00:00,24.7,47,5.48,0.0
2024-02-10 20:00:00,24.1,45,4.66,0.0
2024-02-10 21:00:00,23.6,40,4.3,0.0
2024-02-10 22:00:00,22.7,38,2.72,0.0
2024-02-10 23:00:00,20.6,42,2.19,0.0
2024-02-11 00:00:00,19.3,46,2.82,0.0
2024-02-11 01:00:00,18.6,48,2.63,0.0
2024-02-11 02:00:00,19.3,47,2.14,0.0
2024-02-11 03:00:00,20.4,45,3.42,0.0
2024-02-11 04:00:00,20.2,43,3.18,0.0
2024-02-11 05:00:00,19.2,43,2.32,0.0
2024-02-11 06:00:00,18.8,51,1.94,0.0
2024-02-11 07:00:00,18.3,54,1.75,4.0
2024-02-11 08:00:00,21.4,45,2.35,124.0
2024-02-11 09:00:00,25.5,36,2.22,345.0
2024-02-11 10:00:00,28.6,32,2.6,558.0
2024-02-11 11:00:00,30.5,29,3.14,726.0
2024-02-11 12:00:00,31.0,33,4.17,829.0
2024-02-11 13:00:00,30.6,38,5.23,857.0
2024-02-11 14:00:00,30.5,38,5.8,811.0
2024-02-11 15:00:00,29.8,36,6.17,693.0
2024-02-11 16:00:00,28.8,40,6.14,513.0
2024-02-11 17:00:00,27.3,47,5.77,292.0
2024-02-11 18:00:00,25.2,55,5.02,79.0
2024-02-11 19:00:00,24.4,55,4.74,0.0
2024-02-11 20:00:00,23.8,55,3.92,0.0
2024-02-11 21:00:00,23.1,55,3.23,0.0
2024-02-11 22:00:00,22.5,54,3.2,0.0
2024-02-11 23:00:00,22.0,49,3.26,0.0
2024-02-12 00:00:00,21.2,47,2.11,0.0
2024-02-12 01:00:00,19.0,54,2.73,0.0
2024-02-12 02:00:00,18.2,58,2.31,0.0
2024-02-12 03:00:00,17.9,60,1.9,0.0
2024-02-12 04:00:00,19.0,56,2.72,0.0
2024-02-12 05:00:00,19.9,56,3.49,0.0
2024-02-12 06:00:00,19.8,60,2.86,0.0
2024-02-12 07:00:00,20.0,65,2.9,4.0
2024-02-12 08:00:00,22.0,61,2.38,120.0
2024-02-12 09:00:00,25.1,54,1.8,335.0
2024-02-12 10:00:00,28.0,43,1.81,553.0
2024-02-12 11:00:00,30.3,35,1.58,711.0
2024-02-12 12:00:00,31.5,32,1.92,816.0
2024-02-12 13:00:00,31.5,37,3.32,845.0
2024-02-12 14:00:00,31.2,39,3.99,793.0
2024-02-12 15:00:00,30.9,35,4.17,682.0
2024-02-12 16:00:00,29.8,36,4.16,507.0
2024-02-12 17:00:00,27.9,48,3.55,289.0
2024-02-12 18:00:00,25.4,60,3.48,78.0
2024-02-12 19:00:00,24.0,66,3.28,0.0
2024-02-12 20:00:00,23.6,67,3.71,0.0
2024-02-12 21:00:00,23.2,66,2.97,0.0
2024-02-12 22:00:00,22.4,65,2.47,0.0
2024-02-12 23:00:00,22.0,61,2.69,0.0
2024-02-13 00:00:00,21.7,54,2.65,0.0
2024-02-13 01:00:00,21.3,49,3.01,0.0
2024-02-13 02:00:00,21.3,47,3.21,0.0
2024-02-13 03:00:00,20.5,47,2.2,0.0
2024-02-13 04:00:00,20.0,51,2.32,0.0
2024-02-13 05:00:00,19.8,56,2.5,0.0
2024-02-13 06:00:00,20.2,55,2.7,0.0
2024-02-13 07:00:00,20.1,57,2.53,5.0
2024-02-13 08:00:00,22.0,51,2.56,122.0
2024-02-13 09:00:00,25.5,40,1.99,339.0
2024-02-13 10:00:00,28.6,29,2.32,549.0
2024-02-13 11:00:00,30.9,22,2.47,718.0
2024-02-13 12:00:00,31.8,21,3.7,821.0
2024-02-13 13:00:00,31.1,32,5.24,847.0
2024-02-13 14:00:00,30.8,34,4.96,793.0
2024-02-13 15:00:00,30.2,32,5.39,672.0
2024-02-13 16:00:00,28.9,36,5.94,471.0
2024-02-13 17:00:00,27.1,48,6.18,253.0
2024-02-13 18:00:00,25.5,51,5.83,68.0
2024-02-13 19:00:00,25.1,45,5.16,0.0
2024-02-13 20:00:00,24.6,42,4.03,0.0
2024-02-13 21:00:00,24.2,38,4.06,0.0
2024-02-13 22:00:00,23.9,34,4.03,0.0
2024-02-13 23:00:00,23.5,32,3.61,0.0
2024-02-14 00:00:00,23.0,32,2.8,0.0
2024-02-14 01:00:00,22.2,34,2.4,0.0
2024-02-14 02:00:00,21.9,34,2.6,0.0
2024-02-14 03:00:00,21.5,37,2.81,0.0
2024-02-14 04:00:00,21.5,38,3.2,0.0
2024-02-14 05:00:00,21.4,39,3.31,0.0
2024-02-14 06:00:00,20.6,48,2.5,0.0
2024-02-14 07:00:00,20.6,49,2.7,5.0
2024-02-14 08:00:00,22.9,45,3.32,111.0
2024-02-14 09:00:00,25.9,40,3.21,308.0
2024-02-14 10:00:00,29.0,33,3.7,525.0
2024-02-14 11:00:00,31.5,26,4.1,707.0
2024-02-14 12:00:00,33.0,22,4.22,801.0
2024-02-14 13:00:00,32.6,29,5.06,837.0
2024-02-14 14:00:00,31.2,42,6.22,772.0
2024-02-14 15:00:00,30.7,44,6.59,662.0
2024-02-14 16:00:00,29.7,43,6.5,481.0
2024-02-14 17:00:00,28.1,46,5.92,281.0
2024-02-14 18:00:00,25.8,54,5.56,81.0
2024-02-14 19:00:00,25.2,51,5.65,0.0
2024-02-14 20:00:00,24.8,47,5.29,0.0
2024-02-14 21:00:00,24.6,41,4.95,0.0
2024-02-14 22:00:00,24.3,36,4.65,0.0
2024-02-14 23:00:00,24.1,32,3.9,0.0
2024-02-15 00:00:00,23.6,32,3.72,0.0
2024-02-15 01:00:00,23.3,35,4.11,0.0
2024-02-15 02:00:00,23.3,35,4.3,0.0
2024-02-15 03:00:00,23.3,35,4.52,0.0
2024-02-15 04:00:00,22.9,36,4.54,0.0
2024-02-15 05:00:00,22.3,37,3.7,0.0
2024-02-15 06:00:00,20.4,43,2.04,0.0
2024-02-15 07:00:00,20.1,48,1.75,5.0
2024-02-15 08:00:00,23.0,43,2.6,129.0
2024-02-15 09:00:00,26.4,38,2.3,351.0
2024-02-15 10:00:00,29.4,33,1.71,563.0
2024-02-15 11:00:00,31.7,29,1.75,728.0
2024-02-15 12:00:00,32.7,31,3.47,829.0
2024-02-15 13:00:00,32.4,37,4.75,856.0
2024-02-15 14:00:00,31.8,39,5.39,809.0
2024-02-15 15:00:00,30.9,38,5.8,691.0
2024-02-15 16:00:00,29.7,44,5.61,513.0
2024-02-15 17:00:00,28.1,55,5.28,295.0
2024-02-15 18:00:00,25.4,72,4.42,83.0
2024-02-15 19:00:00,24.9,69,4.65,0.0
2024-02-15 20:00:00,24.8,64,4.14,0.0
2024-02-15 21:00:00,24.5,57,2.91,0.0
2024-02-15 22:00:00,22.6,59,2.0,0.0
2024-02-15 23:00:00,24.4,53,0.85,0.0
2024-02-16 00:00:00,22.3,60,1.3,0.0
2024-02-16 01:00:00,21.5,67,1.98,0.0
2024-02-16 02:00:00,20.9,74,2.22,0.0
2024-02-16 03:00:00,21.4,73,1.88,0.0
2024-02-16 04:00:00,19.9,78,1.91,0.0
2024-02-16 05:00:00,19.7,79,1.56,0.0
2024-02-16 06:00:00,21.1,70,1.78,0.0
2024-02-16 07:00:00,20.8,74,1.75,5.0
2024-02-16 08:00:00,24.3,57,1.88,128.0
2024-02-16 09:00:00,28.0,44,1.44,345.0
2024-02-16 10:00:00,31.7,36,0.51,552.0
2024-02-16 11:00:00,33.5,32,1.34,718.0
2024-02-16 12:00:00,34.2,32,2.01,820.0
2024-02-16 13:00:00,34.5,31,2.64,841.0
2024-02-16 14:00:00,33.9,31,3.72,803.0
2024-02-16 15:00:00,32.9,34,4.1,687.0
2024-02-16 16:00:00,31.3,42,4.78,488.0
2024-02-16 17:00:00,29.8,47,3.96,295.0
2024-02-16 18:00:00,27.1,57,3.44,84.0
2024-02-16 19:00:00,25.9,64,2.64,0.0
2024-02-16 20:00:00,24.7,69,1.86,0.0
2024-02-16 21:00:00,24.2,67,2.06,0.0
2024-02-16 22:00:00,23.1,71,1.84,0.0
2024-02-16 23:00:00,23.3,65,1.61,0.0
2024-02-17 00:00:00,22.4,67,2.16,0.0
2024-02-17 01:00:00,21.5,70,1.8,0.0
2024-02-17 02:00:00,22.1,67,1.36,0.0
2024-02-17 03:00:00,20.5,73,1.86,0.0
2024-02-17 04:00:00,20.3,74,1.55,0.0
2024-02-17 05:00:00,19.7,76,1.9,0.0
2024-02-17 06:00:00,21.6,67,1.61,0.0
2024-02-17 07:00:00,21.9,67,1.71,6.0
2024-02-17 08:00:00,25.2,56,1.75,131.0
2024-02-17 09:00:00,28.8,45,0.54,352.0
2024-02-17 10:00:00,31.5,39,1.08,565.0
2024-02-17 11:00:00,33.0,37,1.43,731.0
2024-02-17 12:00:00,33.5,39,2.35,833.0
2024-02-17 13:00:00,33.4,41,3.4,861.0
2024-02-17 14:00:00,33.1,42,3.45,818.0
2024-02-17 15:00:00,32.5,43,3.59,709.0
2024-02-17 16:00:00,31.4,47,3.7,523.0
2024-02-17 17:00:00,29.7,54,4.02,306.0
2024-02-17 18:00:00,27.6,59,2.4,87.0
2024-02-17 19:00:00,25.9,70,1.97,0.0
2024-02-17 20:00:00,25.2,70,2.31,0.0
2024-02-17 21:00:00,25.0,68,3.0,0.0
2024-02-17 22:00:00,23.9,70,1.66,0.0
2024-02-17 23:00:00,22.9,60,2.8,0.0
2024-02-18 00:00:00,25.4,46,1.21,0.0
2024-02-18 01:00:00,24.8,48,1.08,0.0
2024-02-18 02:00:00,23.2,58,1.13,0.0
2024-02-18 03:00:00,21.2,68,1.55,0.0
2024-02-18 04:00:00,20.7,71,1.9,0.0
2024-02-18 05:00:00,21.0,76,2.83,0.0
2024-02-18 06:00:00,22.1,87,2.77,0.0
2024-02-18 07:00:00,21.6,83,2.19,6.0
2024-02-18 08:00:00,23.9,65,2.56,134.0
2024-02-18 09:00:00,28.2,50,2.22,356.0
2024-02-18 10:00:00,31.9,36,2.27,569.0
2024-02-18 11:00:00,34.1,25,2.61,739.0
2024-02-18 12:00:00,34.9,22,2.87,845.0
2024-02-18 13:00:00,34.7,28,4.44,875.0
2024-02-18 14:00:00,33.5,34,5.91,826.0
2024-02-18 15:00:00,32.7,32,6.02,709.0
2024-02-18 16:00:00,31.8,35,5.59,529.0
2024-02-18 17:00:00,30.5,40,5.16,306.0
2024-02-18 18:00:00,26.5,64,4.75,89.0
2024-02-18 19:00:00,25.7,65,4.9,0.0
2024-02-18 20:00:00,25.2,67,4.3,0.0
2024-02-18 21:00:00,24.6,71,3.54,0.0
2024-02-18 22:00:00,23.6,76,1.9,0.0
2024-02-18 23:00:00,21.5,79,2.22,0.0
2024-02-19 00:00:00,20.7,77,2.52,0.0
2024-02-19 01:00:00,20.4,73,2.28,0.0
2024-02-19 02:00:00,19.8,72,2.06,0.0
2024-02-19 03:00:00,19.4,71,2.2,0.0
2024-02-19 04:00:00,19.5,68,2.22,0.0
2024-02-19 05:00:00,20.0,64,2.04,0.0
2024-02-19 06:00:00,22.8,62,2.83,0.0
2024-02-19 07:00:00,22.4,63,2.2,7.0
2024-02-19 08:00:00,24.8,54,2.25,138.0
2024-02-19 09:00:00,28.2,43,1.53,364.0
2024-02-19 10:00:00,30.9,33,1.22,580.0
2024-02-19 11:00:00,31.7,34,3.31,749.0
2024-02-19 12:00:00,31.7,36,4.66,851.0
2024-02-19 13:00:00,32.3,28,5.38,883.0
2024-02-19 14:00:00,32.2,27,5.66,837.0
2024-02-19 15:00:00,31.7,28,5.73,716.0
2024-02-19 16:00:00,30.5,33,5.45,532.0
2024-02-19 17:00:00,28.9,41,4.97,309.0
2024-02-19 18:00:00,27.0,44,5.08,93.0
2024-02-19 19:00:00,25.9,47,4.29,1.0
2024-02-19 20:00:00,25.3,49,4.18,0.0
2024-02-19 21:00:00,24.9,48,4.14,0.0
2024-02-19 22:00:00,24.3,51,3.77,0.0
2024-02-19 23:00:00,23.8,57,3.94,0.0
2024-02-20 00:00:00,23.3,65,3.99,0.0
2024-02-20 01:00:00,22.9,70,3.45,0.0
2024-02-20 02:00:00,22.4,72,3.01,0.0
2024-02-20 03:00:00,21.8,73,2.35,0.0
2024-02-20 04:00:00,21.0,76,1.93,0.0
2024-02-20 05:00:00,20.3,76,1.92,0.0
2024-02-20 06:00:00,20.4,90,1.53,0.0
2024-02-20 07:00:00,20.5,85,1.63,7.0
2024-02-20 08:00:00,23.7,71,2.47,137.0
2024-02-20 09:00:00,27.3,57,2.66,360.0
2024-02-20 10:00:00,30.1,40,3.11,573.0
2024-02-20 11:00:00,31.5,35,3.28,740.0
2024-02-20 12:00:00,31.4,41,4.97,843.0
2024-02-20 13:00:00,31.0,38,6.51,871.0
2024-02-20 14:00:00,30.9,35,7.02,828.0
2024-02-20 15:00:00,30.1,40,6.76,710.0
2024-02-20 16:00:00,29.1,44,6.38,527.0
2024-02-20 17:00:00,27.7,53,5.91,306.0
2024-02-20 18:00:00,26.1,53,5.25,90.0
2024-02-20 19:00:00,25.1,60,4.83,1.0
2024-02-20 20:00:00,24.4,67,4.03,0.0
2024-02-20 21:00:00,23.8,72,3.23,0.0
2024-02-20 22:00:00,23.1,78,2.42,0.0
2024-02-20 23:00:00,21.9,87,1.63,0.0
2024-02-21 00:00:00,20.6,91,1.7,0.0
2024-02-21 01:00:00,20.1,84,1.43,0.0
2024-02-21 02:00:00,19.5,81,1.49,0.0
2024-02-21 03:00:00,19.3,80,1.42,0.0
2024-02-21 04:00:00,19.3,80,1.41,0.0
2024-02-21 05:00:00,19.9,80,1.49,0.0
2024-02-21 06:00:00,20.8,93,1.36,0.0
2024-02-21 07:00:00,21.2,91,1.56,6.0
2024-02-21 08:00:00,23.3,80,2.06,114.0
2024-02-21 09:00:00,25.4,76,1.72,254.0
2024-02-21 10:00:00,27.6,63,2.14,521.0
2024-02-21 11:00:00,28.5,57,3.36,665.0
2024-02-21 12:00:00,28.8,53,4.29,821.0
2024-02-21 13:00:00,28.7,54,4.61,868.0
2024-02-21 14:00:00,28.3,59,5.01,827.0
2024-02-21 15:00:00,27.8,60,5.37,705.0
2024-02-21 16:00:00,27.3,59,5.37,524.0
2024-02-21 17:00:00,26.3,67,4.8,304.0
2024-02-21 18:00:00,24.7,78,4.1,90.0
2024-02-21 19:00:00,24.3,83,3.28,1.0
2024-02-21 20:00:00,24.0,84,2.75,0.0
2024-02-21 21:00:00,23.8,85,2.44,0.0
2024-02-21 22:00:00,23.4,86,2.02,0.0
2024-02-21 23:00:00,22.9,89,1.56,0.0
2024-02-22 00:00:00,21.8,93,1.9,0.0
2024-02-22 01:00:00,21.6,94,1.26,0.0
2024-02-22 02:00:00,21.6,95,1.27,0.0
2024-02-22 03:00:00,21.2,96,1.39,0.0
2024-02-22 04:00:00,20.8,97,1.73,0.0
2024-02-22 05:00:00,20.5,99,1.96,0.0
2024-02-22 06:00:00,22.0,98,0.98,0.0
2024-02-22 07:00:00,22.2,97,1.55,7.0
2024-02-22 08:00:00,23.8,91,1.84,122.0
2024-02-22 09:00:00,26.0,75,2.47,324.0
2024-02-22 10:00:00,27.7,63,2.88,537.0
2024-02-22 11:00:00,28.6,58,3.56,707.0
2024-02-22 12:00:00,28.7,59,4.77,824.0
2024-02-22 13:00:00,28.4,61,5.39,864.0
2024-02-22 14:00:00,28.3,57,5.39,826.0
2024-02-22 15:00:00,27.7,58,5.44,712.0
2024-02-22 16:00:00,27.0,59,5.24,532.0
2024-02-22 17:00:00,25.9,66,4.95,311.0
2024-02-22 18:00:00,24.0,69,4.76,95.0
2024-02-22 19:00:00,23.4,71,4.08,1.0
2024-02-22 20:00:00,23.0,72,3.58,0.0
2024-02-22 21:00:00,22.6,76,3.05,0.0
2024-02-22 22:00:00,22.3,81,3.11,0.0
2024-02-22 23:00:00,21.9,86,3.22,0.0
2024-02-23 00:00:00,21.7,88,3.55,0.0
2024-02-23 01:00:00,21.7,89,3.3,0.0
2024-02-23 02:00:00,20.8,93,1.49,0.0
2024-02-23 03:00:00,19.6,94,1.25,0.0
2024-02-23 04:00:00,19.2,91,1.63,0.0
2024-02-23 05:00:00,18.7,88,1.94,0.0
2024-02-23 06:00:00,20.6,95,1.7,0.0
2024-02-23 07:00:00,20.5,94,2.62,7.0
2024-02-23 08:00:00,22.9,83,3.04,122.0
2024-02-23 09:00:00,24.8,70,3.05,352.0
2024-02-23 10:00:00,26.8,55,2.05,582.0
2024-02-23 11:00:00,29.0,42,2.06,753.0
2024-02-23 12:00:00,30.1,39,2.91,856.0
2024-02-23 13:00:00,30.2,44,4.39,885.0
2024-02-23 14:00:00,29.1,55,5.7,835.0
2024-02-23 15:00:00,29.0,47,6.65,716.0
2024-02-23 16:00:00,28.5,41,6.9,535.0
2024-02-23 17:00:00,27.7,39,6.49,314.0
2024-02-23 18:00:00,25.8,42,6.05,96.0
2024-02-23 19:00:00,25.1,46,5.22,1.0
2024-02-23 20:00:00,24.6,48,4.7,0.0
2024-02-23 21:00:00,24.1,48,4.71,0.0
2024-02-23 22:00:00,23.3,46,4.46,0.0
2024-02-23 23:00:00,22.1,39,3.22,0.0
2024-02-24 00:00:00,20.8,36,2.34,0.0
2024-02-24 01:00:00,19.8,39,2.02,0.0
2024-02-24 02:00:00,19.6,44,2.1,0.0
2024-02-24 03:00:00,19.9,48,2.8,0.0
2024-02-24 04:00:00,19.9,51,3.5,0.0
2024-02-24 05:00:00,20.2,50,4.0,0.0
2024-02-24 06:00:00,20.3,55,3.91,0.0
2024-02-24 07:00:00,20.2,56,3.71,9.0
2024-02-24 08:00:00,22.6,51,4.0,154.0
2024-02-24 09:00:00,25.7,44,4.23,386.0
2024-02-24 10:00:00,28.7,28,4.23,607.0
2024-02-24 11:00:00,30.8,19,3.81,780.0
2024-02-24 12:00:00,31.7,18,5.02,886.0
2024-02-24 13:00:00,31.8,21,5.71,913.0
2024-02-24 14:00:00,31.1,27,6.87,865.0
2024-02-24 15:00:00,30.4,26,7.64,743.0
2024-02-24 16:00:00,29.3,27,7.71,558.0
2024-02-24 17:00:00,28.1,28,7.07,328.0
2024-02-24 18:00:00,26.5,26,5.87,103.0
2024-02-24 19:00:00,25.2,29,4.75,1.0
2024-02-24 20:00:00,24.2,32,4.69,0.0
2024-02-24 21:00:00,23.5,29,4.51,0.0
2024-02-24 22:00:00,22.9,27,3.91,0.0
2024-02-24 23:00:00,22.4,26,3.82,0.0
2024-02-25 00:00:00,22.0,27,3.73,0.0
2024-02-25 01:00:00,21.6,26,3.44,0.0
2024-02-25 02:00:00,21.3,26,3.24,0.0
2024-02-25 03:00:00,21.1,25,3.54,0.0
2024-02-25 04:00:00,21.0,23,3.45,0.0
2024-02-25 05:00:00,19.6,25,2.24,0.0
2024-02-25 06:00:00,18.8,29,2.06,0.0
2024-02-25 07:00:00,19.0,30,2.16,10.0
2024-02-25 08:00:00,22.0,27,2.73,160.0
2024-02-25 09:00:00,25.7,22,2.79,397.0
2024-02-25 10:00:00,29.0,19,3.01,615.0
2024-02-25 11:00:00,31.5,15,2.42,782.0
2024-02-25 12:00:00,33.1,13,1.61,884.0
2024-02-25 13:00:00,33.7,13,2.2,910.0
2024-02-25 14:00:00,34.3,13,2.28,859.0
2024-02-25 15:00:00,31.9,31,5.28,734.0
2024-02-25 16:00:00,31.4,29,5.24,546.0
2024-02-25 17:00:00,29.8,35,5.03,320.0
2024-02-25 18:00:00,26.3,50,4.94,101.0
2024-02-25 19:00:00,25.3,50,4.62,1.0
2024-02-25 20:00:00,24.8,49,4.43,0.0
2024-02-25 21:00:00,24.5,45,4.02,0.0
2024-02-25 22:00:00,24.2,40,3.1,0.0
2024-02-25 23:00:00,22.4,39,1.77,0.0
2024-02-26 00:00:00,21.6,45,2.41,0.0
2024-02-26 01:00:00,23.7,38,1.02,0.0
2024-02-26 02:00:00,23.0,41,0.72,0.0
2024-02-26 03:00:00,19.6,56,1.9,0.0
2024-02-26 04:00:00,19.0,56,2.08,0.0
2024-02-26 05:00:00,18.5,53,2.11,0.0
2024-02-26 06:00:00,19.2,52,1.72,0.0
2024-02-26 07:00:00,20.3,48,2.25,10.0
2024-02-26 08:00:00,24.1,39,2.65,149.0
2024-02-26 09:00:00,29.0,32,1.82,374.0
2024-02-26 10:00:00,32.5,27,1.78,582.0
2024-02-26 11:00:00,34.3,25,2.41,741.0
2024-02-26 12:00:00,34.8,25,3.05,833.0
2024-02-26 13:00:00,34.4,27,3.89,860.0
2024-02-26 14:00:00,33.5,32,4.49,822.0
2024-02-26 15:00:00,32.3,36,4.8,699.0
2024-02-26 16:00:00,30.8,45,4.37,519.0
2024-02-26 17:00:00,29.0,58,4.08,300.0
2024-02-26 18:00:00,27.4,62,3.33,95.0
2024-02-26 19:00:00,26.4,65,3.56,1.0
2024-02-26 20:00:00,25.8,68,2.06,0.0
2024-02-26 21:00:00,24.8,68,1.26,0.0
2024-02-26 22:00:00,23.8,70,1.87,0.0
2024-02-26 23:00:00,25.3,64,1.06,0.0
2024-02-27 00:00:00,24.9,67,0.71,0.0
2024-02-27 01:00:00,24.5,68,0.36,0.0
2024-02-27 02:00:00,22.7,74,0.63,0.0
2024-02-27 03:00:00,21.8,75,0.86,0.0
2024-02-27 04:00:00,21.6,74,0.76,0.0
2024-02-27 05:00:00,20.9,76,1.21,0.0
2024-02-27 06:00:00,22.4,73,2.13,0.0
2024-02-27 07:00:00,23.6,66,1.75,9.0
2024-02-27 08:00:00,26.1,65,2.87,135.0
2024-02-27 09:00:00,29.7,45,2.51,357.0
2024-02-27 10:00:00,32.4,35,1.8,572.0
2024-02-27 11:00:00,33.9,32,2.3,741.0
2024-02-27 12:00:00,34.0,34,4.12,842.0
2024-02-27 13:00:00,33.6,34,4.97,868.0
2024-02-27 14:00:00,32.9,33,5.58,816.0
2024-02-27 15:00:00,32.0,32,5.78,701.0
2024-02-27 16:00:00,30.9,36,5.95,527.0
2024-02-27 17:00:00,29.5,42,5.6,310.0
2024-02-27 18:00:00,27.2,55,4.99,97.0
2024-02-27 19:00:00,26.8,49,5.06,1.0
2024-02-27 20:00:00,26.6,46,4.4,0.0
2024-02-27 21:00:00,26.6,44,3.93,0.0
2024-02-27 22:00:00,26.6,38,3.3,0.0
2024-02-27 23:00:00,25.9,35,2.06,0.0
2024-02-28 00:00:00,24.9,34,1.75,0.0
2024-02-28 01:00:00,24.2,35,1.71,0.0
2024-02-28 02:00:00,23.0,40,2.47,0.0
2024-02-28 03:00:00,22.5,42,2.31,0.0
2024-02-28 04:00:00,23.1,42,1.92,0.0
2024-02-28 05:00:00,23.0,41,2.11,0.0
2024-02-28 06:00:00,23.6,33,2.71,0.0
2024-02-28 07:00:00,23.9,34,2.5,11.0
2024-02-28 08:00:00,26.0,33,2.26,153.0
2024-02-28 09:00:00,29.0,28,1.79,376.0
2024-02-28 10:00:00,32.3,25,1.53,587.0
2024-02-28 11:00:00,34.3,25,1.04,751.0
2024-02-28 12:00:00,35.2,26,2.2,852.0
2024-02-28 13:00:00,35.0,30,3.98,884.0
2024-02-28 14:00:00,34.4,32,4.49,826.0
2024-02-28 15:00:00,33.7,35,4.43,708.0
2024-02-28 16:00:00,32.5,39,4.46,531.0
2024-02-28 17:00:00,31.1,46,4.58,312.0
2024-02-28 18:00:00,27.5,67,4.4,98.0
2024-02-28 19:00:00,26.9,66,5.63,1.0
2024-02-28 20:00:00,26.7,63,6.09,0.0
2024-02-28 21:00:00,26.5,63,4.28,0.0
2024-02-28 22:00:00,25.0,62,1.52,0.0
2024-02-28 23:00:00,25.5,55,1.22,0.0
2024-02-29 00:00:00,26.1,51,1.22,0.0
2024-02-29 01:00:00,23.5,57,2.01,0.0
2024-02-29 02:00:00,23.9,55,2.01,0.0
2024-02-29 03:00:00,24.3,54,2.97,0.0
2024-02-29 04:00:00,24.1,56,2.94,0.0
2024-02-29 05:00:00,22.5,60,2.12,0.0
2024-02-29 06:00:00,23.2,64,1.7,0.0
2024-02-29 07:00:00,24.1,67,2.92,12.0
2024-02-29 08:00:00,26.7,63,2.97,154.0
2024-02-29 09:00:00,29.4,53,2.65,376.0
2024-02-29 10:00:00,32.2,41,1.99,588.0
2024-02-29 11:00:00,33.8,37,1.78,755.0
2024-02-29 12:00:00,34.3,40,3.0,858.0
2024-02-29 13:00:00,34.4,39,4.07,884.0
2024-02-29 14:00:00,34.0,38,4.56,830.0
2024-02-29 15:00:00,33.3,37,4.66,719.0
2024-02-29 16:00:00,32.3,42,4.55,536.0
2024-02-29 17:00:00,30.6,51,4.81,314.0
2024-02-29 18:00:00,28.8,57,4.8,101.0
2024-02-29 19:00:00,28.1,58,5.28,1.0
2024-02-29 20:00:00,27.2,63,2.8,0.0
2024-02-29 21:00:00,26.6,62,2.05,0.0
2024-02-29 22:00:00,27.3,57,1.4,0.0
2024-02-29 23:00:00,25.6,64,1.43,0.0
2024-03-01 00:00:00,24.4,68,1.7,0.0
2024-03-01 01:00:00,24.4,64,1.4,0.0
2024-03-01 02:00:00,24.5,62,1.91,0.0
2024-03-01 03:00:00,24.9,60,2.31,0.0
2024-03-01 04:00:00,24.1,63,1.71,0.0
2024-03-01 05:00:00,23.9,65,1.4,0.0
2024-03-01 06:00:00,24.4,60,1.22,0.0
2024-03-01 07:00:00,25.7,55,2.33,11.0
2024-03-01 08:00:00,27.6,61,4.24,116.0
2024-03-01 09:00:00,30.3,46,1.96,317.0
2024-03-01 10:00:00,31.9,39,3.91,500.0
2024-03-01 11:00:00,32.7,38,4.58,675.0
2024-03-01 12:00:00,33.9,34,4.38,827.0
2024-03-01 13:00:00,33.5,35,4.48,876.0
2024-03-01 14:00:00,32.9,33,5.28,833.0
2024-03-01 15:00:00,31.5,39,5.05,711.0
2024-03-01 16:00:00,30.6,42,5.11,531.0
2024-03-01 17:00:00,28.9,53,4.84,314.0
2024-03-01 18:00:00,26.3,75,5.46,95.0
2024-03-01 19:00:00,25.4,88,4.88,1.0
2024-03-01 20:00:00,25.3,85,4.39,0.0
2024-03-01 21:00:00,24.9,87,2.06,0.0
2024-03-01 22:00:00,24.2,88,1.34,0.0
2024-03-01 23:00:00,23.1,91,1.66,0.0
2024-03-02 00:00:00,23.2,87,1.43,0.0
2024-03-02 01:00:00,22.9,83,1.52,0.0
2024-03-02 02:00:00,22.1,85,1.78,0.0
2024-03-02 03:00:00,22.5,80,1.7,0.0
2024-03-02 04:00:00,22.7,78,1.91,0.0
2024-03-02 05:00:00,22.5,80,2.1,0.0
2024-03-02 06:00:00,24.4,83,1.5,0.0
2024-03-02 07:00:00,24.7,87,1.49,8.0
2024-03-02 08:00:00,25.9,83,1.17,135.0
2024-03-02 09:00:00,27.8,72,0.64,361.0
2024-03-02 10:00:00,29.3,65,1.73,560.0
2024-03-02 11:00:00,30.1,62,3.22,742.0
2024-03-02 12:00:00,30.0,63,4.71,852.0
2024-03-02 13:00:00,29.5,64,5.31,886.0
2024-03-02 14:00:00,29.2,66,5.35,840.0
2024-03-02 15:00:00,28.7,68,5.39,715.0
2024-03-02 16:00:00,28.0,68,5.06,539.0
2024-03-02 17:00:00,27.1,72,4.49,315.0
2024-03-02 18:00:00,26.0,78,3.65,100.0
2024-03-02 19:00:00,25.5,80,3.23,2.0
2024-03-02 20:00:00,25.4,82,3.2,0.0
2024-03-02 21:00:00,25.2,83,2.62,0.0
2024-03-02 22:00:00,24.8,85,1.71,0.0
2024-03-02 23:00:00,23.9,90,1.4,0.0
2024-03-03 00:00:00,23.3,92,1.63,0.0
2024-03-03 01:00:00,23.1,93,1.68,0.0
2024-03-03 02:00:00,23.5,91,2.55,0.0
2024-03-03 03:00:00,23.4,91,3.77,0.0
2024-03-03 04:00:00,23.2,90,3.96,0.0
2024-03-03 05:00:00,23.7,82,3.75,0.0
2024-03-03 06:00:00,23.8,86,3.4,0.0
2024-03-03 07:00:00,24.1,82,3.53,11.0
2024-03-03 08:00:00,25.3,71,4.25,131.0
2024-03-03 09:00:00,26.4,63,4.41,335.0
2024-03-03 10:00:00,27.5,57,4.47,568.0
2024-03-03 11:00:00,27.9,55,4.33,704.0
2024-03-03 12:00:00,28.0,55,4.52,837.0
2024-03-03 13:00:00,27.8,56,4.69,885.0
2024-03-03 14:00:00,27.5,55,4.72,840.0
2024-03-03 15:00:00,26.9,55,4.95,722.0
2024-03-03 16:00:00,26.1,57,5.19,541.0
2024-03-03 17:00:00,25.2,58,5.02,321.0
2024-03-03 18:00:00,23.1,73,5.25,103.0
2024-03-03 19:00:00,22.3,78,5.02,2.0
2024-03-03 20:00:00,22.0,79,4.61,0.0
2024-03-03 21:00:00,21.6,78,4.25,0.0
2024-03-03 22:00:00,21.2,79,3.57,0.0
2024-03-03 23:00:00,20.6,81,2.41,0.0
2024-03-04 00:00:00,19.6,85,1.78,0.0
2024-03-04 01:00:00,18.9,87,1.53,0.0
2024-03-04 02:00:00,18.4,87,1.58,0.0
2024-03-04 03:00:00,18.1,87,1.7,0.0
2024-03-04 04:00:00,18.0,86,1.84,0.0
2024-03-04 05:00:00,18.0,84,1.92,0.0
2024-03-04 06:00:00,18.6,85,2.22,0.0
2024-03-04 07:00:00,18.9,84,2.58,15.0
2024-03-04 08:00:00,21.4,72,2.77,171.0
2024-03-04 09:00:00,24.0,59,3.51,402.0
2024-03-04 10:00:00,26.1,44,3.26,620.0
2024-03-04 11:00:00,27.7,39,3.28,789.0
2024-03-04 12:00:00,28.4,40,4.24,892.0
2024-03-04 13:00:00,28.4,39,5.24,920.0
2024-03-04 14:00:00,28.1,35,5.88,873.0
2024-03-04 15:00:00,27.7,35,5.67,753.0
2024-03-04 16:00:00,27.0,39,5.38,566.0
2024-03-04 17:00:00,25.7,48,5.52,336.0
2024-03-04 18:00:00,24.0,50,5.46,110.0
2024-03-04 19:00:00,23.3,54,4.88,2.0
2024-03-04 20:00:00,22.9,57,4.56,0.0
2024-03-04 21:00:00,22.5,60,4.35,0.0
2024-03-04 22:00:00,21.8,63,3.52,0.0
2024-03-04 23:00:00,20.8,64,2.86,0.0
2024-03-05 00:00:00,20.1,63,2.38,0.0
2024-03-05 01:00:00,19.7,63,2.42,0.0
2024-03-05 02:00:00,19.5,61,2.61,0.0
2024-03-05 03:00:00,18.8,60,2.1,0.0
2024-03-05 04:00:00,18.1,61,1.9,0.0
2024-03-05 05:00:00,17.5,63,1.81,0.0
2024-03-05 06:00:00,18.5,59,1.93,0.0
2024-03-05 07:00:00,18.4,62,1.53,16.0
2024-03-05 08:00:00,21.2,57,1.35,175.0
2024-03-05 09:00:00,25.0,43,0.89,414.0
2024-03-05 10:00:00,28.0,33,0.32,633.0
2024-03-05 11:00:00,30.0,29,1.55,804.0
2024-03-05 12:00:00,30.6,30,3.42,907.0
2024-03-05 13:00:00,30.4,31,4.99,934.0
2024-03-05 14:00:00,30.2,28,5.8,882.0
2024-03-05 15:00:00,29.3,34,6.09,756.0
2024-03-05 16:00:00,28.1,40,6.36,565.0
2024-03-05 17:00:00,27.0,40,6.38,335.0
2024-03-05 18:00:00,25.4,46,6.26,107.0
2024-03-05 19:00:00,24.6,47,5.61,2.0
2024-03-05 20:00:00,24.1,42,3.82,0.0
2024-03-05 21:00:00,23.1,39,2.32,0.0
2024-03-05 22:00:00,22.3,37,2.24,0.0
2024-03-05 23:00:00,21.9,36,2.47,0.0
2024-03-06 00:00:00,21.6,37,2.66,0.0
2024-03-06 01:00:00,21.1,37,2.6,0.0
2024-03-06 02:00:00,20.2,39,2.04,0.0
2024-03-06 03:00:00,19.5,42,1.92,0.0
2024-03-06 04:00:00,18.3,49,2.51,0.0
2024-03-06 05:00:00,18.5,50,2.06,0.0
2024-03-06 06:00:00,18.7,50,2.01,0.0
2024-03-06 07:00:00,19.9,46,2.2,17.0
2024-03-06 08:00:00,22.9,37,2.21,182.0
2024-03-06 09:00:00,26.3,29,1.8,420.0
2024-03-06 10:00:00,29.0,25,2.94,642.0
2024-03-06 11:00:00,30.3,27,4.4,813.0
2024-03-06 12:00:00,31.1,28,5.16,916.0
2024-03-06 13:00:00,31.0,29,6.15,945.0
2024-03-06 14:00:00,30.7,28,6.44,895.0
2024-03-06 15:00:00,30.0,32,6.58,768.0
2024-03-06 16:00:00,28.9,38,6.42,576.0
2024-03-06 17:00:00,27.6,44,6.1,342.0
2024-03-06 18:00:00,26.6,31,5.16,112.0
2024-03-06 19:00:00,25.3,29,4.03,2.0
2024-03-06 20:00:00,24.2,28,2.51,0.0
2024-03-06 21:00:00,21.8,32,2.61,0.0
2024-03-06 22:00:00,20.9,32,2.42,0.0
2024-03-06 23:00:00,21.2,32,2.06,0.0
2024-03-07 00:00:00,21.7,30,2.31,0.0
2024-03-07 01:00:00,21.5,31,2.34,0.0
2024-03-07 02:00:00,21.8,35,2.82,0.0
2024-03-07 03:00:00,21.9,44,3.28,0.0
2024-03-07 04:00:00,21.3,53,2.47,0.0
2024-03-07 05:00:00,20.6,54,2.2,0.0
2024-03-07 06:00:00,20.0,55,1.63,0.0
2024-03-07 07:00:00,20.4,49,1.63,18.0
2024-03-07 08:00:00,23.5,44,1.8,178.0
2024-03-07 09:00:00,27.2,41,2.11,409.0
2024-03-07 10:00:00,30.3,30,3.13,624.0
2024-03-07 11:00:00,32.0,27,3.44,790.0
2024-03-07 12:00:00,32.7,31,3.97,890.0
2024-03-07 13:00:00,32.6,39,4.76,914.0
2024-03-07 14:00:00,32.1,39,6.1,861.0
2024-03-07 15:00:00,31.4,34,6.72,737.0
2024-03-07 16:00:00,30.7,36,6.17,552.0
2024-03-07 17:00:00,29.3,44,5.92,327.0
2024-03-07 18:00:00,27.9,44,5.78,107.0
2024-03-07 19:00:00,27.3,40,5.57,2.0
2024-03-07 20:00:00,27.0,40,5.82,0.0
2024-03-07 21:00:00,26.7,36,5.44,0.0
2024-03-07 22:00:00,26.4,33,4.69,0.0
2024-03-07 23:00:00,25.9,31,4.1,0.0
2024-03-08 00:00:00,25.0,32,3.13,0.0
2024-03-08 01:00:00,24.0,34,2.45,0.0
2024-03-08 02:00:00,23.4,35,2.91,0.0
2024-03-08 03:00:00,23.0,36,3.01,0.0
2024-03-08 04:00:00,22.4,36,2.3,0.0
2024-03-08 05:00:00,22.0,37,2.24,0.0
2024-03-08 06:00:00,21.3,45,1.9,0.0
2024-03-08 07:00:00,22.1,42,2.2,19.0
2024-03-08 08:00:00,25.5,34,2.3,181.0
2024-03-08 09:00:00,29.1,26,2.3,413.0
2024-03-08 10:00:00,32.3,22,3.11,629.0
2024-03-08 11:00:00,34.3,18,3.98,795.0
2024-03-08 12:00:00,35.1,18,4.79,896.0
2024-03-08 13:00:00,34.7,23,6.38,921.0
2024-03-08 14:00:00,33.8,27,7.44,868.0
2024-03-08 15:00:00,33.1,26,7.75,743.0
2024-03-08 16:00:00,32.0,26,7.55,557.0
2024-03-08 17:00:00,30.8,31,6.86,331.0
2024-03-08 18:00:00,29.4,28,6.76,111.0
2024-03-08 19:00:00,28.3,29,6.01,2.0
2024-03-08 20:00:00,27.6,30,5.46,0.0
2024-03-08 21:00:00,27.0,28,4.72,0.0
2024-03-08 22:00:00,26.3,26,3.82,0.0
2024-03-08 23:00:00,25.9,26,3.48,0.0
2024-03-09 00:00:00,25.6,27,3.67,0.0
2024-03-09 01:00:00,25.7,26,3.7,0.0
2024-03-09 02:00:00,25.2,29,3.37,0.0
2024-03-09 03:00:00,22.4,37,2.66,0.0
2024-03-09 04:00:00,22.0,36,2.12,0.0
2024-03-09 05:00:00,20.7,40,2.3,0.0
2024-03-09 06:00:00,22.9,34,2.33,0.0
2024-03-09 07:00:00,23.2,34,2.5,20.0
2024-03-09 08:00:00,26.2,30,2.7,185.0
2024-03-09 09:00:00,30.0,25,2.41,418.0
2024-03-09 10:00:00,33.1,21,2.55,635.0
2024-03-09 11:00:00,34.8,19,3.22,802.0
2024-03-09 12:00:00,35.0,23,5.09,902.0
2024-03-09 13:00:00,34.6,24,6.23,927.0
2024-03-09 14:00:00,33.8,26,6.37,875.0
2024-03-09 15:00:00,32.9,26,6.44,749.0
2024-03-09 16:00:00,31.5,34,6.24,561.0
2024-03-09 17:00:00,29.9,41,5.8,334.0
2024-03-09 18:00:00,28.6,34,6.04,111.0
2024-03-09 19:00:00,27.9,32,4.44,2.0
2024-03-09 20:00:00,26.9,33,3.2,0.0
2024-03-09 21:00:00,25.7,34,2.42,0.0
2024-03-09 22:00:00,24.9,35,2.47,0.0
2024-03-09 23:00:00,24.3,43,2.92,0.0
2024-03-10 00:00:00,23.9,45,3.51,0.0
2024-03-10 01:00:00,23.9,38,3.94,0.0
2024-03-10 02:00:00,23.8,35,3.77,0.0
2024-03-10 03:00:00,23.2,36,3.2,0.0
2024-03-10 04:00:00,22.0,38,2.31,0.0
2024-03-10 05:00:00,21.1,37,2.1,0.0
2024-03-10 06:00:00,21.0,40,1.82,0.0
2024-03-10 07:00:00,22.7,39,2.91,21.0
2024-03-10 08:00:00,26.0,34,3.79,190.0
2024-03-10 09:00:00,28.8,29,2.6,426.0
2024-03-10 10:00:00,31.5,23,2.6,645.0
2024-03-10 11:00:00,32.5,29,3.55,811.0
2024-03-10 12:00:00,32.4,38,4.36,906.0
2024-03-10 13:00:00,32.8,32,5.02,930.0
2024-03-10 14:00:00,32.7,26,5.44,880.0
2024-03-10 15:00:00,31.8,27,5.67,755.0
2024-03-10 16:00:00,30.5,32,5.87,566.0
2024-03-10 17:00:00,29.1,37,5.39,337.0
2024-03-10 18:00:00,27.1,37,5.86,114.0
2024-03-10 19:00:00,26.5,35,5.69,2.0
2024-03-10 20:00:00,26.1,34,5.42,0.0
2024-03-10 21:00:00,25.5,41,4.66,0.0
2024-03-10 22:00:00,25.0,46,4.66,0.0
2024-03-10 23:00:00,24.4,56,3.76,0.0
2024-03-11 00:00:00,23.5,63,2.77,0.0
2024-03-11 01:00:00,23.0,66,2.86,0.0
2024-03-11 02:00:00,22.7,65,3.08,0.0
2024-03-11 03:00:00,22.5,67,3.18,0.0
2024-03-11 04:00:00,22.4,68,3.57,0.0
2024-03-11 05:00:00,22.4,67,3.41,0.0
2024-03-11 06:00:00,20.4,67,1.63,0.0
2024-03-11 07:00:00,21.1,58,2.28,22.0
2024-03-11 08:00:00,24.7,43,1.98,190.0
2024-03-11 09:00:00,29.3,29,1.89,424.0
2024-03-11 10:00:00,32.8,21,2.09,641.0
2024-03-11 11:00:00,34.6,19,2.34,808.0
2024-03-11 12:00:00,34.6,25,4.19,909.0
2024-03-11 13:00:00,33.5,33,5.91,931.0
2024-03-11 14:00:00,33.0,31,7.02,876.0
2024-03-11 15:00:00,32.5,32,7.08,748.0
2024-03-11 16:00:00,31.8,35,6.67,560.0
2024-03-11 17:00:00,30.6,37,6.4,334.0
2024-03-11 18:00:00,28.4,46,6.1,111.0
2024-03-11 19:00:00,27.7,45,5.73,2.0
2024-03-11 20:00:00,27.4,45,5.28,0.0
2024-03-11 21:00:00,26.9,47,4.88,0.0
2024-03-11 22:00:00,26.4,51,5.05,0.0
2024-03-11 23:00:00,25.7,58,4.24,0.0
2024-03-12 00:00:00,24.8,63,3.51,0.0
2024-03-12 01:00:00,24.4,64,3.5,0.0
2024-03-12 02:00:00,23.8,63,3.03,0.0
2024-03-12 03:00:00,23.1,62,2.44,0.0
2024-03-12 04:00:00,22.6,60,2.06,0.0
2024-03-12 05:00:00,22.0,60,1.87,0.0
2024-03-12 06:00:00,21.9,51,2.69,0.0
2024-03-12 07:00:00,23.1,48,1.22,23.0
2024-03-12 08:00:00,26.6,39,1.75,192.0
2024-03-12 09:00:00,30.6,30,2.43,425.0
2024-03-12 10:00:00,33.5,23,3.54,640.0
2024-03-12 11:00:00,34.9,21,3.58,806.0
2024-03-12 12:00:00,34.5,31,4.62,905.0
2024-03-12 13:00:00,34.0,36,5.44,926.0
2024-03-12 14:00:00,33.6,35,5.98,872.0
2024-03-12 15:00:00,33.1,34,6.16,746.0
2024-03-12 16:00:00,32.1,38,6.01,560.0
2024-03-12 17:00:00,30.6,46,5.17,334.0
2024-03-12 18:00:00,29.2,44,5.61,112.0
2024-03-12 19:00:00,28.3,43,5.23,3.0
2024-03-12 20:00:00,27.7,44,4.9,0.0
2024-03-12 21:00:00,27.0,45,3.76,0.0
2024-03-12 22:00:00,26.0,48,2.98,0.0
2024-03-12 23:00:00,25.1,53,3.01,0.0
2024-03-13 00:00:00,24.4,65,3.67,0.0
2024-03-13 01:00:00,23.7,78,3.74,0.0
2024-03-13 02:00:00,23.2,83,3.1,0.0
2024-03-13 03:00:00,22.7,85,2.41,0.0
2024-03-13 04:00:00,22.1,86,1.9,0.0
2024-03-13 05:00:00,21.6,86,1.75,0.0
2024-03-13 06:00:00,24.3,80,3.86,0.0
2024-03-13 07:00:00,24.2,80,2.94,24.0
2024-03-13 08:00:00,26.2,68,2.51,195.0
2024-03-13 09:00:00,28.4,59,3.23,427.0
2024-03-13 10:00:00,30.1,51,4.44,642.0
2024-03-13 11:00:00,31.0,46,5.12,809.0
2024-03-13 12:00:00,31.5,45,5.59,911.0
2024-03-13 13:00:00,31.3,42,6.16,938.0
2024-03-13 14:00:00,31.0,39,6.72,887.0
2024-03-13 15:00:00,30.7,37,6.44,761.0
2024-03-13 16:00:00,30.1,38,5.81,571.0
2024-03-13 17:00:00,29.0,42,5.19,342.0
2024-03-13 18:00:00,26.5,55,4.46,116.0
2024-03-13 19:00:00,25.4,60,4.4,3.0
2024-03-13 20:00:00,24.8,69,4.08,0.0
2024-03-13 21:00:00,24.1,78,3.91,0.0
2024-03-13 22:00:00,23.5,82,3.14,0.0
2024-03-13 23:00:00,23.0,86,3.18,0.0
2024-03-14 00:00:00,22.6,90,3.09,0.0
2024-03-14 01:00:00,22.2,92,2.5,0.0
2024-03-14 02:00:00,21.9,92,2.16,0.0
2024-03-14 03:00:00,21.6,93,1.8,0.0
2024-03-14 04:00:00,21.2,93,1.55,0.0
2024-03-14 05:00:00,20.8,93,1.36,0.0
2024-03-14 06:00:00,22.3,96,1.97,0.0
2024-03-14 07:00:00,22.6,94,2.56,24.0
2024-03-14 08:00:00,24.9,83,2.67,193.0
2024-03-14 09:00:00,27.9,58,3.4,429.0
2024-03-14 10:00:00,30.2,44,3.38,644.0
2024-03-14 11:00:00,31.0,46,4.82,810.0
2024-03-14 12:00:00,30.4,50,6.23,910.0
2024-03-14 13:00:00,30.7,43,6.51,939.0
2024-03-14 14:00:00,30.5,41,6.65,892.0
2024-03-14 15:00:00,29.7,46,6.51,765.0
2024-03-14 16:00:00,29.0,50,5.8,575.0
2024-03-14 17:00:00,27.7,56,5.16,345.0
2024-03-14 18:00:00,26.3,60,4.85,118.0
2024-03-14 19:00:00,25.2,62,4.21,3.0
2024-03-14 20:00:00,24.5,65,3.67,0.0
2024-03-14 21:00:00,23.9,72,3.4,0.0
2024-03-14 22:00:00,23.1,84,2.92,0.0
2024-03-14 23:00:00,22.7,90,2.92,0.0
2024-03-15 00:00:00,22.3,92,2.79,0.0
2024-03-15 01:00:00,22.0,92,2.79,0.0
2024-03-15 02:00:00,21.7,92,2.28,0.0
2024-03-15 03:00:00,20.9,93,1.51,0.0
2024-03-15 04:00:00,20.1,95,1.36,0.0
2024-03-15 05:00:00,19.8,94,1.48,0.0
2024-03-15 06:00:00,20.8,93,1.48,0.0
2024-03-15 07:00:00,21.1,90,2.11,26.0
2024-03-15 08:00:00,23.5,77,1.41,191.0
2024-03-15 09:00:00,25.9,67,1.8,422.0
2024-03-15 10:00:00,28.0,53,2.33,644.0
2024-03-15 11:00:00,29.4,49,3.0,819.0
2024-03-15 12:00:00,29.7,51,3.85,920.0
2024-03-15 13:00:00,29.8,47,4.4,947.0
2024-03-15 14:00:00,30.0,41,4.55,898.0
2024-03-15 15:00:00,29.4,43,4.68,772.0
2024-03-15 16:00:00,28.4,48,4.44,581.0
2024-03-15 17:00:00,27.3,53,3.89,348.0
2024-03-15 18:00:00,24.7,71,4.44,120.0
2024-03-15 19:00:00,23.9,77,3.89,3.0
2024-03-15 20:00:00,23.4,80,3.26,0.0
2024-03-15 21:00:00,22.7,84,2.27,0.0
2024-03-15 22:00:00,21.1,90,1.42,0.0
2024-03-15 23:00:00,20.1,94,1.6,0.0
2024-03-16 00:00:00,20.7,91,0.78,0.0
2024-03-16 01:00:00,19.2,95,1.6,0.0
2024-03-16 02:00:00,19.6,94,1.58,0.0
2024-03-16 03:00:00,19.4,95,1.66,0.0
2024-03-16 04:00:00,19.1,96,2.04,0.0
2024-03-16 05:00:00,19.0,99,2.61,0.0
2024-03-16 06:00:00,20.7,96,1.3,0.0
2024-03-16 07:00:00,20.8,96,1.78,21.0
2024-03-16 08:00:00,22.4,92,1.84,146.0
2024-03-16 09:00:00,26.0,74,2.43,388.0
2024-03-16 10:00:00,28.7,54,3.04,648.0
2024-03-16 11:00:00,29.9,51,3.68,812.0
2024-03-16 12:00:00,30.3,50,4.78,909.0
2024-03-16 13:00:00,30.4,46,5.6,937.0
2024-03-16 14:00:00,30.4,43,5.54,884.0
2024-03-16 15:00:00,29.9,45,5.36,758.0
2024-03-16 16:00:00,29.1,50,4.88,569.0
2024-03-16 17:00:00,27.9,57,4.41,339.0
2024-03-16 18:00:00,25.8,69,4.12,117.0
2024-03-16 19:00:00,24.7,77,3.71,3.0
2024-03-16 20:00:00,24.4,78,3.31,0.0
2024-03-16 21:00:00,24.0,79,3.09,0.0
2024-03-16 22:00:00,23.5,82,2.37,0.0
2024-03-16 23:00:00,22.1,88,1.98,0.0
2024-03-17 00:00:00,21.2,91,1.9,0.0
2024-03-17 01:00:00,21.1,94,1.53,0.0
2024-03-17 02:00:00,20.4,95,1.58,0.0
2024-03-17 03:00:00,20.3,95,1.56,0.0
2024-03-17 04:00:00,20.1,95,1.64,0.0
2024-03-17 05:00:00,20.1,95,1.98,0.0
2024-03-17 06:00:00,21.1,99,1.75,0.0
2024-03-17 07:00:00,21.4,99,2.55,22.0
2024-03-17 08:00:00,22.9,92,2.5,156.0
2024-03-17 09:00:00,26.5,69,1.89,417.0
2024-03-17 10:00:00,29.8,43,1.92,655.0
2024-03-17 11:00:00,31.6,36,2.41,821.0
2024-03-17 12:00:00,31.6,43,3.9,919.0
2024-03-17 13:00:00,31.6,40,4.81,939.0
2024-03-17 14:00:00,31.3,37,5.23,887.0
2024-03-17 15:00:00,30.7,38,4.65,756.0
2024-03-17 16:00:00,29.8,45,4.3,567.0
2024-03-17 17:00:00,28.1,59,3.85,338.0
2024-03-17 18:00:00,25.6,80,4.34,114.0
2024-03-17 19:00:00,24.7,87,3.85,3.0
2024-03-17 20:00:00,24.5,90,3.62,0.0
2024-03-17 21:00:00,24.0,92,1.84,0.0
2024-03-17 22:00:00,22.8,96,1.77,0.0
2024-03-17 23:00:00,23.3,93,1.3,0.0
2024-03-18 00:00:00,23.2,94,1.02,0.0
2024-03-18 01:00:00,21.9,97,1.22,0.0
2024-03-18 02:00:00,22.4,97,1.81,0.0
2024-03-18 03:00:00,22.3,97,1.5,0.0
2024-03-18 04:00:00,22.0,97,1.34,0.0
2024-03-18 05:00:00,21.9,98,1.86,0.0
2024-03-18 06:00:00,23.8,99,1.66,0.0
2024-03-18 07:00:00,23.8,98,2.22,16.0
2024-03-18 08:00:00,25.0,86,2.0,145.0
2024-03-18 09:00:00,27.2,69,1.08,415.0
2024-03-18 10:00:00,29.4,56,1.28,645.0
2024-03-18 11:00:00,30.8,51,2.6,812.0
2024-03-18 12:00:00,31.5,48,3.3,913.0
2024-03-18 13:00:00,31.4,44,4.56,939.0
2024-03-18 14:00:00,31.2,43,4.78,889.0
2024-03-18 15:00:00,30.4,48,4.88,764.0
2024-03-18 16:00:00,29.4,56,4.55,575.0
2024-03-18 17:00:00,28.0,67,3.92,343.0
2024-03-18 18:00:00,26.7,74,3.13,118.0
2024-03-18 19:00:00,25.1,90,3.49,3.0
2024-03-18 20:00:00,24.8,92,3.06,0.0
2024-03-18 21:00:00,24.3,94,1.7,0.0
2024-03-18 22:00:00,23.5,96,1.36,0.0
2024-03-18 23:00:00,23.0,97,1.8,0.0
2024-03-19 00:00:00,22.5,98,1.26,0.0
2024-03-19 01:00:00,22.6,98,1.0,0.0
2024-03-19 02:00:00,22.3,99,0.4,0.0
2024-03-19 03:00:00,22.0,98,1.0,0.0
2024-03-19 04:00:00,22.6,97,1.82,0.0
2024-03-19 05:00:00,22.2,99,1.92,0.0
2024-03-19 06:00:00,23.6,99,2.02,0.0
2024-03-19 07:00:00,23.3,97,2.08,22.0
2024-03-19 08:00:00,24.3,89,1.52,116.0
2024-03-19 09:00:00,26.9,72,1.03,387.0
2024-03-19 10:00:00,29.9,57,1.39,650.0
2024-03-19 11:00:00,31.9,50,2.52,818.0
2024-03-19 12:00:00,32.3,52,3.79,919.0
2024-03-19 13:00:00,33.0,42,4.97,945.0
2024-03-19 14:00:00,33.1,33,5.87,898.0
2024-03-19 15:00:00,32.2,38,5.94,773.0
2024-03-19 16:00:00,31.4,41,5.6,580.0
2024-03-19 17:00:00,29.6,51,5.26,349.0
2024-03-19 18:00:00,27.0,60,4.89,121.0
2024-03-19 19:00:00,26.2,59,4.72,4.0
2024-03-19 20:00:00,25.9,60,4.75,0.0
2024-03-19 21:00:00,25.6,57,4.2,0.0
2024-03-19 22:00:00,25.5,49,3.52,0.0
2024-03-19 23:00:00,23.3,47,2.15,0.0
2024-03-20 00:00:00,23.1,43,2.14,0.0
2024-03-20 01:00:00,24.3,38,1.93,0.0
2024-03-20 02:00:00,21.2,48,2.51,0.0
2024-03-20 03:00:00,21.2,48,2.44,0.0
2024-03-20 04:00:00,21.8,46,2.31,0.0
2024-03-20 05:00:00,21.9,47,2.4,0.0
2024-03-20 06:00:00,21.8,44,2.31,0.0
2024-03-20 07:00:00,23.6,38,2.3,34.0
2024-03-20 08:00:00,27.3,29,2.53,224.0
2024-03-20 09:00:00,31.8,20,2.46,464.0
2024-03-20 10:00:00,35.2,13,3.75,684.0
2024-03-20 11:00:00,37.4,10,4.7,852.0
2024-03-20 12:00:00,38.0,9,2.58,953.0
2024-03-20 13:00:00,36.5,19,4.0,975.0
2024-03-20 14:00:00,35.5,23,5.33,913.0
2024-03-20 15:00:00,34.8,22,5.92,780.0
2024-03-20 16:00:00,33.6,28,5.69,588.0
2024-03-20 17:00:00,31.8,36,5.8,352.0
2024-03-20 18:00:00,29.6,43,6.23,123.0
2024-03-20 19:00:00,28.7,45,6.03,4.0
2024-03-20 20:00:00,28.9,39,5.41,0.0
2024-03-20 21:00:00,29.4,23,4.85,0.0
2024-03-20 22:00:00,29.4,21,4.75,0.0
2024-03-20 23:00:00,28.4,22,3.69,0.0
2024-03-21 00:00:00,26.9,24,3.01,0.0
2024-03-21 01:00:00,26.2,26,3.73,0.0
2024-03-21 02:00:00,25.1,27,2.21,0.0
2024-03-21 03:00:00,23.3,31,2.1,0.0
2024-03-21 04:00:00,24.0,30,2.61,0.0
2024-03-21 05:00:00,23.2,32,2.0,0.0
2024-03-21 06:00:00,22.3,32,2.5,0.0
2024-03-21 07:00:00,24.0,33,1.53,36.0
2024-03-21 08:00:00,28.3,23,2.78,220.0
2024-03-21 09:00:00,32.8,18,2.7,454.0
2024-03-21 10:00:00,35.7,13,2.51,641.0
2024-03-21 11:00:00,37.2,12,1.41,849.0
2024-03-21 12:00:00,37.8,11,1.0,947.0
2024-03-21 13:00:00,37.4,16,4.1,967.0
2024-03-21 14:00:00,36.7,17,4.64,904.0
2024-03-21 15:00:00,35.6,19,4.79,768.0
2024-03-21 16:00:00,34.7,22,5.24,587.0
2024-03-21 17:00:00,32.9,34,5.17,351.0
2024-03-21 18:00:00,30.8,34,3.47,120.0
2024-03-21 19:00:00,28.9,38,1.97,4.0
2024-03-21 20:00:00,29.0,37,1.17,0.0
2024-03-21 21:00:00,27.6,37,0.99,0.0
2024-03-21 22:00:00,25.2,43,2.25,0.0
2024-03-21 23:00:00,24.5,48,2.66,0.0
2024-03-22 00:00:00,23.9,54,2.75,0.0
2024-03-22 01:00:00,24.0,62,2.47,0.0
2024-03-22 02:00:00,26.2,60,1.36,0.0
2024-03-22 03:00:00,22.4,86,2.24,0.0
2024-03-22 04:00:00,22.1,92,2.28,0.0
2024-03-22 05:00:00,23.8,88,0.63,0.0
2024-03-22 06:00:00,22.3,88,0.67,0.0
2024-03-22 07:00:00,23.3,76,1.6,35.0
2024-03-22 08:00:00,27.4,64,1.68,220.0
2024-03-22 09:00:00,30.5,52,2.16,453.0
2024-03-22 10:00:00,32.5,44,2.24,665.0
2024-03-22 11:00:00,33.6,41,2.51,828.0
2024-03-22 12:00:00,33.8,40,3.75,922.0
2024-03-22 13:00:00,33.5,38,4.57,944.0
2024-03-22 14:00:00,32.5,44,4.94,888.0
2024-03-22 15:00:00,31.7,47,5.01,758.0
2024-03-22 16:00:00,30.7,49,4.97,570.0
2024-03-22 17:00:00,29.3,57,4.68,342.0
2024-03-22 18:00:00,27.1,79,4.12,117.0
2024-03-22 19:00:00,26.1,88,2.92,4.0
2024-03-22 20:00:00,25.6,91,2.27,0.0
2024-03-22 21:00:00,24.5,94,1.34,0.0
2024-03-22 22:00:00,23.6,95,1.61,0.0
2024-03-22 23:00:00,23.2,96,1.24,0.0
2024-03-23 00:00:00,22.6,96,1.56,0.0
2024-03-23 01:00:00,22.0,96,1.78,0.0
2024-03-23 02:00:00,21.6,94,2.15,0.0
2024-03-23 03:00:00,21.3,92,2.26,0.0
2024-03-23 04:00:00,21.1,88,2.31,0.0
2024-03-23 05:00:00,20.7,87,2.14,0.0
2024-03-23 06:00:00,22.0,89,1.35,0.0
2024-03-23 07:00:00,23.2,83,1.13,36.0
2024-03-23 08:00:00,26.9,63,0.67,217.0
2024-03-23 09:00:00,30.1,44,0.5,456.0
2024-03-23 10:00:00,32.1,39,1.33,669.0
2024-03-23 11:00:00,33.0,42,2.4,830.0
2024-03-23 12:00:00,33.1,46,3.6,923.0
2024-03-23 13:00:00,33.2,42,4.37,943.0
2024-03-23 14:00:00,32.8,41,4.9,888.0
2024-03-23 15:00:00,32.3,42,4.96,759.0
2024-03-23 16:00:00,31.4,45,4.99,570.0
2024-03-23 17:00:00,29.8,52,5.0,341.0
2024-03-23 18:00:00,27.4,67,5.2,114.0
2024-03-23 19:00:00,26.5,74,4.69,4.0
2024-03-23 20:00:00,26.2,73,3.96,0.0
2024-03-23 21:00:00,25.8,76,3.3,0.0
2024-03-23 22:00:00,25.3,81,2.73,0.0
2024-03-23 23:00:00,24.2,88,1.46,0.0
2024-03-24 00:00:00,23.0,90,1.7,0.0
2024-03-24 01:00:00,22.9,87,1.46,0.0
2024-03-24 02:00:00,22.5,87,1.51,0.0
2024-03-24 03:00:00,21.9,88,1.71,0.0
2024-03-24 04:00:00,21.3,89,1.91,0.0
2024-03-24 05:00:00,21.4,85,1.46,0.0
2024-03-24 06:00:00,23.2,97,0.92,0.0
2024-03-24 07:00:00,24.5,91,1.48,31.0
2024-03-24 08:00:00,26.7,83,0.92,176.0
2024-03-24 09:00:00,28.7,74,1.26,404.0
2024-03-24 10:00:00,30.6,65,2.44,629.0
2024-03-24 11:00:00,31.1,63,3.94,777.0
2024-03-24 12:00:00,31.6,56,4.83,880.0
2024-03-24 13:00:00,31.8,53,5.24,910.0
2024-03-24 14:00:00,31.8,51,5.14,879.0
2024-03-24 15:00:00,31.4,53,5.04,754.0
2024-03-24 16:00:00,30.6,57,4.66,566.0
2024-03-24 17:00:00,29.3,62,4.58,339.0
2024-03-24 18:00:00,27.2,74,4.96,117.0
2024-03-24 19:00:00,26.4,78,5.24,4.0
2024-03-24 20:00:00,26.4,78,4.95,0.0
2024-03-24 21:00:00,26.3,77,4.68,0.0
2024-03-24 22:00:00,25.9,81,4.28,0.0
2024-03-24 23:00:00,25.5,82,3.4,0.0
2024-03-25 00:00:00,24.9,86,2.86,0.0
2024-03-25 01:00:00,23.9,89,1.84,0.0
2024-03-25 02:00:00,23.2,87,1.7,0.0
2024-03-25 03:00:00,22.9,83,2.28,0.0
2024-03-25 04:00:00,22.4,81,1.8,0.0
2024-03-25 05:00:00,22.2,81,2.02,0.0
2024-03-25 06:00:00,24.2,89,2.83,0.0
2024-03-25 07:00:00,24.6,86,2.42,39.0
2024-03-25 08:00:00,26.9,74,2.06,223.0
2024-03-25 09:00:00,29.4,61,2.65,456.0
2024-03-25 10:00:00,31.4,54,3.22,666.0
2024-03-25 11:00:00,32.4,55,3.7,824.0
2024-03-25 12:00:00,32.3,58,4.85,916.0
2024-03-25 13:00:00,32.3,53,5.5,935.0
2024-03-25 14:00:00,32.5,49,5.64,880.0
2024-03-25 15:00:00,31.9,52,5.47,734.0
2024-03-25 16:00:00,31.1,56,5.31,566.0
2024-03-25 17:00:00,29.8,61,5.16,341.0
2024-03-25 18:00:00,27.4,74,4.88,119.0
2024-03-25 19:00:00,26.8,75,4.46,4.0
2024-03-25 20:00:00,26.5,79,4.32,0.0
2024-03-25 21:00:00,26.2,81,4.4,0.0
2024-03-25 22:00:00,25.7,86,3.22,0.0
2024-03-25 23:00:00,25.1,92,2.97,0.0
2024-03-26 00:00:00,24.8,91,2.44,0.0
2024-03-26 01:00:00,23.7,92,1.48,0.0
2024-03-26 02:00:00,22.7,93,1.34,0.0
2024-03-26 03:00:00,21.8,95,1.65,0.0
2024-03-26 04:00:00,21.4,95,1.77,0.0
2024-03-26 05:00:00,21.2,93,1.84,0.0
2024-03-26 06:00:00,21.5,90,2.18,0.0
2024-03-26 07:00:00,23.7,78,1.32,42.0
2024-03-26 08:00:00,27.7,60,1.57,235.0
2024-03-26 09:00:00,30.6,48,1.56,470.0
2024-03-26 10:00:00,32.6,43,1.53,680.0
2024-03-26 11:00:00,34.2,42,2.53,840.0
2024-03-26 12:00:00,34.2,45,4.32,932.0
2024-03-26 13:00:00,33.3,46,5.55,950.0
2024-03-26 14:00:00,33.4,47,5.46,892.0
2024-03-26 15:00:00,32.7,51,5.84,760.0
2024-03-26 16:00:00,31.6,56,5.94,570.0
2024-03-26 17:00:00,30.4,59,6.16,343.0
2024-03-26 18:00:00,27.8,78,5.87,119.0
2024-03-26 19:00:00,27.1,79,5.84,4.0
2024-03-26 20:00:00,26.9,77,4.58,0.0
2024-03-26 21:00:00,26.6,77,3.54,0.0
2024-03-26 22:00:00,26.0,80,1.84,0.0
2024-03-26 23:00:00,24.5,86,2.2,0.0
2024-03-27 00:00:00,24.8,87,1.84,0.0
2024-03-27 01:00:00,25.2,86,1.25,0.0
2024-03-27 02:00:00,23.7,91,1.62,0.0
2024-03-27 03:00:00,23.0,92,1.08,0.0
2024-03-27 04:00:00,22.6,93,1.28,0.0
2024-03-27 05:00:00,22.1,94,1.58,0.0
2024-03-27 06:00:00,25.1,95,1.1,0.0
2024-03-27 07:00:00,25.6,95,1.53,41.0
2024-03-27 08:00:00,28.0,85,1.65,223.0
2024-03-27 09:00:00,29.8,74,1.49,450.0
2024-03-27 10:00:00,31.3,66,2.28,660.0
2024-03-27 11:00:00,32.3,61,3.64,820.0
2024-03-27 12:00:00,32.8,56,4.16,917.0
2024-03-27 13:00:00,33.1,52,4.48,939.0
2024-03-27 14:00:00,32.8,54,4.98,882.0
2024-03-27 15:00:00,31.2,62,5.48,741.0
2024-03-27 16:00:00,30.2,64,5.95,529.0
2024-03-27 17:00:00,29.2,69,6.19,327.0
2024-03-27 18:00:00,27.3,81,5.03,116.0
2024-03-27 19:00:00,26.5,86,4.91,4.0
2024-03-27 20:00:00,26.3,87,2.3,0.0
2024-03-27 21:00:00,25.6,90,1.25,0.0
2024-03-27 22:00:00,25.0,93,1.2,0.0
2024-03-27 23:00:00,24.4,94,1.39,0.0
2024-03-28 00:00:00,25.4,87,0.72,0.0
2024-03-28 01:00:00,24.1,92,1.7,0.0
2024-03-28 02:00:00,23.4,94,1.78,0.0
2024-03-28 03:00:00,23.2,95,1.7,0.0
2024-03-28 04:00:00,22.7,96,2.06,0.0
2024-03-28 05:00:00,23.5,93,0.95,0.0
2024-03-28 06:00:00,24.2,96,1.87,0.0
2024-03-28 07:00:00,26.0,91,1.22,38.0
2024-03-28 08:00:00,27.5,86,2.28,126.0
2024-03-28 09:00:00,28.5,79,2.0,195.0
2024-03-28 10:00:00,30.8,66,1.72,527.0
2024-03-28 11:00:00,32.4,59,2.51,768.0
2024-03-28 12:00:00,32.8,57,3.68,837.0
2024-03-28 13:00:00,33.0,54,4.43,899.0
2024-03-28 14:00:00,33.0,50,4.79,837.0
2024-03-28 15:00:00,32.3,53,5.11,735.0
2024-03-28 16:00:00,31.7,53,3.84,544.0
2024-03-28 17:00:00,30.6,59,3.88,310.0
2024-03-28 18:00:00,27.4,81,4.83,115.0
2024-03-28 19:00:00,26.8,83,4.39,4.0
2024-03-28 20:00:00,26.7,81,3.52,0.0
2024-03-28 21:00:00,26.3,83,2.38,0.0
2024-03-28 22:00:00,25.2,88,1.51,0.0
2024-03-28 23:00:00,24.7,91,1.46,0.0
2024-03-29 00:00:00,25.4,88,0.67,0.0
2024-03-29 01:00:00,24.5,92,1.3,0.0
2024-03-29 02:00:00,24.5,93,1.04,0.0
2024-03-29 03:00:00,23.7,96,0.72,0.0
2024-03-29 04:00:00,23.3,97,0.71,0.0
2024-03-29 05:00:00,23.6,95,1.14,0.0
2024-03-29 06:00:00,26.1,77,2.51,0.0
2024-03-29 07:00:00,27.1,72,1.4,33.0
2024-03-29 08:00:00,28.4,67,2.1,158.0
2024-03-29 09:00:00,30.5,57,1.41,374.0
2024-03-29 10:00:00,32.6,50,2.56,569.0
2024-03-29 11:00:00,33.2,52,4.03,783.0
2024-03-29 12:00:00,33.3,50,5.12,835.0
2024-03-29 13:00:00,34.3,41,5.37,891.0
2024-03-29 14:00:00,34.7,40,5.31,870.0
2024-03-29 15:00:00,34.0,44,5.53,734.0
2024-03-29 16:00:00,32.7,48,5.34,553.0
2024-03-29 17:00:00,31.2,53,5.16,336.0
2024-03-29 18:00:00,28.2,70,5.53,119.0
2024-03-29 19:00:00,27.4,76,5.33,4.0
2024-03-29 20:00:00,27.1,77,4.88,0.0
2024-03-29 21:00:00,27.0,76,3.94,0.0
2024-03-29 22:00:00,26.2,76,1.3,0.0
2024-03-29 23:00:00,25.2,80,2.0,0.0
2024-03-30 00:00:00,24.5,82,2.02,0.0
2024-03-30 01:00:00,24.2,82,1.84,0.0
2024-03-30 02:00:00,24.4,78,1.7,0.0
2024-03-30 03:00:00,23.5,80,1.75,0.0
2024-03-30 04:00:00,24.2,76,2.01,0.0
2024-03-30 05:00:00,23.7,75,2.31,0.0
2024-03-30 06:00:00,25.1,86,2.55,0.0
2024-03-30 07:00:00,26.6,79,2.66,47.0
2024-03-30 08:00:00,28.9,67,2.28,220.0
2024-03-30 09:00:00,30.8,56,3.5,435.0
2024-03-30 10:00:00,32.4,50,3.38,646.0
2024-03-30 11:00:00,33.8,46,3.86,778.0
2024-03-30 12:00:00,34.2,48,4.53,837.0
2024-03-30 13:00:00,33.7,49,5.91,909.0
2024-03-30 14:00:00,33.6,40,6.59,832.0
2024-03-30 15:00:00,33.1,42,6.65,740.0
2024-03-30 16:00:00,32.0,47,6.3,564.0
2024-03-30 17:00:00,30.5,52,5.94,341.0
2024-03-30 18:00:00,28.2,68,6.17,117.0
2024-03-30 19:00:00,27.3,73,6.13,4.0
2024-03-30 20:00:00,27.0,79,5.59,0.0
2024-03-30 21:00:00,26.8,79,5.15,0.0
2024-03-30 22:00:00,26.7,74,4.59,0.0
2024-03-30 23:00:00,26.3,70,3.0,0.0
2024-03-31 00:00:00,25.7,70,2.62,0.0
2024-03-31 01:00:00,25.6,65,3.14,0.0
2024-03-31 02:00:00,25.2,61,2.15,0.0
2024-03-31 03:00:00,24.3,63,1.7,0.0
2024-03-31 04:00:00,24.1,62,1.75,0.0
2024-03-31 05:00:00,23.6,64,1.94,0.0
2024-03-31 06:00:00,25.8,68,2.56,0.0
2024-03-31 07:00:00,27.7,57,4.38,42.0
2024-03-31 08:00:00,29.5,56,3.85,211.0
2024-03-31 09:00:00,31.2,55,3.61,450.0
2024-03-31 10:00:00,33.0,50,4.12,672.0
2024-03-31 11:00:00,33.8,51,4.68,829.0
2024-03-31 12:00:00,34.1,50,5.61,920.0
2024-03-31 13:00:00,33.9,46,6.18,923.0
2024-03-31 14:00:00,33.8,41,6.44,867.0
2024-03-31 15:00:00,33.0,43,6.58,756.0
2024-03-31 16:00:00,31.8,48,6.65,568.0
2024-03-31 17:00:00,30.5,51,6.62,343.0
2024-03-31 18:00:00,28.9,55,5.52,121.0
2024-03-31 19:00:00,28.2,54,5.5,5.0
2024-03-31 20:00:00,28.1,52,5.0,0.0
2024-03-31 21:00:00,27.8,48,3.83,0.0
2024-03-31 22:00:00,27.3,48,3.49,0.0
2024-03-31 23:00:00,26.4,57,3.7,0.0
2024-04-01 00:00:00,25.8,68,3.89,0.0
2024-04-01 01:00:00,25.2,79,3.59,0.0
2024-04-01 02:00:00,24.8,83,3.49,0.0
2024-04-01 03:00:00,24.6,82,3.14,0.0
2024-04-01 04:00:00,24.4,82,3.32,0.0
2024-04-01 05:00:00,24.5,79,3.61,0.0
2024-04-01 06:00:00,25.4,87,3.83,0.0
2024-04-01 07:00:00,25.9,85,2.82,50.0
2024-04-01 08:00:00,28.1,73,2.73,243.0
2024-04-01 09:00:00,30.8,58,2.21,473.0
2024-04-01 10:00:00,33.1,48,2.39,676.0
2024-04-01 11:00:00,33.8,50,3.66,833.0
2024-04-01 12:00:00,33.7,50,4.77,920.0
2024-04-01 13:00:00,33.8,44,5.3,937.0
2024-04-01 14:00:00,33.4,41,5.44,881.0
2024-04-01 15:00:00,32.6,45,5.56,730.0
2024-04-01 16:00:00,31.5,51,5.24,565.0
2024-04-01 17:00:00,30.1,59,4.88,345.0
2024-04-01 18:00:00,28.1,64,3.26,123.0
2024-04-01 19:00:00,26.7,73,3.36,5.0
2024-04-01 20:00:00,26.5,78,3.98,0.0
2024-04-01 21:00:00,26.3,80,3.69,0.0
2024-04-01 22:00:00,26.0,81,3.39,0.0
2024-04-01 23:00:00,25.5,83,2.92,0.0
2024-04-02 00:00:00,24.9,88,2.63,0.0
2024-04-02 01:00:00,24.1,93,1.96,0.0
2024-04-02 02:00:00,23.4,94,1.53,0.0
2024-04-02 03:00:00,22.6,94,1.35,0.0
2024-04-02 04:00:00,21.9,93,1.42,0.0
2024-04-02 05:00:00,21.3,93,1.36,0.0
2024-04-02 06:00:00,23.0,83,1.57,0.0
2024-04-02 07:00:00,24.8,75,2.34,54.0
2024-04-02 08:00:00,27.1,72,1.99,252.0
2024-04-02 09:00:00,29.4,60,0.92,486.0
2024-04-02 10:00:00,31.7,51,0.82,694.0
2024-04-02 11:00:00,33.0,49,2.1,851.0
2024-04-02 12:00:00,33.2,53,3.31,940.0
2024-04-02 13:00:00,33.1,49,4.31,956.0
2024-04-02 14:00:00,32.7,48,4.83,897.0
2024-04-02 15:00:00,32.1,51,4.84,766.0
2024-04-02 16:00:00,30.8,55,5.19,575.0
2024-04-02 17:00:00,29.5,61,5.08,348.0
2024-04-02 18:00:00,27.5,69,5.28,123.0
2024-04-02 19:00:00,26.8,73,4.76,5.0
2024-04-02 20:00:00,26.5,73,4.39,0.0
2024-04-02 21:00:00,26.2,73,3.55,0.0
2024-04-02 22:00:00,25.6,78,2.19,0.0
2024-04-02 23:00:00,23.8,88,1.77,0.0
2024-04-03 00:00:00,23.2,89,1.66,0.0
2024-04-03 01:00:00,22.9,90,1.49,0.0
2024-04-03 02:00:00,22.2,92,1.61,0.0
2024-04-03 03:00:00,22.2,91,1.53,0.0
2024-04-03 04:00:00,21.5,94,1.8,0.0
2024-04-03 05:00:00,21.5,92,1.7,0.0
2024-04-03 06:00:00,22.6,86,1.34,0.0
2024-04-03 07:00:00,24.5,76,2.13,55.0
2024-04-03 08:00:00,27.5,60,1.48,254.0
2024-04-03 09:00:00,30.3,45,0.63,486.0
2024-04-03 10:00:00,32.7,35,1.28,694.0
2024-04-03 11:00:00,33.4,40,3.04,850.0
2024-04-03 12:00:00,32.6,50,4.56,936.0
2024-04-03 13:00:00,32.6,48,5.07,951.0
2024-04-03 14:00:00,32.2,48,5.44,891.0
2024-04-03 15:00:00,31.4,52,5.72,759.0
2024-04-03 16:00:00,30.4,57,5.64,569.0
2024-04-03 17:00:00,29.3,62,5.46,344.0
2024-04-03 18:00:00,27.8,71,5.11,123.0
2024-04-03 19:00:00,26.9,77,4.05,5.0
2024-04-03 20:00:00,26.4,80,3.26,0.0
2024-04-03 21:00:00,26.0,83,2.13,0.0
2024-04-03 22:00:00,25.4,86,1.84,0.0
2024-04-03 23:00:00,25.0,89,2.15,0.0
2024-04-04 00:00:00,24.5,93,1.8,0.0
2024-04-04 01:00:00,23.7,94,1.3,0.0
2024-04-04 02:00:00,23.2,95,1.27,0.0
2024-04-04 03:00:00,22.8,95,1.42,0.0
2024-04-04 04:00:00,22.6,93,1.64,0.0
2024-04-04 05:00:00,22.2,93,1.42,0.0
2024-04-04 06:00:00,23.3,92,1.49,0.0
2024-04-04 07:00:00,24.7,85,2.0,55.0
2024-04-04 08:00:00,27.7,71,2.28,251.0
2024-04-04 09:00:00,30.0,60,3.32,478.0
2024-04-04 10:00:00,31.7,53,3.91,688.0
2024-04-04 11:00:00,32.3,55,4.95,846.0
2024-04-04 12:00:00,32.7,54,5.8,936.0
2024-04-04 13:00:00,32.9,52,5.95,953.0
2024-04-04 14:00:00,32.9,47,5.9,893.0
2024-04-04 15:00:00,32.5,45,5.83,763.0
2024-04-04 16:00:00,31.4,48,5.7,575.0
2024-04-04 17:00:00,30.1,54,5.34,349.0
2024-04-04 18:00:00,28.5,61,5.17,125.0
2024-04-04 19:00:00,27.6,65,4.81,5.0
2024-04-04 20:00:00,27.0,72,4.39,0.0
2024-04-04 21:00:00,26.7,75,4.61,0.0
2024-04-04 22:00:00,26.3,78,5.02,0.0
2024-04-04 23:00:00,26.0,83,4.82,0.0
2024-04-05 00:00:00,25.7,84,4.7,0.0
2024-04-05 01:00:00,25.5,86,3.99,0.0
2024-04-05 02:00:00,24.6,90,1.87,0.0
2024-04-05 03:00:00,23.8,92,1.7,0.0
2024-04-05 04:00:00,23.7,91,1.97,0.0
2024-04-05 05:00:00,23.2,89,1.84,0.0
2024-04-05 06:00:00,23.6,92,1.86,0.0
2024-04-05 07:00:00,25.0,84,2.48,58.0
2024-04-05 08:00:00,27.9,73,2.56,256.0
2024-04-05 09:00:00,31.0,55,3.4,487.0
2024-04-05 10:00:00,33.6,44,3.26,695.0
2024-04-05 11:00:00,34.6,44,3.89,848.0
2024-04-05 12:00:00,34.1,53,5.16,934.0
2024-04-05 13:00:00,34.8,46,6.38,945.0
2024-04-05 14:00:00,35.4,31,7.43,887.0
2024-04-05 15:00:00,35.0,30,7.22,764.0
2024-04-05 16:00:00,34.0,32,7.29,569.0
2024-04-05 17:00:00,33.0,34,6.51,350.0
2024-04-05 18:00:00,32.4,32,5.95,125.0
2024-04-05 19:00:00,30.0,45,6.04,5.0
2024-04-05 20:00:00,28.4,58,5.98,0.0
2024-04-05 21:00:00,27.9,63,5.56,0.0
2024-04-05 22:00:00,27.8,61,5.1,0.0
2024-04-05 23:00:00,27.3,67,4.47,0.0
2024-04-06 00:00:00,27.1,68,4.59,0.0
2024-04-06 01:00:00,26.9,68,4.2,0.0
2024-04-06 02:00:00,26.4,68,3.03,0.0
2024-04-06 03:00:00,25.8,61,2.28,0.0
2024-04-06 04:00:00,25.9,54,2.82,0.0
2024-04-06 05:00:00,26.6,50,4.3,0.0
2024-04-06 06:00:00,26.6,57,4.3,0.0
2024-04-06 07:00:00,27.8,53,3.35,60.0
2024-04-06 08:00:00,30.8,44,2.86,261.0
2024-04-06 09:00:00,33.8,33,3.81,491.0
2024-04-06 10:00:00,35.8,26,4.34,695.0
2024-04-06 11:00:00,36.8,25,4.47,849.0
2024-04-06 12:00:00,36.2,33,5.9,937.0
2024-04-06 13:00:00,35.9,33,6.82,943.0
2024-04-06 14:00:00,35.6,30,7.5,887.0
2024-04-06 15:00:00,34.6,30,7.89,760.0
2024-04-06 16:00:00,34.2,33,7.08,569.0
2024-04-06 17:00:00,33.7,34,6.88,345.0
2024-04-06 18:00:00,32.9,30,7.21,125.0
2024-04-06 19:00:00,32.3,28,6.26,5.0
2024-04-06 20:00:00,31.9,28,5.46,0.0
2024-04-06 21:00:00,29.5,49,5.9,0.0
2024-04-06 22:00:00,28.6,57,6.36,0.0
2024-04-06 23:00:00,28.4,56,6.05,0.0
2024-04-07 00:00:00,28.0,62,5.83,0.0
2024-04-07 01:00:00,27.7,62,5.23,0.0
2024-04-07 02:00:00,27.2,63,4.4,0.0
2024-04-07 03:00:00,26.9,64,4.44,0.0
2024-04-07 04:00:00,26.6,64,4.32,0.0
2024-04-07 05:00:00,26.6,65,4.41,0.0
2024-04-07 06:00:00,26.2,69,2.75,0.0
2024-04-07 07:00:00,27.3,63,2.68,62.0
2024-04-07 08:00:00,30.0,52,3.1,261.0
2024-04-07 09:00:00,32.9,39,3.93,484.0
2024-04-07 10:00:00,35.6,25,4.24,693.0
2024-04-07 11:00:00,36.5,18,5.24,858.0
2024-04-07 12:00:00,36.2,20,6.24,952.0
2024-04-07 13:00:00,36.0,16,7.07,969.0
2024-04-07 14:00:00,35.7,14,7.21,910.0
2024-04-07 15:00:00,35.0,14,6.72,778.0
2024-04-07 16:00:00,33.7,19,5.8,585.0
2024-04-07 17:00:00,31.8,29,4.67,356.0
2024-04-07 18:00:00,28.7,49,4.88,128.0
2024-04-07 19:00:00,27.5,56,4.02,6.0
2024-04-07 20:00:00,26.9,61,3.19,0.0
2024-04-07 21:00:00,26.4,64,3.05,0.0
2024-04-07 22:00:00,26.1,65,3.0,0.0
2024-04-07 23:00:00,25.8,62,2.98,0.0
2024-04-08 00:00:00,25.6,63,3.11,0.0
2024-04-08 01:00:00,25.1,70,2.83,0.0
2024-04-08 02:00:00,23.9,79,1.68,0.0
2024-04-08 03:00:00,22.3,89,1.64,0.0
2024-04-08 04:00:00,22.2,82,1.14,0.0
2024-04-08 05:00:00,21.9,76,1.33,0.0
2024-04-08 06:00:00,22.9,73,1.25,0.0
2024-04-08 07:00:00,24.9,66,2.06,65.0
2024-04-08 08:00:00,27.8,63,1.7,268.0
2024-04-08 09:00:00,29.9,56,1.51,500.0
2024-04-08 10:00:00,32.0,49,1.86,708.0
2024-04-08 11:00:00,33.4,46,2.51,864.0
2024-04-08 12:00:00,33.0,54,4.15,951.0
2024-04-08 13:00:00,32.7,54,5.19,963.0
2024-04-08 14:00:00,32.6,51,5.5,904.0
2024-04-08 15:00:00,32.1,53,5.32,774.0
2024-04-08 16:00:00,31.5,56,4.89,584.0
2024-04-08 17:00:00,30.3,60,4.41,358.0
2024-04-08 18:00:00,29.0,62,4.25,132.0
2024-04-08 19:00:00,27.7,68,3.56,6.0
2024-04-08 20:00:00,27.0,73,2.75,0.0
2024-04-08 21:00:00,26.2,80,2.27,0.0
2024-04-08 22:00:00,25.8,84,3.04,0.0
2024-04-08 23:00:00,25.3,90,2.51,0.0
2024-04-09 00:00:00,24.7,93,1.73,0.0
2024-04-09 01:00:00,24.4,94,1.73,0.0
2024-04-09 02:00:00,24.2,93,2.11,0.0
2024-04-09 03:00:00,23.4,93,1.55,0.0
2024-04-09 04:00:00,22.6,94,1.3,0.0
2024-04-09 05:00:00,21.7,95,1.62,0.0
2024-04-09 06:00:00,23.1,95,1.14,0.0
2024-04-09 07:00:00,24.7,89,1.52,64.0
2024-04-09 08:00:00,27.7,71,0.81,260.0
2024-04-09 09:00:00,30.8,53,1.56,504.0
2024-04-09 10:00:00,32.5,48,3.02,713.0
2024-04-09 11:00:00,33.5,44,3.97,867.0
2024-04-09 12:00:00,34.2,38,4.77,956.0
2024-04-09 13:00:00,34.2,36,5.27,972.0
2024-04-09 14:00:00,33.3,43,5.19,910.0
2024-04-09 15:00:00,32.3,50,4.83,776.0
2024-04-09 16:00:00,31.2,56,4.48,584.0
2024-04-09 17:00:00,30.0,63,4.2,355.0
2024-04-09 18:00:00,27.7,81,4.27,129.0
2024-04-09 19:00:00,26.8,84,3.32,6.0
2024-04-09 20:00:00,26.4,89,2.47,0.0
2024-04-09 21:00:00,25.8,93,1.71,0.0
2024-04-09 22:00:00,25.6,95,2.38,0.0
2024-04-09 23:00:00,25.5,95,2.33,0.0
2024-04-10 00:00:00,25.2,96,2.83,0.0
2024-04-10 01:00:00,25.0,96,2.75,0.0
2024-04-10 02:00:00,23.3,98,1.39,0.0
2024-04-10 03:00:00,23.8,98,1.41,0.0
2024-04-10 04:00:00,23.4,99,1.2,0.0
2024-04-10 05:00:00,23.3,98,2.02,0.0
2024-04-10 06:00:00,24.1,96,1.17,0.0
2024-04-10 07:00:00,24.7,93,0.73,59.0
2024-04-10 08:00:00,28.0,70,0.94,265.0
2024-04-10 09:00:00,30.9,51,1.5,502.0
2024-04-10 10:00:00,32.3,49,2.52,706.0
2024-04-10 11:00:00,33.0,50,3.44,858.0
2024-04-10 12:00:00,33.4,47,4.34,947.0
2024-04-10 13:00:00,33.1,44,5.16,961.0
2024-04-10 14:00:00,32.4,47,5.61,899.0
2024-04-10 15:00:00,31.3,55,5.51,766.0
2024-04-10 16:00:00,30.3,63,5.26,576.0
2024-04-10 17:00:00,29.3,69,4.96,350.0
2024-04-10 18:00:00,27.4,78,5.23,127.0
2024-04-10 19:00:00,26.8,84,4.58,6.0
2024-04-10 20:00:00,26.5,88,3.69,0.0
2024-04-10 21:00:00,26.1,90,2.05,0.0
2024-04-10 22:00:00,25.2,95,1.2,0.0
2024-04-10 23:00:00,25.2,95,2.18,0.0
2024-04-11 00:00:00,24.7,96,1.17,0.0
2024-04-11 01:00:00,24.2,96,1.41,0.0
2024-04-11 02:00:00,23.8,96,1.6,0.0
2024-04-11 03:00:00,23.0,97,1.63,0.0
2024-04-11 04:00:00,23.0,95,1.78,0.0
2024-04-11 05:00:00,22.6,95,1.9,0.0
2024-04-11 06:00:00,24.1,97,1.39,0.0
2024-04-11 07:00:00,26.0,88,1.22,65.0
2024-04-11 08:00:00,28.5,69,1.14,270.0
2024-04-11 09:00:00,31.3,47,0.9,501.0
2024-04-11 10:00:00,33.5,35,1.8,700.0
2024-04-11 11:00:00,33.4,44,3.71,853.0
2024-04-11 12:00:00,33.1,45,4.53,942.0
2024-04-11 13:00:00,32.8,46,4.85,957.0
2024-04-11 14:00:00,32.6,45,5.14,894.0
2024-04-11 15:00:00,32.0,47,5.19,762.0
2024-04-11 16:00:00,30.9,54,5.22,572.0
2024-04-11 17:00:00,29.7,60,4.75,348.0
2024-04-11 18:00:00,28.0,70,4.61,126.0
2024-04-11 19:00:00,27.3,75,3.94,6.0
2024-04-11 20:00:00,26.9,80,1.5,0.0
2024-04-11 21:00:00,25.7,86,1.52,0.0
2024-04-11 22:00:00,25.1,89,1.49,0.0
2024-04-11 23:00:00,24.8,88,1.39,0.0
2024-04-12 00:00:00,24.1,91,1.35,0.0
2024-04-12 01:00:00,23.8,90,1.22,0.0
2024-04-12 02:00:00,23.2,92,1.8,0.0
2024-04-12 03:00:00,24.1,88,2.5,0.0
2024-04-12 04:00:00,24.4,87,3.92,0.0
2024-04-12 05:00:00,24.1,92,2.95,0.0
2024-04-12 06:00:00,23.7,91,1.39,0.0
2024-04-12 07:00:00,25.2,82,1.73,71.0
2024-04-12 08:00:00,28.0,68,2.01,274.0
2024-04-12 09:00:00,30.0,56,2.27,503.0
2024-04-12 10:00:00,31.8,45,2.64,707.0
2024-04-12 11:00:00,33.2,33,3.23,863.0
2024-04-12 12:00:00,33.8,27,3.88,954.0
2024-04-12 13:00:00,33.2,33,4.41,970.0
2024-04-12 14:00:00,32.6,36,4.41,907.0
2024-04-12 15:00:00,31.9,40,4.51,773.0
2024-04-12 16:00:00,31.0,44,4.27,582.0
2024-04-12 17:00:00,29.5,53,4.35,354.0
2024-04-12 18:00:00,27.8,65,4.88,129.0
2024-04-12 19:00:00,26.9,70,4.03,6.0
2024-04-12 20:00:00,26.4,74,2.86,0.0
2024-04-12 21:00:00,25.8,77,2.12,0.0
2024-04-12 22:00:00,25.3,81,1.63,0.0
2024-04-12 23:00:00,25.6,81,0.51,0.0
2024-04-13 00:00:00,23.4,91,1.61,0.0
2024-04-13 01:00:00,23.1,91,1.55,0.0
2024-04-13 02:00:00,22.9,90,1.2,0.0
2024-04-13 03:00:00,23.1,88,0.91,0.0
2024-04-13 04:00:00,22.9,90,1.08,0.0
2024-04-13 05:00:00,22.6,93,1.17,0.0
2024-04-13 06:00:00,23.5,92,1.36,0.0
2024-04-13 07:00:00,25.1,86,1.4,71.0
2024-04-13 08:00:00,27.2,74,1.14,274.0
2024-04-13 09:00:00,28.8,64,0.99,498.0
2024-04-13 10:00:00,30.3,56,1.96,705.0
2024-04-13 11:00:00,31.0,55,3.35,865.0
2024-04-13 12:00:00,31.3,50,4.24,954.0
2024-04-13 13:00:00,31.5,43,4.51,971.0
2024-04-13 14:00:00,31.1,46,4.88,911.0
2024-04-13 15:00:00,30.4,51,4.92,776.0
2024-04-13 16:00:00,29.5,57,4.85,585.0
2024-04-13 17:00:00,28.4,64,4.74,356.0
2024-04-13 18:00:00,27.2,68,4.75,131.0
2024-04-13 19:00:00,26.7,71,3.64,6.0
2024-04-13 20:00:00,26.2,76,2.42,0.0
2024-04-13 21:00:00,25.7,80,2.15,0.0
2024-04-13 22:00:00,25.3,81,2.47,0.0
2024-04-13 23:00:00,24.0,88,1.8,0.0
2024-04-14 00:00:00,23.2,92,1.63,0.0
2024-04-14 01:00:00,23.0,93,1.26,0.0
2024-04-14 02:00:00,22.6,94,1.24,0.0
2024-04-14 03:00:00,22.6,93,1.41,0.0
2024-04-14 04:00:00,22.1,94,1.13,0.0
2024-04-14 05:00:00,21.7,94,1.7,0.0
2024-04-14 06:00:00,23.2,94,1.41,0.0
2024-04-14 07:00:00,25.5,83,1.0,72.0
2024-04-14 08:00:00,27.6,72,0.58,267.0
2024-04-14 09:00:00,29.7,65,1.2,504.0
2024-04-14 10:00:00,31.4,58,1.89,707.0
2024-04-14 11:00:00,32.6,56,3.09,858.0
2024-04-14 12:00:00,32.6,58,4.43,946.0
2024-04-14 13:00:00,32.2,59,5.29,958.0
2024-04-14 14:00:00,31.8,61,5.81,897.0
2024-04-14 15:00:00,31.5,64,6.16,764.0
2024-04-14 16:00:00,30.6,67,6.0,573.0
2024-04-14 17:00:00,29.5,73,6.04,349.0
2024-04-14 18:00:00,28.0,82,6.61,129.0
2024-04-14 19:00:00,27.3,86,5.95,7.0
2024-04-14 20:00:00,27.1,88,4.83,0.0
2024-04-14 21:00:00,26.8,89,2.62,0.0
2024-04-14 22:00:00,26.3,92,1.8,0.0
2024-04-14 23:00:00,26.1,93,2.62,0.0
2024-04-15 00:00:00,25.8,94,3.0,0.0
2024-04-15 01:00:00,25.3,95,2.06,0.0
2024-04-15 02:00:00,25.1,93,1.73,0.0
2024-04-15 03:00:00,24.4,94,1.61,0.0
2024-04-15 04:00:00,25.2,91,2.24,0.0
2024-04-15 05:00:00,25.4,88,2.51,0.0
2024-04-15 06:00:00,25.8,86,1.84,0.0
2024-04-15 07:00:00,28.0,77,1.61,76.0
2024-04-15 08:00:00,30.6,65,1.99,277.0
2024-04-15 09:00:00,33.3,54,2.51,502.0
2024-04-15 10:00:00,35.4,47,2.75,701.0
2024-04-15 11:00:00,36.2,49,3.33,850.0
2024-04-15 12:00:00,36.2,53,4.47,935.0
2024-04-15 13:00:00,36.1,51,5.33,945.0
2024-04-15 14:00:00,36.3,45,5.33,880.0
2024-04-15 15:00:00,36.1,46,4.85,745.0
2024-04-15 16:00:00,35.2,49,5.66,563.0
2024-04-15 17:00:00,34.0,54,5.04,346.0
2024-04-15 18:00:00,32.6,57,5.42,126.0
2024-04-15 19:00:00,32.1,55,6.04,7.0
2024-04-15 20:00:00,32.2,51,5.22,0.0
2024-04-15 21:00:00,32.1,47,3.71,0.0
2024-04-15 22:00:00,31.4,47,2.25,0.0
2024-04-15 23:00:00,29.8,60,1.78,0.0
2024-04-16 00:00:00,28.9,72,3.58,0.0
2024-04-16 01:00:00,28.5,76,3.83,0.0
2024-04-16 02:00:00,28.2,78,3.81,0.0
2024-04-16 03:00:00,27.9,80,3.76,0.0
2024-04-16 04:00:00,27.8,79,3.7,0.0
2024-04-16 05:00:00,27.9,74,4.24,0.0
2024-04-16 06:00:00,28.8,77,4.08,0.0
2024-04-16 07:00:00,30.6,64,4.0,76.0
2024-04-16 08:00:00,34.1,44,2.79,269.0
2024-04-16 09:00:00,37.3,32,2.6,493.0
2024-04-16 10:00:00,39.6,26,2.61,677.0
2024-04-16 11:00:00,40.5,23,2.53,714.0
2024-04-16 12:00:00,40.6,27,3.62,898.0
2024-04-16 13:00:00,40.7,28,4.69,873.0
2024-04-16 14:00:00,41.3,26,4.36,849.0
2024-04-16 15:00:00,40.0,30,4.92,734.0
2024-04-16 16:00:00,38.2,37,5.62,551.0
2024-04-16 17:00:00,36.7,36,5.99,334.0
2024-04-16 18:00:00,34.8,38,4.84,125.0
2024-04-16 19:00:00,33.8,37,4.74,7.0
2024-04-16 20:00:00,33.5,38,4.25,0.0
2024-04-16 21:00:00,32.9,40,4.4,0.0
2024-04-16 22:00:00,32.6,39,3.03,0.0
2024-04-16 23:00:00,31.4,38,1.6,0.0
2024-04-17 00:00:00,33.0,33,1.17,0.0
2024-04-17 01:00:00,30.3,39,0.92,0.0
2024-04-17 02:00:00,30.5,44,3.7,0.0
2024-04-17 03:00:00,29.7,54,4.08,0.0
2024-04-17 04:00:00,29.4,56,3.51,0.0
2024-04-17 05:00:00,29.2,57,2.18,0.0
2024-04-17 06:00:00,27.9,83,1.5,0.0
2024-04-17 07:00:00,29.2,80,2.7,63.0
2024-04-17 08:00:00,30.7,71,2.75,227.0
2024-04-17 09:00:00,31.9,66,3.42,429.0
2024-04-17 10:00:00,33.0,59,4.25,662.0
2024-04-17 11:00:00,33.7,54,4.6,836.0
2024-04-17 12:00:00,33.7,55,5.06,930.0
2024-04-17 13:00:00,33.7,56,4.58,951.0
2024-04-17 14:00:00,33.8,55,4.19,875.0
2024-04-17 15:00:00,33.2,59,4.12,750.0
2024-04-17 16:00:00,32.6,58,3.85,561.0
2024-04-17 17:00:00,31.5,66,3.19,342.0
2024-04-17 18:00:00,30.0,83,2.92,126.0
2024-04-17 19:00:00,29.3,87,2.76,7.0
2024-04-17 20:00:00,28.9,89,2.64,0.0
2024-04-17 21:00:00,28.7,91,2.41,0.0
2024-04-17 22:00:00,28.5,92,3.01,0.0
2024-04-17 23:00:00,28.4,90,3.16,0.0
2024-04-18 00:00:00,28.2,91,2.3,0.0
2024-04-18 01:00:00,27.8,93,1.84,0.0
2024-04-18 02:00:00,27.8,94,1.75,0.0
2024-04-18 03:00:00,27.7,94,1.17,0.0
2024-04-18 04:00:00,27.3,96,1.6,0.0
2024-04-18 05:00:00,27.1,96,2.14,0.0
2024-04-18 06:00:00,28.4,96,2.33,1.0
2024-04-18 07:00:00,29.6,89,2.12,67.0
2024-04-18 08:00:00,30.9,80,1.75,260.0
2024-04-18 09:00:00,32.3,72,1.92,465.0
2024-04-18 10:00:00,33.3,69,3.04,683.0
2024-04-18 11:00:00,33.7,66,4.21,845.0
2024-04-18 12:00:00,33.9,59,4.94,923.0
2024-04-18 13:00:00,34.0,57,5.2,930.0
2024-04-18 14:00:00,34.3,50,5.91,870.0
2024-04-18 15:00:00,33.7,51,5.8,745.0
2024-04-18 16:00:00,33.3,50,5.26,554.0
2024-04-18 17:00:00,32.4,53,4.98,340.0
2024-04-18 18:00:00,30.7,57,4.6,128.0
2024-04-18 19:00:00,29.7,66,3.47,7.0
2024-04-18 20:00:00,29.4,69,3.41,0.0
2024-04-18 21:00:00,29.2,68,2.7,0.0
2024-04-18 22:00:00,28.5,72,1.5,0.0
2024-04-18 23:00:00,29.0,68,0.22,0.0
2024-04-19 00:00:00,28.7,69,0.28,0.0
2024-04-19 01:00:00,28.5,68,0.2,0.0
2024-04-19 02:00:00,27.7,72,0.71,0.0
2024-04-19 03:00:00,26.5,79,1.41,0.0
2024-04-19 04:00:00,26.8,79,1.3,0.0
2024-04-19 05:00:00,28.2,73,0.22,0.0
2024-04-19 06:00:00,27.8,86,1.33,1.0
2024-04-19 07:00:00,29.5,77,1.52,81.0
2024-04-19 08:00:00,31.3,67,0.85,283.0
2024-04-19 09:00:00,33.2,58,0.41,506.0
2024-04-19 10:00:00,34.9,52,1.55,702.0
2024-04-19 11:00:00,35.1,55,3.61,845.0
2024-04-19 12:00:00,35.1,52,4.85,931.0
2024-04-19 13:00:00,35.7,45,5.76,927.0
2024-04-19 14:00:00,35.7,41,6.53,868.0
2024-04-19 15:00:00,35.3,39,7.08,750.0
2024-04-19 16:00:00,34.2,42,7.42,563.0
2024-04-19 17:00:00,32.7,50,6.79,348.0
2024-04-19 18:00:00,30.2,64,6.29,129.0
2024-04-19 19:00:00,28.9,78,5.45,7.0
2024-04-19 20:00:00,28.8,78,5.75,0.0
2024-04-19 21:00:00,28.8,76,5.39,0.0
2024-04-19 22:00:00,28.9,72,4.7,0.0
2024-04-19 23:00:00,28.7,69,3.42,0.0
2024-04-20 00:00:00,28.2,69,1.68,0.0
2024-04-20 01:00:00,27.4,69,1.52,0.0
2024-04-20 02:00:00,27.6,67,1.71,0.0
2024-04-20 03:00:00,27.3,66,1.53,0.0
2024-04-20 04:00:00,26.2,70,1.84,0.0
2024-04-20 05:00:00,26.1,70,1.46,0.0
2024-04-20 06:00:00,28.0,77,2.35,1.0
2024-04-20 07:00:00,29.1,74,2.6,66.0
2024-04-20 08:00:00,31.2,65,3.76,268.0
2024-04-20 09:00:00,33.3,53,3.86,478.0
2024-04-20 10:00:00,35.2,43,4.16,672.0
2024-04-20 11:00:00,35.5,42,5.74,813.0
2024-04-20 12:00:00,35.4,40,6.72,875.0
2024-04-20 13:00:00,35.7,35,6.93,882.0
2024-04-20 14:00:00,35.3,33,7.36,827.0
2024-04-20 15:00:00,34.8,34,7.51,741.0
2024-04-20 16:00:00,33.7,38,6.88,569.0
2024-04-20 17:00:00,32.5,44,6.24,348.0
2024-04-20 18:00:00,30.1,55,5.59,123.0
2024-04-20 19:00:00,28.9,69,4.68,7.0
2024-04-20 20:00:00,28.5,72,2.82,0.0
2024-04-20 21:00:00,28.1,75,2.73,0.0
2024-04-20 22:00:00,27.7,76,2.27,0.0
2024-04-20 23:00:00,27.2,79,1.56,0.0
2024-04-21 00:00:00,26.1,86,1.49,0.0
2024-04-21 01:00:00,26.2,86,2.0,0.0
2024-04-21 02:00:00,25.6,88,1.21,0.0
2024-04-21 03:00:00,25.1,87,1.1,0.0
2024-04-21 04:00:00,24.5,88,1.72,0.0
2024-04-21 05:00:00,24.3,86,1.75,0.0
2024-04-21 06:00:00,27.3,70,2.62,1.0
2024-04-21 07:00:00,28.5,64,2.33,69.0
2024-04-21 08:00:00,30.5,57,3.11,269.0
2024-04-21 09:00:00,32.4,48,3.71,516.0
2024-04-21 10:00:00,33.5,45,4.47,708.0
2024-04-21 11:00:00,33.5,48,5.66,855.0
2024-04-21 12:00:00,33.7,45,6.25,933.0
2024-04-21 13:00:00,34.0,41,6.75,938.0
2024-04-21 14:00:00,33.9,39,7.08,887.0
2024-04-21 15:00:00,33.6,37,7.21,756.0
2024-04-21 16:00:00,33.0,39,6.93,569.0
2024-04-21 17:00:00,31.8,43,6.37,348.0
2024-04-21 18:00:00,30.0,50,5.02,122.0
2024-04-21 19:00:00,29.4,52,5.09,7.0
2024-04-21 20:00:00,28.8,60,4.96,0.0
2024-04-21 21:00:00,28.6,66,5.13,0.0
2024-04-21 22:00:00,28.1,71,4.43,0.0
2024-04-21 23:00:00,27.6,74,3.0,0.0
2024-04-22 00:00:00,27.4,77,3.45,0.0
2024-04-22 01:00:00,27.0,78,1.9,0.0
2024-04-22 02:00:00,26.5,81,1.5,0.0
2024-04-22 03:00:00,26.1,84,1.5,0.0
2024-04-22 04:00:00,25.9,87,1.8,0.0
2024-04-22 05:00:00,25.8,88,1.9,0.0
2024-04-22 06:00:00,27.2,86,1.61,1.0
2024-04-22 07:00:00,28.5,81,2.82,80.0
2024-04-22 08:00:00,30.1,72,2.94,266.0
2024-04-22 09:00:00,31.7,63,3.8,494.0
2024-04-22 10:00:00,32.7,58,4.82,690.0
2024-04-22 11:00:00,33.3,56,5.66,835.0
2024-04-22 12:00:00,34.0,46,6.3,924.0
2024-04-22 13:00:00,34.3,40,6.72,909.0
2024-04-22 14:00:00,34.1,39,6.79,853.0
2024-04-22 15:00:00,33.7,38,6.44,747.0
2024-04-22 16:00:00,32.9,40,6.17,556.0
2024-04-22 17:00:00,32.0,43,5.61,341.0
2024-04-22 18:00:00,30.5,54,5.17,133.0
2024-04-22 19:00:00,29.1,64,4.53,8.0
2024-04-22 20:00:00,28.3,75,4.46,0.0
2024-04-22 21:00:00,28.0,75,4.25,0.0
2024-04-22 22:00:00,27.7,76,3.98,0.0
2024-04-22 23:00:00,27.4,76,3.44,0.0
2024-04-23 00:00:00,27.1,78,2.83,0.0
2024-04-23 01:00:00,26.6,82,2.42,0.0
2024-04-23 02:00:00,26.0,87,2.04,0.0
2024-04-23 03:00:00,25.3,92,1.63,0.0
2024-04-23 04:00:00,24.7,94,1.28,0.0
2024-04-23 05:00:00,24.3,91,1.33,0.0
2024-04-23 06:00:00,24.3,87,1.55,1.0
2024-04-23 07:00:00,27.5,72,2.16,91.0
2024-04-23 08:00:00,29.6,71,2.25,288.0
2024-04-23 09:00:00,31.5,61,2.52,514.0
2024-04-23 10:00:00,33.4,50,3.47,721.0
2024-04-23 11:00:00,34.1,48,4.83,870.0
2024-04-23 12:00:00,34.4,42,5.75,948.0
2024-04-23 13:00:00,34.2,39,6.25,962.0
2024-04-23 14:00:00,33.5,43,6.53,896.0
2024-04-23 15:00:00,32.8,48,6.51,766.0
2024-04-23 16:00:00,32.1,50,6.3,580.0
2024-04-23 17:00:00,31.1,54,5.83,355.0
2024-04-23 18:00:00,29.1,68,5.81,136.0
2024-04-23 19:00:00,28.4,69,5.19,8.0
2024-04-23 20:00:00,28.1,72,4.36,0.0
2024-04-23 21:00:00,27.8,74,4.0,0.0
2024-04-23 22:00:00,27.5,76,3.61,0.0
2024-04-23 23:00:00,27.0,78,2.42,0.0
2024-04-24 00:00:00,26.4,83,2.02,0.0
2024-04-24 01:00:00,25.7,87,1.6,0.0
2024-04-24 02:00:00,24.8,91,1.3,0.0
2024-04-24 03:00:00,24.5,89,1.43,0.0
2024-04-24 04:00:00,24.1,84,1.3,0.0
2024-04-24 05:00:00,23.8,82,1.64,0.0
2024-04-24 06:00:00,26.4,80,2.56,1.0
2024-04-24 07:00:00,28.1,78,3.0,77.0
2024-04-24 08:00:00,29.7,75,3.55,257.0
2024-04-24 09:00:00,31.2,68,3.86,484.0
2024-04-24 10:00:00,32.9,60,3.62,708.0
2024-04-24 11:00:00,33.9,57,3.86,858.0
2024-04-24 12:00:00,33.9,56,5.1,941.0
2024-04-24 13:00:00,33.8,50,5.92,949.0
2024-04-24 14:00:00,33.4,52,6.04,861.0
2024-04-24 15:00:00,33.0,52,6.19,750.0
2024-04-24 16:00:00,32.0,58,5.97,571.0
2024-04-24 17:00:00,30.7,66,5.52,352.0
2024-04-24 18:00:00,29.1,74,6.11,133.0
2024-04-24 19:00:00,28.5,74,5.87,8.0
2024-04-24 20:00:00,28.5,75,5.09,0.0
2024-04-24 21:00:00,28.3,77,4.11,0.0
2024-04-24 22:00:00,27.2,83,1.12,0.0
2024-04-24 23:00:00,26.6,84,1.34,0.0
2024-04-25 00:00:00,26.3,84,1.17,0.0
2024-04-25 01:00:00,26.1,84,1.14,0.0
2024-04-25 02:00:00,26.0,83,1.03,0.0
2024-04-25 03:00:00,25.4,83,1.39,0.0
2024-04-25 04:00:00,25.2,84,1.43,0.0
2024-04-25 05:00:00,24.7,86,1.75,0.0
2024-04-25 06:00:00,27.3,93,2.7,2.0
2024-04-25 07:00:00,28.6,86,4.02,72.0
2024-04-25 08:00:00,30.0,77,3.94,253.0
2024-04-25 09:00:00,31.6,67,4.22,478.0
2024-04-25 10:00:00,33.0,60,5.1,711.0
2024-04-25 11:00:00,33.9,50,5.66,849.0
2024-04-25 12:00:00,34.4,41,5.89,931.0
2024-04-25 13:00:00,34.1,39,6.61,949.0
2024-04-25 14:00:00,33.6,41,6.81,882.0
2024-04-25 15:00:00,32.9,46,7.09,754.0
2024-04-25 16:00:00,31.9,49,6.84,569.0
2024-04-25 17:00:00,30.7,56,6.18,352.0
2024-04-25 18:00:00,29.4,60,6.12,135.0
2024-04-25 19:00:00,28.8,64,5.58,9.0
2024-04-25 20:00:00,28.5,69,4.82,0.0
2024-04-25 21:00:00,28.3,72,3.89,0.0
2024-04-25 22:00:00,27.6,79,1.5,0.0
2024-04-25 23:00:00,27.2,77,1.42,0.0
2024-04-26 00:00:00,26.3,77,1.78,0.0
2024-04-26 01:00:00,26.2,75,1.43,0.0
2024-04-26 02:00:00,26.1,74,1.5,0.0
2024-04-26 03:00:00,25.7,77,1.41,0.0
2024-04-26 04:00:00,25.8,77,1.82,0.0
2024-04-26 05:00:00,26.1,73,2.06,0.0
2024-04-26 06:00:00,27.1,87,2.55,2.0
2024-04-26 07:00:00,28.3,75,1.3,75.0
2024-04-26 08:00:00,30.8,59,2.84,293.0
2024-04-26 09:00:00,33.7,44,2.5,522.0
2024-04-26 10:00:00,35.0,41,4.1,711.0
2024-04-26 11:00:00,34.8,48,5.06,862.0
2024-04-26 12:00:00,35.2,45,5.55,941.0
2024-04-26 13:00:00,34.9,45,6.07,938.0
2024-04-26 14:00:00,34.5,47,6.14,876.0
2024-04-26 15:00:00,33.5,52,6.0,752.0
2024-04-26 16:00:00,32.7,56,5.72,566.0
2024-04-26 17:00:00,31.5,63,5.19,350.0
2024-04-26 18:00:00,30.2,66,5.59,131.0
2024-04-26 19:00:00,29.5,72,4.68,7.0
2024-04-26 20:00:00,29.6,65,4.81,0.0
2024-04-26 21:00:00,28.9,76,4.96,0.0
2024-04-26 22:00:00,28.5,79,4.89,0.0
2024-04-26 23:00:00,28.1,81,4.49,0.0
2024-04-27 00:00:00,27.5,83,2.81,0.0
2024-04-27 01:00:00,27.0,85,2.4,0.0
2024-04-27 02:00:00,26.5,87,1.63,0.0
2024-04-27 03:00:00,26.2,87,2.0,0.0
2024-04-27 04:00:00,26.1,86,2.3,0.0
2024-04-27 05:00:00,26.1,82,2.42,0.0
2024-04-27 06:00:00,28.3,65,3.1,2.0
2024-04-27 07:00:00,29.3,67,3.49,73.0
2024-04-27 08:00:00,30.9,64,3.67,285.0
2024-04-27 09:00:00,33.0,53,3.76,526.0
2024-04-27 10:00:00,34.6,48,4.08,720.0
2024-04-27 11:00:00,35.2,51,4.88,864.0
2024-04-27 12:00:00,35.7,47,5.48,943.0
2024-04-27 13:00:00,36.1,39,6.16,952.0
2024-04-27 14:00:00,35.9,37,6.2,869.0
2024-04-27 15:00:00,35.0,42,6.23,742.0
2024-04-27 16:00:00,34.4,45,6.51,571.0
2024-04-27 17:00:00,33.4,51,6.51,355.0
2024-04-27 18:00:00,32.1,49,6.16,138.0
2024-04-27 19:00:00,31.2,52,6.41,9.0
2024-04-27 20:00:00,31.1,51,5.69,0.0
2024-04-27 21:00:00,30.8,52,4.83,0.0
2024-04-27 22:00:00,30.1,57,4.14,0.0
2024-04-27 23:00:00,29.1,64,3.59,0.0
2024-04-28 00:00:00,28.6,66,3.62,0.0
2024-04-28 01:00:00,28.2,67,3.55,0.0
2024-04-28 02:00:00,28.0,68,3.71,0.0
2024-04-28 03:00:00,27.6,68,2.63,0.0
2024-04-28 04:00:00,27.4,66,2.9,0.0
2024-04-28 05:00:00,27.1,65,2.02,0.0
2024-04-28 06:00:00,28.9,64,3.7,2.0
2024-04-28 07:00:00,30.2,64,3.59,98.0
2024-04-28 08:00:00,32.6,55,3.96,305.0
2024-04-28 09:00:00,35.6,42,4.63,527.0
2024-04-28 10:00:00,38.1,30,4.83,719.0
2024-04-28 11:00:00,39.4,28,4.92,863.0
2024-04-28 12:00:00,38.7,36,6.44,943.0
2024-04-28 13:00:00,39.0,33,7.07,951.0
2024-04-28 14:00:00,38.6,31,7.57,889.0
2024-04-28 15:00:00,37.8,31,7.5,758.0
2024-04-28 16:00:00,36.4,38,7.53,574.0
2024-04-28 17:00:00,35.6,37,7.32,355.0
2024-04-28 18:00:00,34.4,36,6.52,127.0
2024-04-28 19:00:00,33.8,33,6.75,9.0
2024-04-28 20:00:00,33.0,36,5.41,0.0
2024-04-28 21:00:00,32.5,36,3.65,0.0
2024-04-28 22:00:00,31.6,42,3.94,0.0
2024-04-28 23:00:00,30.0,58,3.99,0.0
2024-04-29 00:00:00,29.6,53,4.02,0.0
2024-04-29 01:00:00,29.4,53,4.11,0.0
2024-04-29 02:00:00,29.1,52,3.42,0.0
2024-04-29 03:00:00,28.6,52,2.61,0.0
2024-04-29 04:00:00,27.9,54,1.99,0.0
2024-04-29 05:00:00,26.8,57,1.9,0.0
2024-04-29 06:00:00,29.1,61,2.79,3.0
2024-04-29 07:00:00,30.7,59,3.13,95.0
2024-04-29 08:00:00,33.0,51,3.2,290.0
2024-04-29 09:00:00,35.3,43,3.67,508.0
2024-04-29 10:00:00,36.3,43,4.32,702.0
2024-04-29 11:00:00,36.9,42,5.87,869.0
2024-04-29 12:00:00,37.8,30,7.01,942.0
2024-04-29 13:00:00,38.2,24,7.38,953.0
2024-04-29 14:00:00,37.9,23,7.23,885.0
2024-04-29 15:00:00,37.5,24,6.81,763.0
2024-04-29 16:00:00,36.6,26,6.67,576.0
2024-04-29 17:00:00,35.5,28,6.28,356.0
2024-04-29 18:00:00,34.0,25,5.94,140.0
2024-04-29 19:00:00,33.3,23,5.68,10.0
2024-04-29 20:00:00,32.2,31,5.85,0.0
2024-04-29 21:00:00,29.5,62,4.74,0.0
2024-04-29 22:00:00,29.1,65,3.89,0.0
2024-04-29 23:00:00,28.8,65,3.73,0.0
2024-04-30 00:00:00,28.7,61,3.7,0.0
2024-04-30 01:00:00,28.4,61,3.24,0.0
2024-04-30 02:00:00,27.9,66,3.0,0.0
2024-04-30 03:00:00,27.4,69,2.14,0.0
2024-04-30 04:00:00,26.4,71,1.43,0.0
2024-04-30 05:00:00,25.8,68,1.42,0.0
2024-04-30 06:00:00,27.5,83,2.42,3.0
2024-04-30 07:00:00,29.1,70,2.25,103.0
2024-04-30 08:00:00,32.2,54,2.63,312.0
2024-04-30 09:00:00,35.3,41,3.42,534.0
2024-04-30 10:00:00,37.3,34,4.25,728.0
2024-04-30 11:00:00,37.6,39,5.3,871.0
2024-04-30 12:00:00,37.6,36,6.94,949.0
2024-04-30 13:00:00,37.5,33,7.5,961.0
2024-04-30 14:00:00,37.5,30,7.22,900.0
2024-04-30 15:00:00,37.1,30,6.65,767.0
2024-04-30 16:00:00,36.2,30,5.94,581.0
2024-04-30 17:00:00,34.8,36,4.89,361.0
2024-04-30 18:00:00,33.1,38,4.17,142.0
2024-04-30 19:00:00,30.9,50,5.01,10.0
2024-04-30 20:00:00,29.3,71,5.1,0.0
2024-04-30 21:00:00,29.3,65,3.97,0.0
2024-04-30 22:00:00,28.9,66,3.82,0.0
2024-04-30 23:00:00,28.5,70,3.28,0.0
2024-05-01 00:00:00,28.2,67,2.97,0.0
2024-05-01 01:00:00,27.7,70,2.26,0.0
2024-05-01 02:00:00,26.2,77,2.06,0.0
2024-05-01 03:00:00,25.8,79,2.02,0.0
2024-05-01 04:00:00,25.6,81,1.92,0.0
2024-05-01 05:00:00,25.1,84,1.97,0.0
2024-05-01 06:00:00,27.2,86,2.2,3.0
2024-05-01 07:00:00,28.8,78,1.25,105.0
2024-05-01 08:00:00,30.6,66,1.56,316.0
2024-05-01 09:00:00,32.3,55,2.2,539.0
2024-05-01 10:00:00,33.5,47,3.72,734.0
2024-05-01 11:00:00,34.1,40,4.66,879.0
2024-05-01 12:00:00,34.4,36,5.16,964.0
2024-05-01 13:00:00,34.5,34,5.46,974.0
2024-05-01 14:00:00,34.3,34,5.52,910.0
2024-05-01 15:00:00,33.7,37,5.55,780.0
2024-05-01 16:00:00,32.6,43,5.38,591.0
2024-05-01 17:00:00,31.2,52,4.61,368.0
2024-05-01 18:00:00,29.2,62,4.39,146.0
2024-05-01 19:00:00,28.1,74,3.49,10.0
2024-05-01 20:00:00,27.7,78,2.44,0.0
2024-05-01 21:00:00,26.9,82,1.41,0.0
2024-05-01 22:00:00,25.6,88,2.0,0.0
2024-05-01 23:00:00,25.3,89,1.9,0.0
2024-05-02 00:00:00,25.5,88,1.75,0.0
2024-05-02 01:00:00,26.6,82,0.9,0.0
2024-05-02 02:00:00,26.2,84,0.64,0.0
2024-05-02 03:00:00,24.3,93,1.56,0.0
2024-05-02 04:00:00,24.3,94,1.35,0.0
2024-05-02 05:00:00,24.4,95,1.58,0.0
2024-05-02 06:00:00,27.1,82,0.67,3.0
2024-05-02 07:00:00,28.3,75,0.2,106.0
2024-05-02 08:00:00,29.8,65,0.36,319.0
2024-05-02 09:00:00,31.3,57,0.72,545.0
2024-05-02 10:00:00,32.6,51,2.06,744.0
2024-05-02 11:00:00,33.0,51,3.63,891.0
2024-05-02 12:00:00,33.2,47,4.3,973.0
2024-05-02 13:00:00,33.4,41,4.9,985.0
2024-05-02 14:00:00,32.9,42,5.45,923.0
2024-05-02 15:00:00,32.4,43,5.38,790.0
2024-05-02 16:00:00,31.6,46,5.04,601.0
2024-05-02 17:00:00,30.5,53,4.68,376.0
2024-05-02 18:00:00,28.7,69,5.69,148.0
2024-05-02 19:00:00,27.8,75,4.72,11.0
2024-05-02 20:00:00,27.4,77,2.98,0.0
2024-05-02 21:00:00,27.4,77,1.08,0.0
2024-05-02 22:00:00,25.2,87,1.02,0.0
2024-05-02 23:00:00,24.6,91,1.43,0.0
2024-05-03 00:00:00,25.1,88,0.58,0.0
2024-05-03 01:00:00,24.0,92,1.1,0.0
2024-05-03 02:00:00,23.6,94,1.6,0.0
2024-05-03 03:00:00,23.4,95,1.3,0.0
2024-05-03 04:00:00,23.3,95,1.06,0.0
2024-05-03 05:00:00,23.3,94,1.34,0.0
2024-05-03 06:00:00,24.9,96,1.22,3.0
2024-05-03 07:00:00,26.1,88,1.57,93.0
2024-05-03 08:00:00,28.3,77,1.46,292.0
2024-05-03 09:00:00,30.3,65,1.58,503.0
2024-05-03 10:00:00,32.2,56,1.97,726.0
2024-05-03 11:00:00,33.2,53,3.32,881.0
2024-05-03 12:00:00,33.2,51,4.34,965.0
2024-05-03 13:00:00,33.1,49,5.0,977.0
2024-05-03 14:00:00,32.5,54,5.48,914.0
2024-05-03 15:00:00,31.8,59,5.6,780.0
2024-05-03 16:00:00,31.0,63,5.47,592.0
2024-05-03 17:00:00,30.1,67,5.25,369.0
2024-05-03 18:00:00,28.8,74,5.24,146.0
2024-05-03 19:00:00,27.8,82,4.47,11.0
2024-05-03 20:00:00,27.4,83,3.35,0.0
2024-05-03 21:00:00,26.3,91,1.7,0.0
2024-05-03 22:00:00,26.5,91,1.22,0.0
2024-05-03 23:00:00,26.6,91,0.82,0.0
2024-05-04 00:00:00,25.6,95,0.8,0.0
2024-05-04 01:00:00,24.9,97,0.86,0.0
2024-05-04 02:00:00,24.2,98,1.08,0.0
2024-05-04 03:00:00,24.4,98,0.91,0.0
2024-05-04 04:00:00,24.2,97,1.0,0.0
2024-05-04 05:00:00,24.1,96,1.2,0.0
2024-05-04 06:00:00,27.0,93,1.48,3.0
2024-05-04 07:00:00,28.4,85,2.47,92.0
2024-05-04 08:00:00,29.8,75,2.01,280.0
2024-05-04 09:00:00,31.3,66,1.91,503.0
2024-05-04 10:00:00,32.4,61,2.82,678.0
2024-05-04 11:00:00,32.9,61,3.86,856.0
2024-05-04 12:00:00,33.1,59,4.54,954.0
2024-05-04 13:00:00,33.2,57,5.04,964.0
2024-05-04 14:00:00,33.0,58,5.1,894.0
2024-05-04 15:00:00,32.7,59,5.15,758.0
2024-05-04 16:00:00,31.9,62,5.52,575.0
2024-05-04 17:00:00,31.0,67,5.02,359.0
2024-05-04 18:00:00,29.1,82,5.82,144.0
2024-05-04 19:00:00,28.3,86,6.0,11.0
2024-05-04 20:00:00,28.1,86,6.1,0.0
2024-05-04 21:00:00,27.9,87,3.96,0.0
2024-05-04 22:00:00,27.0,92,1.08,0.0
2024-05-04 23:00:00,26.3,93,1.24,0.0
2024-05-05 00:00:00,25.9,95,1.17,0.0
2024-05-05 01:00:00,25.8,94,0.95,0.0
2024-05-05 02:00:00,25.8,93,0.67,0.0
2024-05-05 03:00:00,24.9,96,1.1,0.0
2024-05-05 04:00:00,25.0,95,1.0,0.0
2024-05-05 05:00:00,25.0,95,0.92,0.0
2024-05-05 06:00:00,27.1,90,0.71,4.0
2024-05-05 07:00:00,28.9,82,0.71,104.0
2024-05-05 08:00:00,30.7,73,0.63,309.0
2024-05-05 09:00:00,32.7,62,1.14,530.0
2024-05-05 10:00:00,34.2,58,2.59,724.0
2024-05-05 11:00:00,34.4,59,4.27,864.0
2024-05-05 12:00:00,34.6,53,5.37,944.0
2024-05-05 13:00:00,34.7,48,6.18,955.0
2024-05-05 14:00:00,34.4,49,6.52,895.0
2024-05-05 15:00:00,34.1,48,6.41,767.0
2024-05-05 16:00:00,33.3,49,6.05,585.0
2024-05-05 17:00:00,31.9,55,5.66,366.0
2024-05-05 18:00:00,30.4,66,5.0,147.0
2024-05-05 19:00:00,29.2,74,4.74,11.0
2024-05-05 20:00:00,28.8,79,4.47,0.0
2024-05-05 21:00:00,28.4,83,3.96,0.0
2024-05-05 22:00:00,28.0,87,3.75,0.0
2024-05-05 23:00:00,27.7,90,3.47,0.0
2024-05-06 00:00:00,27.3,92,1.75,0.0
2024-05-06 01:00:00,26.3,96,1.6,0.0
2024-05-06 02:00:00,26.3,96,1.2,0.0
2024-05-06 03:00:00,26.2,97,1.1,0.0
2024-05-06 04:00:00,26.0,97,1.04,0.0
2024-05-06 05:00:00,25.5,98,1.0,0.0
2024-05-06 06:00:00,27.7,94,1.93,4.0
2024-05-06 07:00:00,29.1,83,2.56,99.0
2024-05-06 08:00:00,30.5,73,2.55,289.0
2024-05-06 09:00:00,32.0,61,2.64,528.0
2024-05-06 10:00:00,32.7,58,3.8,725.0
2024-05-06 11:00:00,32.7,59,4.74,870.0
2024-05-06 12:00:00,33.2,53,5.24,955.0
2024-05-06 13:00:00,32.9,55,5.64,966.0
2024-05-06 14:00:00,32.7,55,5.75,901.0
2024-05-06 15:00:00,32.2,58,5.71,769.0
2024-05-06 16:00:00,31.4,63,5.55,584.0
2024-05-06 17:00:00,30.4,69,4.85,365.0
2024-05-06 18:00:00,28.5,79,4.41,146.0
2024-05-06 19:00:00,27.9,84,3.45,11.0
2024-05-06 20:00:00,27.8,85,2.97,0.0
2024-05-06 21:00:00,27.7,86,1.92,0.0
2024-05-06 22:00:00,27.3,88,1.4,0.0
2024-05-06 23:00:00,26.8,91,1.12,0.0
2024-05-07 00:00:00,26.2,94,1.34,0.0
2024-05-07 01:00:00,26.3,94,1.08,0.0
2024-05-07 02:00:00,26.1,94,1.25,0.0
2024-05-07 03:00:00,25.8,95,1.26,0.0
2024-05-07 04:00:00,25.5,95,1.8,0.0
2024-05-07 05:00:00,25.5,94,1.72,0.0
2024-05-07 06:00:00,27.3,88,1.14,4.0
2024-05-07 07:00:00,29.1,80,1.97,104.0
2024-05-07 08:00:00,30.4,72,2.59,288.0
2024-05-07 09:00:00,31.7,66,2.87,509.0
2024-05-07 10:00:00,32.5,61,3.45,693.0
2024-05-07 11:00:00,33.2,58,4.08,861.0
2024-05-07 12:00:00,33.4,56,4.32,949.0
2024-05-07 13:00:00,33.0,59,4.73,960.0
2024-05-07 14:00:00,32.6,60,4.95,895.0
2024-05-07 15:00:00,32.1,63,5.22,765.0
2024-05-07 16:00:00,31.4,66,5.3,581.0
2024-05-07 17:00:00,30.6,71,5.1,364.0
2024-05-07 18:00:00,29.6,75,5.66,127.0
2024-05-07 19:00:00,29.0,79,4.64,10.0
2024-05-07 20:00:00,28.7,80,4.03,0.0
2024-05-07 21:00:00,28.3,83,3.24,0.0
2024-05-07 22:00:00,28.1,83,2.35,0.0
2024-05-07 23:00:00,27.9,84,2.28,0.0
2024-05-08 00:00:00,27.3,85,2.38,0.0
2024-05-08 01:00:00,27.1,84,2.11,0.0
2024-05-08 02:00:00,26.6,87,1.39,0.0
2024-05-08 03:00:00,27.0,84,0.5,0.0
2024-05-08 04:00:00,26.8,85,0.5,0.0
2024-05-08 05:00:00,26.5,86,0.0,0.0
2024-05-08 06:00:00,28.2,77,1.8,4.0
2024-05-08 07:00:00,29.7,70,2.3,104.0
2024-05-08 08:00:00,30.8,65,1.7,295.0
2024-05-08 09:00:00,32.0,59,1.5,504.0
2024-05-08 10:00:00,32.9,54,2.82,633.0
2024-05-08 11:00:00,32.9,58,4.41,800.0
2024-05-08 12:00:00,33.0,56,4.82,909.0
2024-05-08 13:00:00,33.0,56,5.16,955.0
2024-05-08 14:00:00,32.5,61,5.56,879.0
2024-05-08 15:00:00,32.0,62,5.73,751.0
2024-05-08 16:00:00,31.3,65,5.7,573.0
2024-05-08 17:00:00,30.3,70,5.88,359.0
2024-05-08 18:00:00,29.4,81,6.77,144.0
2024-05-08 19:00:00,28.8,83,5.54,12.0
2024-05-08 20:00:00,28.4,85,3.64,0.0
2024-05-08 21:00:00,28.3,86,2.16,0.0
2024-05-08 22:00:00,28.1,86,1.91,0.0
2024-05-08 23:00:00,27.8,87,1.42,0.0
2024-05-09 00:00:00,27.3,89,0.94,0.0
2024-05-09 01:00:00,26.9,90,1.06,0.0
2024-05-09 02:00:00,26.6,91,0.85,0.0
2024-05-09 03:00:00,26.7,91,0.67,0.0
2024-05-09 04:00:00,26.3,93,0.94,0.0
2024-05-09 05:00:00,27.0,88,0.6,0.0
2024-05-09 06:00:00,27.6,90,1.03,5.0
2024-05-09 07:00:00,29.1,80,1.4,100.0
2024-05-09 08:00:00,30.6,72,1.75,296.0
2024-05-09 09:00:00,31.9,64,1.99,503.0
2024-05-09 10:00:00,32.5,62,3.14,687.0
2024-05-09 11:00:00,32.7,62,4.42,836.0
2024-05-09 12:00:00,32.8,57,4.92,910.0
2024-05-09 13:00:00,32.6,61,4.87,912.0
2024-05-09 14:00:00,32.9,60,4.47,822.0
2024-05-09 15:00:00,32.1,62,5.28,682.0
2024-05-09 16:00:00,31.4,66,5.15,535.0
2024-05-09 17:00:00,30.6,68,5.2,337.0
2024-05-09 18:00:00,29.9,78,5.63,141.0
2024-05-09 19:00:00,29.4,80,4.56,12.0
2024-05-09 20:00:00,29.1,82,3.94,0.0
2024-05-09 21:00:00,28.7,85,2.86,0.0
2024-05-09 22:00:00,28.1,87,1.14,0.0
2024-05-09 23:00:00,27.7,87,1.22,0.0
2024-05-10 00:00:00,27.3,89,1.04,0.0
2024-05-10 01:00:00,26.7,92,0.95,0.0
2024-05-10 02:00:00,26.8,92,0.76,0.0
2024-05-10 03:00:00,26.9,91,1.7,0.0
2024-05-10 04:00:00,26.7,91,1.28,0.0
2024-05-10 05:00:00,26.2,93,1.41,0.0
2024-05-10 06:00:00,27.8,89,1.63,5.0
2024-05-10 07:00:00,29.3,80,2.5,110.0
2024-05-10 08:00:00,30.4,73,2.8,304.0
2024-05-10 09:00:00,31.4,67,2.72,492.0
2024-05-10 10:00:00,32.2,64,3.5,679.0
2024-05-10 11:00:00,32.7,59,3.88,831.0
2024-05-10 12:00:00,33.2,57,4.71,936.0
2024-05-10 13:00:00,32.9,57,5.35,946.0
2024-05-10 14:00:00,32.7,59,5.44,882.0
2024-05-10 15:00:00,32.1,62,5.37,753.0
2024-05-10 16:00:00,31.6,62,4.96,570.0
2024-05-10 17:00:00,30.7,66,4.57,359.0
2024-05-10 18:00:00,29.5,76,5.52,148.0
2024-05-10 19:00:00,29.0,79,4.61,12.0
2024-05-10 20:00:00,28.6,82,3.82,0.0
2024-05-10 21:00:00,28.3,83,4.12,0.0
2024-05-10 22:00:00,28.0,85,2.42,0.0
2024-05-10 23:00:00,27.2,89,1.36,0.0
2024-05-11 00:00:00,26.9,91,1.52,0.0
2024-05-11 01:00:00,27.0,91,1.22,0.0
2024-05-11 02:00:00,26.9,92,1.3,0.0
2024-05-11 03:00:00,26.8,94,1.26,0.0
2024-05-11 04:00:00,26.5,95,1.72,0.0
2024-05-11 05:00:00,26.3,96,1.36,0.0
2024-05-11 06:00:00,27.2,92,1.36,5.0
2024-05-11 07:00:00,28.9,85,1.7,104.0
2024-05-11 08:00:00,30.7,74,2.24,298.0
2024-05-11 09:00:00,32.0,66,3.04,503.0
2024-05-11 10:00:00,32.7,64,4.26,679.0
2024-05-11 11:00:00,33.0,61,5.44,840.0
2024-05-11 12:00:00,33.6,54,6.11,930.0
2024-05-11 13:00:00,33.4,54,6.56,937.0
2024-05-11 14:00:00,33.0,57,6.64,871.0
2024-05-11 15:00:00,32.6,60,6.36,745.0
2024-05-11 16:00:00,31.7,63,5.9,559.0
2024-05-11 17:00:00,30.9,66,5.47,351.0
2024-05-11 18:00:00,30.0,78,6.25,142.0
2024-05-11 19:00:00,29.2,84,5.12,12.0
2024-05-11 20:00:00,29.0,85,4.08,0.0
2024-05-11 21:00:00,28.9,85,3.55,0.0
2024-05-11 22:00:00,28.6,87,3.28,0.0
2024-05-11 23:00:00,28.4,89,2.28,0.0
2024-05-12 00:00:00,28.0,91,1.89,0.0
2024-05-12 01:00:00,27.8,92,1.75,0.0
2024-05-12 02:00:00,27.7,92,1.7,0.0
2024-05-12 03:00:00,27.5,92,1.6,0.0
2024-05-12 04:00:00,27.3,93,1.53,0.0
2024-05-12 05:00:00,27.1,93,1.8,0.0
2024-05-12 06:00:00,27.9,92,2.0,5.0
2024-05-12 07:00:00,29.2,84,1.75,102.0
2024-05-12 08:00:00,30.8,73,1.55,304.0
2024-05-12 09:00:00,31.9,66,2.47,448.0
2024-05-12 10:00:00,33.4,58,2.5,635.0
2024-05-12 11:00:00,33.8,59,4.97,794.0
2024-05-12 12:00:00,33.7,54,5.82,902.0
2024-05-12 13:00:00,33.9,53,5.66,925.0
2024-05-12 14:00:00,33.6,53,5.8,847.0
2024-05-12 15:00:00,33.3,54,6.22,734.0
2024-05-12 16:00:00,32.2,58,6.11,561.0
2024-05-12 17:00:00,31.3,63,6.22,349.0
2024-05-12 18:00:00,30.5,71,5.87,137.0
2024-05-12 19:00:00,29.8,78,5.38,13.0
2024-05-12 20:00:00,29.5,78,5.03,0.0
2024-05-12 21:00:00,29.4,80,4.83,0.0
2024-05-12 22:00:00,29.1,82,4.17,0.0
2024-05-12 23:00:00,28.7,85,1.92,0.0
2024-05-13 00:00:00,28.5,87,2.28,0.0
2024-05-13 01:00:00,28.3,88,1.55,0.0
2024-05-13 02:00:00,28.1,89,1.77,0.0
2024-05-13 03:00:00,27.9,90,1.9,0.0
2024-05-13 04:00:00,27.7,92,1.92,0.0
2024-05-13 05:00:00,27.5,93,2.38,0.0
2024-05-13 06:00:00,28.2,87,3.67,5.0
2024-05-13 07:00:00,28.4,84,3.81,112.0
2024-05-13 08:00:00,29.4,74,0.57,286.0
2024-05-13 09:00:00,32.1,63,1.3,530.0
2024-05-13 10:00:00,34.0,58,2.48,715.0
2024-05-13 11:00:00,34.5,59,4.06,848.0
2024-05-13 12:00:00,34.8,61,3.26,918.0
2024-05-13 13:00:00,34.7,57,3.55,893.0
2024-05-13 14:00:00,34.4,55,4.83,825.0
2024-05-13 15:00:00,33.9,62,5.26,719.0
2024-05-13 16:00:00,33.1,65,4.63,552.0
2024-05-13 17:00:00,31.6,70,5.45,343.0
2024-05-13 18:00:00,29.4,75,6.26,143.0
2024-05-13 19:00:00,29.2,71,3.18,13.0
2024-05-13 20:00:00,29.2,70,2.92,0.0
2024-05-13 21:00:00,28.9,71,1.96,0.0
2024-05-13 22:00:00,28.7,72,1.75,0.0
2024-05-13 23:00:00,28.6,71,1.92,0.0
2024-05-14 00:00:00,28.3,71,1.14,0.0
2024-05-14 01:00:00,27.9,73,1.0,0.0
2024-05-14 02:00:00,27.8,74,1.3,0.0
2024-05-14 03:00:00,27.6,74,2.3,0.0
2024-05-14 04:00:00,27.6,73,2.09,0.0
2024-05-14 05:00:00,27.5,73,2.57,0.0
2024-05-14 06:00:00,28.2,71,2.92,6.0
2024-05-14 07:00:00,30.4,62,2.94,106.0
2024-05-14 08:00:00,33.2,52,2.33,307.0
2024-05-14 09:00:00,35.8,43,1.92,529.0
2024-05-14 10:00:00,37.6,35,0.58,721.0
2024-05-14 11:00:00,37.3,42,3.8,863.0
2024-05-14 12:00:00,34.4,56,6.57,932.0
2024-05-14 13:00:00,34.6,56,6.22,916.0
2024-05-14 14:00:00,34.2,56,5.78,864.0
2024-05-14 15:00:00,33.8,58,5.72,751.0
2024-05-14 16:00:00,32.9,62,4.98,558.0
2024-05-14 17:00:00,32.2,66,4.8,343.0
2024-05-14 18:00:00,31.6,65,6.16,137.0
2024-05-14 19:00:00,30.1,77,4.75,14.0
2024-05-14 20:00:00,30.0,76,5.12,0.0
2024-05-14 21:00:00,30.0,74,4.81,0.0
2024-05-14 22:00:00,29.5,77,3.76,0.0
2024-05-14 23:00:00,29.1,80,2.41,0.0
2024-05-15 00:00:00,28.6,80,1.8,0.0
2024-05-15 01:00:00,28.3,81,2.04,0.0
2024-05-15 02:00:00,27.9,81,1.71,0.0
2024-05-15 03:00:00,27.2,83,1.25,0.0
2024-05-15 04:00:00,26.7,86,1.8,0.0
2024-05-15 05:00:00,26.9,86,1.36,0.0
2024-05-15 06:00:00,28.0,86,2.1,6.0
2024-05-15 07:00:00,29.7,73,3.08,117.0
2024-05-15 08:00:00,32.2,61,2.77,322.0
2024-05-15 09:00:00,33.6,55,1.52,537.0
2024-05-15 10:00:00,34.9,51,2.02,722.0
2024-05-15 11:00:00,35.5,51,3.1,862.0
2024-05-15 12:00:00,35.8,50,3.57,933.0
2024-05-15 13:00:00,36.0,48,4.1,937.0
2024-05-15 14:00:00,35.9,47,4.24,874.0
2024-05-15 15:00:00,35.4,50,3.95,729.0
2024-05-15 16:00:00,34.6,53,4.19,558.0
2024-05-15 17:00:00,33.5,57,4.66,361.0
2024-05-15 18:00:00,31.6,66,5.87,148.0
2024-05-15 19:00:00,30.3,76,5.22,14.0
2024-05-15 20:00:00,29.7,88,5.03,0.0
2024-05-15 21:00:00,29.7,85,4.27,0.0
2024-05-15 22:00:00,29.5,86,3.72,0.0
2024-05-15 23:00:00,29.4,82,2.28,0.0
2024-05-16 00:00:00,28.7,87,1.2,0.0
2024-05-16 01:00:00,28.5,87,1.0,0.0
2024-05-16 02:00:00,27.8,90,0.91,0.0
2024-05-16 03:00:00,27.4,92,1.08,0.0
2024-05-16 04:00:00,27.2,92,1.2,0.0
2024-05-16 05:00:00,27.9,88,0.54,0.0
2024-05-16 06:00:00,29.2,95,1.8,4.0
2024-05-16 07:00:00,29.9,86,1.0,86.0
2024-05-16 08:00:00,32.7,69,0.73,308.0
2024-05-16 09:00:00,34.2,63,0.85,499.0
2024-05-16 10:00:00,36.6,48,1.79,690.0
2024-05-16 11:00:00,36.4,50,3.63,811.0
2024-05-16 12:00:00,34.8,56,4.33,918.0
2024-05-16 13:00:00,38.1,34,0.78,869.0
2024-05-16 14:00:00,37.7,32,1.65,848.0
2024-05-16 15:00:00,38.9,29,0.41,718.0
2024-05-16 16:00:00,37.8,35,2.92,566.0
2024-05-16 17:00:00,35.6,45,4.02,356.0
2024-05-16 18:00:00,34.3,52,2.16,105.0
2024-05-16 19:00:00,33.2,53,3.86,10.0
2024-05-16 20:00:00,30.6,72,5.04,0.0
2024-05-16 21:00:00,30.1,69,1.91,0.0
2024-05-16 22:00:00,29.5,71,2.42,0.0
2024-05-16 23:00:00,29.0,77,1.8,0.0
2024-05-17 00:00:00,28.8,80,1.82,0.0
2024-05-17 01:00:00,28.9,81,2.33,0.0
2024-05-17 02:00:00,28.9,83,2.12,0.0
2024-05-17 03:00:00,28.7,84,2.08,0.0
2024-05-17 04:00:00,28.5,85,1.7,0.0
2024-05-17 05:00:00,28.3,86,1.7,0.0
2024-05-17 06:00:00,28.7,68,2.04,6.0
2024-05-17 07:00:00,30.8,59,1.65,115.0
2024-05-17 08:00:00,32.7,57,1.46,321.0
2024-05-17 09:00:00,34.6,47,1.51,526.0
2024-05-17 10:00:00,35.8,42,1.97,726.0
2024-05-17 11:00:00,36.3,41,3.45,861.0
2024-05-17 12:00:00,35.7,45,4.73,934.0
2024-05-17 13:00:00,35.8,44,4.37,940.0
2024-05-17 14:00:00,35.5,47,4.36,876.0
2024-05-17 15:00:00,34.7,51,4.8,744.0
2024-05-17 16:00:00,33.4,65,4.46,555.0
2024-05-17 17:00:00,32.3,70,4.63,348.0
2024-05-17 18:00:00,30.9,67,3.89,153.0
2024-05-17 19:00:00,29.9,76,3.49,14.0
2024-05-17 20:00:00,29.7,81,1.27,0.0
2024-05-17 21:00:00,29.6,83,0.81,0.0
2024-05-17 22:00:00,29.3,86,1.24,0.0
2024-05-17 23:00:00,29.0,89,0.71,0.0
2024-05-18 00:00:00,28.5,92,0.64,0.0
2024-05-18 01:00:00,28.4,93,0.92,0.0
2024-05-18 02:00:00,28.0,95,1.0,0.0
2024-05-18 03:00:00,28.0,94,0.81,0.0
2024-05-18 04:00:00,27.7,95,0.86,0.0
2024-05-18 05:00:00,27.9,93,0.42,0.0
2024-05-18 06:00:00,28.8,92,0.81,7.0
2024-05-18 07:00:00,30.4,83,1.14,120.0
2024-05-18 08:00:00,31.9,74,1.56,322.0
2024-05-18 09:00:00,33.1,68,2.34,523.0
2024-05-18 10:00:00,34.1,65,2.72,709.0
2024-05-18 11:00:00,34.6,64,3.47,853.0
2024-05-18 12:00:00,34.6,63,4.41,932.0
2024-05-18 13:00:00,34.7,60,4.4,936.0
2024-05-18 14:00:00,34.1,60,4.8,851.0
2024-05-18 15:00:00,34.5,56,4.3,716.0
2024-05-18 16:00:00,33.5,66,4.46,545.0
2024-05-18 17:00:00,32.8,68,3.45,353.0
2024-05-18 18:00:00,31.2,78,4.24,146.0
2024-05-18 19:00:00,30.5,85,2.77,14.0
2024-05-18 20:00:00,30.2,87,2.25,0.0
2024-05-18 21:00:00,30.0,88,2.11,0.0
2024-05-18 22:00:00,29.8,88,1.58,0.0
2024-05-18 23:00:00,29.6,88,1.43,0.0
2024-05-19 00:00:00,29.3,88,1.39,0.0
2024-05-19 01:00:00,28.9,90,1.04,0.0
2024-05-19 02:00:00,28.4,93,1.04,0.0
2024-05-19 03:00:00,28.4,92,1.2,0.0
2024-05-19 04:00:00,28.4,92,1.32,0.0
2024-05-19 05:00:00,28.3,91,1.53,0.0
2024-05-19 06:00:00,26.5,91,2.26,5.0
2024-05-19 07:00:00,27.8,85,3.16,84.0
2024-05-19 08:00:00,29.9,76,1.39,289.0
2024-05-19 09:00:00,32.1,64,1.6,518.0
2024-05-19 10:00:00,33.5,59,2.34,707.0
2024-05-19 11:00:00,33.8,62,4.1,854.0
2024-05-19 12:00:00,34.0,63,4.31,928.0
2024-05-19 13:00:00,34.1,64,3.49,941.0
2024-05-19 14:00:00,34.0,63,4.52,869.0
2024-05-19 15:00:00,33.9,62,4.12,734.0
2024-05-19 16:00:00,33.4,64,3.58,552.0
2024-05-19 17:00:00,32.8,65,3.44,352.0
2024-05-19 18:00:00,31.2,78,5.35,149.0
2024-05-19 19:00:00,30.7,77,4.64,15.0
2024-05-19 20:00:00,30.4,80,4.0,0.0
2024-05-19 21:00:00,30.2,79,2.42,0.0
2024-05-19 22:00:00,29.6,83,0.81,0.0
2024-05-19 23:00:00,29.3,86,1.12,0.0
2024-05-20 00:00:00,29.3,86,2.45,0.0
2024-05-20 01:00:00,29.5,84,3.03,0.0
2024-05-20 02:00:00,29.6,82,3.21,0.0
2024-05-20 03:00:00,29.6,81,3.03,0.0
2024-05-20 04:00:00,29.3,81,2.44,0.0
2024-05-20 05:00:00,29.1,83,2.01,0.0
2024-05-20 06:00:00,30.0,82,2.69,7.0
2024-05-20 07:00:00,31.3,75,3.05,120.0
2024-05-20 08:00:00,32.3,70,2.51,310.0
2024-05-20 09:00:00,33.4,65,2.51,520.0
2024-05-20 10:00:00,34.3,62,2.28,713.0
2024-05-20 11:00:00,35.1,60,3.26,853.0
2024-05-20 12:00:00,35.0,58,4.83,923.0
2024-05-20 13:00:00,34.9,56,5.22,931.0
2024-05-20 14:00:00,34.8,55,4.85,860.0
2024-05-20 15:00:00,34.1,56,5.07,722.0
2024-05-20 16:00:00,33.5,59,5.12,545.0
2024-05-20 17:00:00,32.5,64,4.72,354.0
2024-05-20 18:00:00,30.6,83,5.89,149.0
2024-05-20 19:00:00,30.0,86,4.9,15.0
2024-05-20 20:00:00,29.8,87,2.81,0.0
2024-05-20 21:00:00,29.8,85,1.8,0.0
2024-05-20 22:00:00,29.6,85,2.42,0.0
2024-05-20 23:00:00,29.4,86,2.53,0.0
2024-05-21 00:00:00,29.4,85,2.6,0.0
2024-05-21 01:00:00,29.3,85,2.33,0.0
2024-05-21 02:00:00,29.1,85,2.87,0.0
2024-05-21 03:00:00,29.1,84,2.19,0.0
2024-05-21 04:00:00,28.9,84,1.17,0.0
2024-05-21 05:00:00,28.5,86,1.12,0.0
2024-05-21 06:00:00,30.1,87,1.17,7.0
2024-05-21 07:00:00,31.0,83,1.52,78.0
2024-05-21 08:00:00,32.2,76,1.22,232.0
2024-05-21 09:00:00,33.5,69,1.86,410.0
2024-05-21 10:00:00,34.7,64,2.82,646.0
2024-05-21 11:00:00,34.9,65,3.91,783.0
2024-05-21 12:00:00,35.4,61,4.5,912.0
2024-05-21 13:00:00,35.3,61,4.9,927.0
2024-05-21 14:00:00,35.3,57,5.64,855.0
2024-05-21 15:00:00,35.3,51,5.33,729.0
2024-05-21 16:00:00,34.5,54,4.44,463.0
2024-05-21 17:00:00,33.9,56,4.38,335.0
2024-05-21 18:00:00,31.7,74,6.04,155.0
2024-05-21 19:00:00,30.2,84,6.09,16.0
2024-05-21 20:00:00,30.0,83,4.38,0.0
2024-05-21 21:00:00,29.8,85,3.32,0.0
2024-05-21 22:00:00,29.1,89,1.27,0.0
2024-05-21 23:00:00,28.8,90,0.92,0.0
2024-05-22 00:00:00,28.9,89,2.68,0.0
2024-05-22 01:00:00,29.1,88,2.9,0.0
2024-05-22 02:00:00,29.2,86,3.13,0.0
2024-05-22 03:00:00,29.1,85,2.89,0.0
2024-05-22 04:00:00,29.0,86,2.42,0.0
2024-05-22 05:00:00,28.9,86,2.13,0.0
2024-05-22 06:00:00,30.0,89,3.62,7.0
2024-05-22 07:00:00,30.7,85,3.45,109.0
2024-05-22 08:00:00,31.8,78,2.82,268.0
2024-05-22 09:00:00,33.0,71,2.4,404.0
2024-05-22 10:00:00,34.0,66,2.71,601.0
2024-05-22 11:00:00,34.5,64,4.1,772.0
2024-05-22 12:00:00,34.4,63,4.93,902.0
2024-05-22 13:00:00,34.5,61,4.82,930.0
2024-05-22 14:00:00,34.0,62,5.19,860.0
2024-05-22 15:00:00,33.8,63,4.78,725.0
2024-05-22 16:00:00,33.0,66,4.37,518.0
2024-05-22 17:00:00,32.5,67,3.83,315.0
2024-05-22 18:00:00,31.0,85,3.54,46.0
2024-05-22 19:00:00,31.0,81,4.95,5.0
2024-05-22 20:00:00,31.1,80,3.61,0.0
2024-05-22 21:00:00,30.6,82,4.0,0.0
2024-05-22 22:00:00,30.3,82,3.67,0.0
2024-05-22 23:00:00,29.8,84,2.44,0.0
2024-05-23 00:00:00,28.8,88,0.82,0.0
2024-05-23 01:00:00,28.7,88,1.0,0.0
2024-05-23 02:00:00,28.9,88,1.41,0.0
2024-05-23 03:00:00,28.7,90,1.33,0.0
2024-05-23 04:00:00,28.7,91,1.3,0.0
2024-05-23 05:00:00,28.0,95,1.72,0.0
2024-05-23 06:00:00,29.9,90,2.1,7.0
2024-05-23 07:00:00,31.1,81,2.61,114.0
2024-05-23 08:00:00,32.1,73,3.08,293.0
2024-05-23 09:00:00,33.1,68,3.42,515.0
2024-05-23 10:00:00,33.7,65,4.13,702.0
2024-05-23 11:00:00,34.1,64,4.49,840.0
2024-05-23 12:00:00,34.2,63,4.93,915.0
2024-05-23 13:00:00,34.1,62,5.41,928.0
2024-05-23 14:00:00,33.7,63,5.54,869.0
2024-05-23 15:00:00,33.2,64,5.36,708.0
2024-05-23 16:00:00,32.5,68,5.01,557.0
2024-05-23 17:00:00,31.7,71,4.53,344.0
2024-05-23 18:00:00,30.8,79,6.17,148.0
2024-05-23 19:00:00,29.9,84,6.72,16.0
2024-05-23 20:00:00,30.1,83,4.44,0.0
2024-05-23 21:00:00,30.0,83,1.49,0.0
2024-05-23 22:00:00,29.2,87,0.92,0.0
2024-05-23 23:00:00,29.2,86,1.26,0.0
2024-05-24 00:00:00,28.4,90,1.2,0.0
2024-05-24 01:00:00,28.2,91,1.0,0.0
2024-05-24 02:00:00,28.6,88,1.33,0.0
2024-05-24 03:00:00,28.5,87,1.43,0.0
2024-05-24 04:00:00,28.1,88,1.14,0.0
2024-05-24 05:00:00,28.3,87,1.41,0.0
2024-05-24 06:00:00,29.8,91,3.27,7.0
2024-05-24 07:00:00,31.0,81,3.6,104.0
2024-05-24 08:00:00,31.9,76,3.49,270.0
2024-05-24 09:00:00,32.9,69,3.01,464.0
2024-05-24 10:00:00,34.2,58,3.34,706.0
2024-05-24 11:00:00,34.7,54,4.3,860.0
2024-05-24 12:00:00,34.6,52,5.02,932.0
2024-05-24 13:00:00,34.2,56,5.0,937.0
2024-05-24 14:00:00,33.9,57,4.93,872.0
2024-05-24 15:00:00,33.6,57,5.05,755.0
2024-05-24 16:00:00,32.7,62,5.12,580.0
2024-05-24 17:00:00,31.6,69,4.0,368.0
2024-05-24 18:00:00,30.8,80,4.81,145.0
2024-05-24 19:00:00,29.9,85,4.6,16.0
2024-05-24 20:00:00,29.7,84,3.96,0.0
2024-05-24 21:00:00,29.5,85,3.23,0.0
2024-05-24 22:00:00,29.3,85,2.77,0.0
2024-05-24 23:00:00,29.1,85,2.12,0.0
2024-05-25 00:00:00,28.8,86,2.16,0.0
2024-05-25 01:00:00,28.7,85,2.43,0.0
2024-05-25 02:00:00,28.7,85,2.62,0.0
2024-05-25 03:00:00,28.7,84,3.1,0.0
2024-05-25 04:00:00,28.6,85,3.06,0.0
2024-05-25 05:00:00,28.7,84,3.04,0.0
2024-05-25 06:00:00,29.6,83,3.0,6.0
2024-05-25 07:00:00,30.3,79,3.94,104.0
2024-05-25 08:00:00,31.4,72,3.94,271.0
2024-05-25 09:00:00,32.6,65,3.29,481.0
2024-05-25 10:00:00,32.9,63,3.65,552.0
2024-05-25 11:00:00,33.6,60,4.46,787.0
2024-05-25 12:00:00,33.6,59,5.1,866.0
2024-05-25 13:00:00,33.7,58,4.93,912.0
2024-05-25 14:00:00,33.2,60,5.2,775.0
2024-05-25 15:00:00,33.0,62,5.4,734.0
2024-05-25 16:00:00,32.4,64,5.22,565.0
2024-05-25 17:00:00,31.8,65,4.82,358.0
2024-05-25 18:00:00,30.6,73,5.35,109.0
2024-05-25 19:00:00,30.2,75,4.9,15.0
2024-05-25 20:00:00,30.0,76,4.14,0.0
2024-05-25 21:00:00,30.1,75,3.45,0.0
2024-05-25 22:00:00,29.9,75,3.05,0.0
2024-05-25 23:00:00,29.7,76,3.61,0.0
2024-05-26 00:00:00,29.6,76,3.71,0.0
2024-05-26 01:00:00,29.3,77,3.61,0.0
2024-05-26 02:00:00,29.2,77,3.32,0.0
2024-05-26 03:00:00,29.1,78,3.48,0.0
2024-05-26 04:00:00,29.1,77,3.96,0.0
2024-05-26 05:00:00,29.1,77,3.7,0.0
2024-05-26 06:00:00,30.5,73,5.04,5.0
2024-05-26 07:00:00,31.1,70,5.1,83.0
2024-05-26 08:00:00,32.4,61,5.22,309.0
2024-05-26 09:00:00,32.9,59,5.17,460.0
2024-05-26 10:00:00,33.3,57,5.3,653.0
2024-05-26 11:00:00,33.2,59,5.53,672.0
2024-05-26 12:00:00,33.4,58,5.9,826.0
2024-05-26 13:00:00,33.2,59,5.73,704.0
2024-05-26 14:00:00,32.7,60,5.63,592.0
2024-05-26 15:00:00,32.7,59,5.36,647.0
2024-05-26 16:00:00,32.5,59,5.12,532.0
2024-05-26 17:00:00,32.0,60,4.54,329.0
2024-05-26 18:00:00,30.7,74,4.75,127.0
2024-05-26 19:00:00,29.9,80,4.14,12.0
2024-05-26 20:00:00,30.2,77,4.14,0.0
2024-05-26 21:00:00,30.2,76,4.16,0.0
2024-05-26 22:00:00,29.9,78,4.02,0.0
2024-05-26 23:00:00,29.8,77,3.6,0.0
2024-05-27 00:00:00,29.6,78,4.21,0.0
2024-05-27 01:00:00,29.4,78,3.13,0.0
2024-05-27 02:00:00,29.6,77,3.01,0.0
2024-05-27 03:00:00,29.4,76,3.11,0.0
2024-05-27 04:00:00,29.3,77,3.24,0.0
2024-05-27 05:00:00,29.5,76,3.62,0.0
2024-05-27 06:00:00,30.6,74,4.41,5.0
2024-05-27 07:00:00,31.1,72,4.63,92.0
2024-05-27 08:00:00,31.5,69,4.31,194.0
2024-05-27 09:00:00,31.4,69,4.75,178.0
2024-05-27 10:00:00,32.0,65,5.12,263.0
2024-05-27 11:00:00,32.0,64,5.2,290.0
2024-05-27 12:00:00,33.3,59,5.6,631.0
2024-05-27 13:00:00,33.6,58,5.72,746.0
2024-05-27 14:00:00,33.0,60,5.92,574.0
2024-05-27 15:00:00,32.3,62,5.44,387.0
2024-05-27 16:00:00,32.0,64,5.06,308.0
2024-05-27 17:00:00,31.5,67,5.0,211.0
2024-05-27 18:00:00,30.4,79,5.63,87.0
2024-05-27 19:00:00,30.0,79,5.26,9.0
2024-05-27 20:00:00,29.8,80,4.25,0.0
2024-05-27 21:00:00,29.5,81,4.16,0.0
2024-05-27 22:00:00,29.4,81,4.38,0.0
2024-05-27 23:00:00,29.3,81,4.25,0.0
2024-05-28 00:00:00,29.3,80,4.12,0.0
2024-05-28 01:00:00,29.3,80,4.27,0.0
2024-05-28 02:00:00,29.0,81,4.22,0.0
2024-05-28 03:00:00,29.0,80,4.34,0.0
2024-05-28 04:00:00,28.9,80,4.0,0.0
2024-05-28 05:00:00,29.0,80,3.64,0.0
2024-05-28 06:00:00,30.3,75,4.79,7.0
2024-05-28 07:00:00,30.4,77,5.71,94.0
2024-05-28 08:00:00,31.5,71,5.9,259.0
2024-05-28 09:00:00,32.9,60,5.66,502.0
2024-05-28 10:00:00,33.3,59,5.51,635.0
2024-05-28 11:00:00,33.7,57,5.93,829.0
2024-05-28 12:00:00,33.6,57,5.92,861.0
2024-05-28 13:00:00,33.6,56,5.8,876.0
2024-05-28 14:00:00,33.3,57,5.4,763.0
2024-05-28 15:00:00,33.1,57,5.22,669.0
2024-05-28 16:00:00,32.5,59,4.92,520.0
2024-05-28 17:00:00,31.8,62,4.52,355.0
2024-05-28 18:00:00,31.0,71,4.71,114.0
2024-05-28 19:00:00,30.5,75,3.86,15.0
2024-05-28 20:00:00,30.4,74,3.76,0.0
2024-05-28 21:00:00,30.0,74,3.89,0.0
2024-05-28 22:00:00,29.7,75,3.72,0.0
2024-05-28 23:00:00,29.7,74,4.0,0.0
2024-05-29 00:00:00,29.5,74,4.62,0.0
2024-05-29 01:00:00,29.3,75,4.8,0.0
2024-05-29 02:00:00,29.2,75,5.02,0.0
2024-05-29 03:00:00,29.2,75,4.49,0.0
2024-05-29 04:00:00,29.2,75,4.17,0.0
2024-05-29 05:00:00,29.2,74,3.94,0.0
2024-05-29 06:00:00,30.8,70,4.18,7.0
2024-05-29 07:00:00,31.8,63,5.31,112.0
2024-05-29 08:00:00,32.4,59,5.46,295.0
2024-05-29 09:00:00,33.0,56,5.41,476.0
2024-05-29 10:00:00,33.6,54,5.58,682.0
2024-05-29 11:00:00,34.0,52,6.14,809.0
2024-05-29 12:00:00,34.0,52,6.41,825.0
2024-05-29 13:00:00,33.9,52,6.5,849.0
2024-05-29 14:00:00,33.7,52,6.07,725.0
2024-05-29 15:00:00,33.3,54,6.04,596.0
2024-05-29 16:00:00,32.9,54,5.89,492.0
2024-05-29 17:00:00,32.0,58,5.69,324.0
2024-05-29 18:00:00,30.9,72,5.7,119.0
2024-05-29 19:00:00,30.3,75,5.06,16.0
2024-05-29 20:00:00,30.4,69,4.52,0.0
2024-05-29 21:00:00,30.3,68,3.68,0.0
2024-05-29 22:00:00,30.1,68,3.92,0.0
2024-05-29 23:00:00,30.1,69,4.24,0.0
2024-05-30 00:00:00,29.9,70,3.99,0.0
2024-05-30 01:00:00,29.8,70,3.52,0.0
2024-05-30 02:00:00,29.8,70,3.37,0.0
2024-05-30 03:00:00,29.6,70,3.44,0.0
2024-05-30 04:00:00,29.3,71,3.42,0.0
2024-05-30 05:00:00,29.0,72,3.04,0.0
2024-05-30 06:00:00,30.7,68,3.57,6.0
2024-05-30 07:00:00,31.7,62,4.3,114.0
2024-05-30 08:00:00,32.5,58,4.12,306.0
2024-05-30 09:00:00,33.3,55,3.85,475.0
2024-05-30 10:00:00,34.0,52,4.04,637.0
2024-05-30 11:00:00,34.5,51,4.24,794.0
2024-05-30 12:00:00,34.6,51,4.7,874.0
2024-05-30 13:00:00,34.6,51,4.9,902.0
2024-05-30 14:00:00,34.3,52,5.21,840.0
2024-05-30 15:00:00,33.7,54,5.35,723.0
2024-05-30 16:00:00,33.1,58,5.16,572.0
2024-05-30 17:00:00,32.4,60,4.75,360.0
2024-05-30 18:00:00,31.4,70,4.12,142.0
2024-05-30 19:00:00,30.8,74,3.83,17.0
2024-05-30 20:00:00,30.1,79,3.76,0.0
2024-05-30 21:00:00,30.1,80,3.62,0.0
2024-05-30 22:00:00,29.6,82,3.08,0.0
2024-05-30 23:00:00,29.1,87,2.42,0.0
2024-05-31 00:00:00,28.7,90,2.37,0.0
2024-05-31 01:00:00,28.5,92,1.89,0.0
2024-05-31 02:00:00,28.3,93,1.3,0.0
2024-05-31 03:00:00,28.0,95,1.2,0.0
2024-05-31 04:00:00,28.2,93,1.58,0.0
2024-05-31 05:00:00,28.1,93,1.03,0.0
2024-05-31 06:00:00,28.9,87,1.63,5.0
2024-05-31 07:00:00,29.5,83,1.68,88.0
2024-05-31 08:00:00,30.6,78,2.12,242.0
2024-05-31 09:00:00,32.5,68,2.32,458.0
2024-05-31 10:00:00,33.9,61,3.2,680.0
2024-05-31 11:00:00,34.4,57,4.2,843.0
2024-05-31 12:00:00,34.2,60,4.8,927.0
2024-05-31 13:00:00,34.1,61,5.1,931.0
2024-05-31 14:00:00,33.7,64,5.4,865.0
2024-05-31 15:00:00,33.3,65,5.4,724.0
2024-05-31 16:00:00,32.8,67,5.4,554.0
2024-05-31 17:00:00,31.9,71,4.81,343.0
2024-05-31 18:00:00,30.5,82,4.27,132.0
2024-05-31 19:00:00,29.7,86,3.67,17.0
2024-05-31 20:00:00,29.5,87,3.16,0.0
2024-05-31 21:00:00,29.3,88,2.77,0.0
2024-05-31 22:00:00,29.0,91,2.43,0.0
2024-05-31 23:00:00,28.9,90,2.75,0.0
2024-06-01 00:00:00,28.6,91,2.47,0.0
2024-06-01 01:00:00,28.4,92,2.33,0.0
2024-06-01 02:00:00,28.3,92,2.33,0.0
2024-06-01 03:00:00,28.1,93,2.1,0.0
2024-06-01 04:00:00,28.0,93,1.51,0.0
2024-06-01 05:00:00,27.6,94,1.08,0.0
2024-06-01 06:00:00,29.8,76,1.75,8.0
2024-06-01 07:00:00,31.4,64,2.31,121.0
2024-06-01 08:00:00,32.5,60,2.9,320.0
2024-06-01 09:00:00,33.4,57,3.11,510.0
2024-06-01 10:00:00,33.8,56,3.71,646.0
2024-06-01 11:00:00,33.9,57,4.3,778.0
2024-06-01 12:00:00,34.1,57,4.7,862.0
2024-06-01 13:00:00,34.1,57,4.8,921.0
2024-06-01 14:00:00,33.7,59,5.2,864.0
2024-06-01 15:00:00,33.3,61,4.9,737.0
2024-06-01 16:00:00,32.8,62,4.5,574.0
2024-06-01 17:00:00,32.0,66,4.2,370.0
2024-06-01 18:00:00,31.2,74,4.14,161.0
2024-06-01 19:00:00,30.2,80,4.3,19.0
2024-06-01 20:00:00,29.8,83,3.83,0.0
2024-06-01 21:00:00,29.4,85,3.28,0.0
2024-06-01 22:00:00,29.1,88,3.1,0.0
2024-06-01 23:00:00,29.0,88,3.2,0.0
2024-06-02 00:00:00,29.0,86,3.01,0.0
2024-06-02 01:00:00,28.9,85,2.89,0.0
2024-06-02 02:00:00,28.7,84,2.57,0.0
2024-06-02 03:00:00,28.4,84,2.32,0.0
2024-06-02 04:00:00,28.4,85,1.94,0.0
2024-06-02 05:00:00,28.1,86,1.57,0.0
2024-06-02 06:00:00,29.5,81,2.9,7.0
2024-06-02 07:00:00,30.8,72,2.63,105.0
2024-06-02 08:00:00,32.2,64,2.69,312.0
2024-06-02 09:00:00,33.4,57,3.04,523.0
2024-06-02 10:00:00,34.1,53,3.71,713.0
2024-06-02 11:00:00,34.4,54,4.2,801.0
2024-06-02 12:00:00,34.5,53,4.51,896.0
2024-06-02 13:00:00,34.5,53,4.53,902.0
2024-06-02 14:00:00,34.2,54,4.63,852.0
2024-06-02 15:00:00,33.5,58,4.96,740.0
2024-06-02 16:00:00,32.8,61,4.54,570.0
2024-06-02 17:00:00,32.0,65,4.16,365.0
2024-06-02 18:00:00,31.6,64,4.07,161.0
2024-06-02 19:00:00,30.6,69,4.03,20.0
2024-06-02 20:00:00,30.4,72,2.57,0.0
2024-06-02 21:00:00,30.2,74,1.73,0.0
2024-06-02 22:00:00,29.9,76,1.3,0.0
2024-06-02 23:00:00,29.6,78,1.14,0.0
2024-06-03 00:00:00,29.4,80,1.28,0.0
2024-06-03 01:00:00,29.3,82,1.84,0.0
2024-06-03 02:00:00,29.2,83,2.02,0.0
2024-06-03 03:00:00,28.9,84,1.48,0.0
2024-06-03 04:00:00,28.8,85,1.3,0.0
2024-06-03 05:00:00,28.7,85,1.46,0.0
2024-06-03 06:00:00,30.8,73,1.92,8.0
2024-06-03 07:00:00,31.4,69,1.1,109.0
2024-06-03 08:00:00,32.4,65,1.43,269.0
2024-06-03 09:00:00,33.4,60,2.15,478.0
2024-06-03 10:00:00,34.0,60,3.35,651.0
2024-06-03 11:00:00,34.2,59,4.12,797.0
2024-06-03 12:00:00,33.6,62,3.52,719.0
2024-06-03 13:00:00,34.2,58,3.81,787.0
2024-06-03 14:00:00,34.2,58,4.13,745.0
2024-06-03 15:00:00,33.1,62,4.3,638.0
2024-06-03 16:00:00,33.0,61,4.3,519.0
2024-06-03 17:00:00,32.3,63,3.71,351.0
2024-06-03 18:00:00,31.6,66,4.0,134.0
2024-06-03 19:00:00,31.0,70,3.47,18.0
2024-06-03 20:00:00,30.9,70,2.87,0.0
2024-06-03 21:00:00,30.7,72,1.88,0.0
2024-06-03 22:00:00,30.5,73,1.2,0.0
2024-06-03 23:00:00,30.2,75,1.1,0.0
2024-06-04 00:00:00,29.9,77,0.82,0.0
2024-06-04 01:00:00,29.7,77,1.1,0.0
2024-06-04 02:00:00,29.5,78,1.02,0.0
2024-06-04 03:00:00,29.1,80,0.91,0.0
2024-06-04 04:00:00,28.8,82,0.99,0.0
2024-06-04 05:00:00,28.6,83,0.72,0.0
2024-06-04 06:00:00,27.8,91,1.3,2.0
2024-06-04 07:00:00,27.8,91,2.42,34.0
2024-06-04 08:00:00,28.4,86,3.22,127.0
2024-06-04 09:00:00,30.2,75,1.6,312.0
2024-06-04 10:00:00,31.6,69,2.75,474.0
2024-06-04 11:00:00,32.5,65,3.55,641.0
2024-06-04 12:00:00,32.7,65,3.09,779.0
2024-06-04 13:00:00,33.5,61,3.89,772.0
2024-06-04 14:00:00,31.7,71,4.17,792.0
2024-06-04 15:00:00,31.6,66,3.71,419.0
2024-06-04 16:00:00,31.7,68,4.12,496.0
2024-06-04 17:00:00,30.9,72,3.81,324.0
2024-06-04 18:00:00,31.3,70,2.37,70.0
2024-06-04 19:00:00,29.3,81,4.42,8.0
2024-06-04 20:00:00,28.3,86,3.42,0.0
2024-06-04 21:00:00,28.6,84,2.52,0.0
2024-06-04 22:00:00,28.2,85,2.79,0.0
2024-06-04 23:00:00,28.2,85,2.24,0.0
2024-06-05 00:00:00,28.2,86,1.8,0.0
2024-06-05 01:00:00,28.1,87,2.34,0.0
2024-06-05 02:00:00,27.7,88,1.91,0.0
2024-06-05 03:00:00,27.4,90,1.53,0.0
2024-06-05 04:00:00,27.5,91,1.3,0.0
2024-06-05 05:00:00,27.0,93,1.33,0.0
2024-06-05 06:00:00,26.5,89,3.06,4.0
2024-06-05 07:00:00,27.6,82,2.69,74.0
2024-06-05 08:00:00,29.2,75,2.32,254.0
2024-06-05 09:00:00,30.9,70,2.24,428.0
2024-06-05 10:00:00,31.6,67,2.75,509.0
2024-06-05 11:00:00,32.6,62,3.07,713.0
2024-06-05 12:00:00,33.0,61,2.85,829.0
2024-06-05 13:00:00,33.8,58,3.24,890.0
2024-06-05 14:00:00,33.4,59,3.86,793.0
2024-06-05 15:00:00,32.5,62,4.46,565.0
2024-06-05 16:00:00,31.4,69,3.81,464.0
2024-06-05 17:00:00,31.3,69,3.59,340.0
2024-06-05 18:00:00,31.5,74,2.62,118.0
2024-06-05 19:00:00,26.6,89,4.58,15.0
2024-06-05 20:00:00,26.9,89,1.92,0.0
2024-06-05 21:00:00,27.8,87,1.8,0.0
2024-06-05 22:00:00,27.9,88,2.21,0.0
2024-06-05 23:00:00,28.0,88,1.88,0.0
2024-06-06 00:00:00,28.0,88,1.75,0.0
2024-06-06 01:00:00,27.7,90,0.94,0.0
2024-06-06 02:00:00,27.7,90,0.94,0.0
2024-06-06 03:00:00,27.7,89,0.54,0.0
2024-06-06 04:00:00,27.6,89,0.8,0.0
2024-06-06 05:00:00,27.4,90,1.0,0.0
2024-06-06 06:00:00,26.5,91,0.71,2.0
2024-06-06 07:00:00,26.6,92,2.55,41.0
2024-06-06 08:00:00,27.1,89,1.14,105.0
2024-06-06 09:00:00,29.0,79,1.53,371.0
2024-06-06 10:00:00,31.9,64,0.22,594.0
2024-06-06 11:00:00,33.3,59,1.2,768.0
2024-06-06 12:00:00,34.1,57,2.78,887.0
2024-06-06 13:00:00,33.3,61,4.15,875.0
2024-06-06 14:00:00,32.9,63,4.4,838.0
2024-06-06 15:00:00,32.5,66,4.8,680.0
2024-06-06 16:00:00,32.0,68,4.5,535.0
2024-06-06 17:00:00,31.2,72,3.63,311.0
2024-06-06 18:00:00,30.6,75,3.89,89.0
2024-06-06 19:00:00,30.2,77,3.14,14.0
2024-06-06 20:00:00,29.9,78,2.14,0.0
2024-06-06 21:00:00,29.7,80,1.81,0.0
2024-06-06 22:00:00,29.5,81,1.82,0.0
2024-06-06 23:00:00,29.3,82,1.99,0.0
2024-06-07 00:00:00,29.0,82,1.94,0.0
2024-06-07 01:00:00,28.6,85,2.18,0.0
2024-06-07 02:00:00,28.3,87,2.3,0.0
2024-06-07 03:00:00,28.3,87,2.14,0.0
2024-06-07 04:00:00,28.1,88,1.97,0.0
2024-06-07 05:00:00,28.0,88,2.42,0.0
2024-06-07 06:00:00,29.2,81,4.06,4.0
2024-06-07 07:00:00,30.0,76,3.77,64.0
2024-06-07 08:00:00,30.6,73,3.22,174.0
2024-06-07 09:00:00,31.6,67,3.07,264.0
2024-06-07 10:00:00,32.8,60,2.28,442.0
2024-06-07 11:00:00,33.6,56,2.86,517.0
2024-06-07 12:00:00,33.3,60,4.58,536.0
2024-06-07 13:00:00,32.7,62,4.43,573.0
2024-06-07 14:00:00,32.5,61,5.01,460.0
2024-06-07 15:00:00,32.0,64,4.92,386.0
2024-06-07 16:00:00,31.7,66,4.74,353.0
2024-06-07 17:00:00,31.4,66,4.72,278.0
2024-06-07 18:00:00,30.7,69,4.39,138.0
2024-06-07 19:00:00,30.0,74,2.72,17.0
2024-06-07 20:00:00,29.7,76,3.0,0.0
2024-06-07 21:00:00,29.6,77,2.86,0.0
2024-06-07 22:00:00,29.2,79,1.97,0.0
2024-06-07 23:00:00,28.6,82,1.8,0.0
2024-06-08 00:00:00,28.0,87,2.22,0.0
2024-06-08 01:00:00,27.8,88,1.46,0.0
2024-06-08 02:00:00,27.4,89,1.99,0.0
2024-06-08 03:00:00,27.3,90,1.32,0.0
2024-06-08 04:00:00,27.1,93,1.14,0.0
2024-06-08 05:00:00,26.9,93,1.17,0.0
2024-06-08 06:00:00,27.3,88,2.41,7.0
2024-06-08 07:00:00,26.5,88,3.93,46.0
2024-06-08 08:00:00,27.3,84,2.5,118.0
2024-06-08 09:00:00,29.5,76,2.31,432.0
2024-06-08 10:00:00,31.4,64,3.2,647.0
2024-06-08 11:00:00,32.8,55,3.61,773.0
2024-06-08 12:00:00,33.7,52,3.81,871.0
2024-06-08 13:00:00,34.4,51,3.78,873.0
2024-06-08 14:00:00,33.7,53,4.46,684.0
2024-06-08 15:00:00,33.3,55,5.56,718.0
2024-06-08 16:00:00,32.4,55,4.88,539.0
2024-06-08 17:00:00,31.1,65,4.18,335.0
2024-06-08 18:00:00,30.4,74,5.17,142.0
2024-06-08 19:00:00,30.0,76,4.59,19.0
2024-06-08 20:00:00,30.0,73,4.92,0.0
2024-06-08 21:00:00,29.8,75,4.12,0.0
2024-06-08 22:00:00,29.7,77,3.86,0.0
2024-06-08 23:00:00,29.8,75,3.8,0.0
2024-06-09 00:00:00,29.5,76,3.58,0.0
2024-06-09 01:00:00,29.2,77,2.97,0.0
2024-06-09 02:00:00,28.8,78,2.58,0.0
2024-06-09 03:00:00,28.8,79,2.72,0.0
2024-06-09 04:00:00,29.1,77,2.84,0.0
2024-06-09 05:00:00,29.1,77,3.78,0.0
2024-06-09 06:00:00,26.0,92,1.22,1.0
2024-06-09 07:00:00,26.1,93,1.2,11.0
2024-06-09 08:00:00,26.6,91,0.2,35.0
2024-06-09 09:00:00,27.5,88,1.14,111.0
2024-06-09 10:00:00,28.5,83,1.5,270.0
2024-06-09 11:00:00,30.2,73,1.88,514.0
2024-06-09 12:00:00,30.0,74,2.69,240.0
2024-06-09 13:00:00,30.3,74,2.83,352.0
2024-06-09 14:00:00,31.6,68,3.36,677.0
2024-06-09 15:00:00,30.6,73,3.72,349.0
2024-06-09 16:00:00,29.8,77,3.42,158.0
2024-06-09 17:00:00,30.4,71,2.72,108.0
2024-06-09 18:00:00,27.9,86,1.49,31.0
2024-06-09 19:00:00,26.8,92,1.65,5.0
2024-06-09 20:00:00,27.4,92,1.46,0.0
2024-06-09 21:00:00,28.0,88,1.77,0.0
2024-06-09 22:00:00,28.1,85,2.31,0.0
2024-06-09 23:00:00,28.0,87,3.3,0.0
2024-06-10 00:00:00,27.6,86,4.09,0.0
2024-06-10 01:00:00,25.7,96,2.28,0.0
2024-06-10 02:00:00,25.8,96,1.08,0.0
2024-06-10 03:00:00,25.9,96,1.04,0.0
2024-06-10 04:00:00,25.9,97,1.75,0.0
2024-06-10 05:00:00,26.1,96,1.33,0.0
2024-06-10 06:00:00,25.7,92,0.95,0.0
2024-06-10 07:00:00,26.2,91,1.86,21.0
2024-06-10 08:00:00,26.9,86,1.89,87.0
2024-06-10 09:00:00,28.1,80,1.12,334.0
2024-06-10 10:00:00,28.5,77,1.9,265.0
2024-06-10 11:00:00,28.5,78,2.15,235.0
2024-06-10 12:00:00,28.4,79,2.89,181.0
2024-06-10 13:00:00,29.3,75,2.79,401.0
2024-06-10 14:00:00,29.8,74,2.73,491.0
2024-06-10 15:00:00,28.9,78,2.53,244.0
2024-06-10 16:00:00,29.3,77,2.45,208.0
2024-06-10 17:00:00,27.3,81,3.82,208.0
2024-06-10 18:00:00,26.1,92,2.1,73.0
2024-06-10 19:00:00,26.4,91,1.14,9.0
2024-06-10 20:00:00,26.3,93,1.78,0.0
2024-06-10 21:00:00,26.3,93,1.84,0.0
2024-06-10 22:00:00,26.3,94,2.28,0.0
2024-06-10 23:00:00,26.3,94,2.27,0.0
2024-06-11 00:00:00,26.2,94,2.25,0.0
2024-06-11 01:00:00,26.5,93,1.33,0.0
2024-06-11 02:00:00,26.6,94,0.92,0.0
2024-06-11 03:00:00,26.7,96,0.81,0.0
2024-06-11 04:00:00,26.8,94,0.82,0.0
2024-06-11 05:00:00,26.5,94,1.89,0.0
2024-06-11 06:00:00,25.8,96,2.4,2.0
2024-06-11 07:00:00,25.7,95,1.49,29.0
2024-06-11 08:00:00,26.3,91,1.96,115.0
2024-06-11 09:00:00,27.4,87,0.78,265.0
2024-06-11 10:00:00,29.1,80,2.47,570.0
2024-06-11 11:00:00,29.2,79,2.38,542.0
2024-06-11 12:00:00,29.5,77,3.52,702.0
2024-06-11 13:00:00,30.2,75,2.9,817.0
2024-06-11 14:00:00,30.2,74,3.21,643.0
2024-06-11 15:00:00,29.8,72,3.75,574.0
2024-06-11 16:00:00,29.0,79,3.62,390.0
2024-06-11 17:00:00,27.8,85,3.32,168.0
2024-06-11 18:00:00,28.2,86,3.2,39.0
2024-06-11 19:00:00,28.1,86,2.0,12.0
2024-06-11 20:00:00,27.6,88,1.2,0.0
2024-06-11 21:00:00,27.7,87,1.22,0.0
2024-06-11 22:00:00,27.2,90,1.33,0.0
2024-06-11 23:00:00,26.8,92,1.55,0.0
2024-06-12 00:00:00,27.0,93,2.02,0.0
2024-06-12 01:00:00,27.0,91,2.69,0.0
2024-06-12 02:00:00,26.5,95,2.84,0.0
2024-06-12 03:00:00,26.1,96,1.75,0.0
2024-06-12 04:00:00,26.2,97,1.4,0.0
2024-06-12 05:00:00,26.1,95,1.49,0.0
2024-06-12 06:00:00,25.6,96,1.22,5.0
2024-06-12 07:00:00,25.7,95,1.7,16.0
2024-06-12 08:00:00,25.9,93,1.43,45.0
2024-06-12 09:00:00,27.0,89,1.63,126.0
2024-06-12 10:00:00,27.5,87,4.47,229.0
2024-06-12 11:00:00,28.7,81,3.4,564.0
2024-06-12 12:00:00,29.3,77,3.97,639.0
2024-06-12 13:00:00,29.7,75,4.39,655.0
2024-06-12 14:00:00,30.0,73,4.03,773.0
2024-06-12 15:00:00,29.9,73,3.96,496.0
2024-06-12 16:00:00,29.8,75,4.06,481.0
2024-06-12 17:00:00,28.8,79,3.48,241.0
2024-06-12 18:00:00,29.4,77,3.62,157.0
2024-06-12 19:00:00,28.4,82,3.33,22.0
2024-06-12 20:00:00,27.9,84,3.5,0.0
2024-06-12 21:00:00,27.8,86,2.78,0.0
2024-06-12 22:00:00,27.5,88,2.28,0.0
2024-06-12 23:00:00,27.1,89,2.55,0.0
2024-06-13 00:00:00,27.1,88,2.41,0.0
2024-06-13 01:00:00,26.7,91,3.24,0.0
2024-06-13 02:00:00,26.4,93,2.7,0.0
2024-06-13 03:00:00,26.7,91,2.55,0.0
2024-06-13 04:00:00,26.5,92,1.92,0.0
2024-06-13 05:00:00,26.2,93,2.11,0.0
2024-06-13 06:00:00,26.6,91,2.72,5.0
2024-06-13 07:00:00,27.3,88,2.28,57.0
2024-06-13 08:00:00,28.3,83,1.91,253.0
2024-06-13 09:00:00,27.4,84,3.33,311.0
2024-06-13 10:00:00,27.1,86,3.22,233.0
2024-06-13 11:00:00,28.0,83,3.18,530.0
2024-06-13 12:00:00,29.0,77,2.48,655.0
2024-06-13 13:00:00,29.9,76,3.05,761.0
2024-06-13 14:00:00,30.0,76,3.68,735.0
2024-06-13 15:00:00,29.2,80,3.55,564.0
2024-06-13 16:00:00,29.0,78,4.92,516.0
2024-06-13 17:00:00,28.3,81,4.76,290.0
2024-06-13 18:00:00,27.5,86,3.91,72.0
2024-06-13 19:00:00,27.0,88,3.38,14.0
2024-06-13 20:00:00,27.1,88,2.7,0.0
2024-06-13 21:00:00,27.1,89,1.8,0.0
2024-06-13 22:00:00,27.0,91,1.81,0.0
2024-06-13 23:00:00,26.3,91,2.64,0.0
2024-06-14 00:00:00,25.8,94,3.0,0.0
2024-06-14 01:00:00,25.8,94,2.06,0.0
2024-06-14 02:00:00,25.8,94,2.2,0.0
2024-06-14 03:00:00,25.9,94,2.16,0.0
2024-06-14 04:00:00,25.9,94,2.42,0.0
2024-06-14 05:00:00,26.1,90,2.6,0.0
2024-06-14 06:00:00,25.8,94,2.56,3.0
2024-06-14 07:00:00,26.4,90,3.65,76.0
2024-06-14 08:00:00,27.2,88,3.7,214.0
2024-06-14 09:00:00,27.7,85,4.05,224.0
2024-06-14 10:00:00,26.9,81,4.7,481.0
2024-06-14 11:00:00,27.3,83,1.68,436.0
2024-06-14 12:00:00,28.5,79,3.62,649.0
2024-06-14 13:00:00,29.2,77,4.1,819.0
2024-06-14 14:00:00,27.1,83,4.12,494.0
2024-06-14 15:00:00,28.7,78,4.66,534.0
2024-06-14 16:00:00,28.5,78,5.08,452.0
2024-06-14 17:00:00,28.4,79,5.05,306.0
2024-06-14 18:00:00,28.2,78,3.56,115.0
2024-06-14 19:00:00,27.5,85,2.28,20.0
2024-06-14 20:00:00,27.3,87,1.41,0.0
2024-06-14 21:00:00,26.9,89,2.02,0.0
2024-06-14 22:00:00,26.5,89,1.93,0.0
2024-06-14 23:00:00,26.1,90,2.41,0.0
2024-06-15 00:00:00,26.2,92,3.13,0.0
2024-06-15 01:00:00,26.3,91,3.72,0.0
2024-06-15 02:00:00,26.3,89,3.21,0.0
2024-06-15 03:00:00,26.0,91,3.3,0.0
2024-06-15 04:00:00,25.8,92,3.31,0.0
2024-06-15 05:00:00,25.8,91,2.91,0.0
2024-06-15 06:00:00,26.2,90,4.43,6.0
2024-06-15 07:00:00,27.0,85,5.02,92.0
2024-06-15 08:00:00,27.5,85,4.96,214.0
2024-06-15 09:00:00,28.5,79,4.94,320.0
2024-06-15 10:00:00,28.8,75,5.12,464.0
2024-06-15 11:00:00,28.5,78,4.61,496.0
2024-06-15 12:00:00,29.5,75,5.1,706.0
2024-06-15 13:00:00,29.8,76,5.26,841.0
2024-06-15 14:00:00,29.7,76,5.22,770.0
2024-06-15 15:00:00,29.2,77,5.19,574.0
2024-06-15 16:00:00,29.3,76,4.96,478.0
2024-06-15 17:00:00,29.2,74,4.55,314.0
2024-06-15 18:00:00,29.1,76,3.76,157.0
2024-06-15 19:00:00,28.4,79,2.66,23.0
2024-06-15 20:00:00,27.0,86,3.29,0.0
2024-06-15 21:00:00,27.0,86,3.0,0.0
2024-06-15 22:00:00,26.9,87,3.31,0.0
2024-06-15 23:00:00,26.9,88,3.42,0.0
2024-06-16 00:00:00,26.6,89,3.2,0.0
2024-06-16 01:00:00,26.4,90,3.26,0.0
2024-06-16 02:00:00,26.3,90,3.08,0.0
2024-06-16 03:00:00,26.2,91,2.93,0.0
2024-06-16 04:00:00,26.3,91,2.71,0.0
2024-06-16 05:00:00,26.2,91,2.7,0.0
2024-06-16 06:00:00,26.4,90,2.4,5.0
2024-06-16 07:00:00,27.1,86,2.18,76.0
2024-06-16 08:00:00,28.2,82,1.9,242.0
2024-06-16 09:00:00,29.0,78,2.26,401.0
2024-06-16 10:00:00,29.7,78,2.56,530.0
2024-06-16 11:00:00,30.6,74,2.69,774.0
2024-06-16 12:00:00,31.0,72,2.84,835.0
2024-06-16 13:00:00,30.9,72,3.18,799.0
2024-06-16 14:00:00,30.9,73,3.58,769.0
2024-06-16 15:00:00,30.7,73,3.86,663.0
2024-06-16 16:00:00,30.0,74,4.16,507.0
2024-06-16 17:00:00,30.0,75,3.18,288.0
2024-06-16 18:00:00,29.6,74,3.16,131.0
2024-06-16 19:00:00,29.0,77,2.28,21.0
2024-06-16 20:00:00,28.8,78,1.84,0.0
2024-06-16 21:00:00,28.7,78,1.64,0.0
2024-06-16 22:00:00,28.3,81,1.55,0.0
2024-06-16 23:00:00,28.2,81,2.04,0.0
2024-06-17 00:00:00,28.0,82,2.18,0.0
2024-06-17 01:00:00,27.7,84,2.26,0.0
2024-06-17 02:00:00,27.4,87,2.42,0.0
2024-06-17 03:00:00,27.0,89,2.98,0.0
2024-06-17 04:00:00,27.0,88,2.93,0.0
2024-06-17 05:00:00,26.6,91,2.53,0.0
2024-06-17 06:00:00,27.4,88,2.11,6.0
2024-06-17 07:00:00,27.5,87,2.65,76.0
2024-06-17 08:00:00,28.3,83,2.91,205.0
2024-06-17 09:00:00,29.6,76,3.35,416.0
2024-06-17 10:00:00,30.2,73,3.76,519.0
2024-06-17 11:00:00,30.5,72,4.0,594.0
2024-06-17 12:00:00,30.7,72,4.08,588.0
2024-06-17 13:00:00,31.6,70,4.62,877.0
2024-06-17 14:00:00,30.9,72,4.75,744.0
2024-06-17 15:00:00,30.1,72,5.16,528.0
2024-06-17 16:00:00,28.6,82,4.94,322.0
2024-06-17 17:00:00,28.6,81,3.94,213.0
2024-06-17 18:00:00,27.8,90,3.0,37.0
2024-06-17 19:00:00,27.2,90,3.14,13.0
2024-06-17 20:00:00,27.1,91,2.3,0.0
2024-06-17 21:00:00,26.9,93,2.4,0.0
2024-06-17 22:00:00,27.0,92,2.41,0.0
2024-06-17 23:00:00,26.9,91,2.98,0.0
2024-06-18 00:00:00,26.5,90,3.35,0.0
2024-06-18 01:00:00,26.5,91,3.41,0.0
2024-06-18 02:00:00,26.5,91,3.4,0.0
2024-06-18 03:00:00,26.7,91,2.51,0.0
2024-06-18 04:00:00,26.6,91,2.69,0.0
2024-06-18 05:00:00,26.7,90,2.45,0.0
2024-06-18 06:00:00,26.4,94,3.52,4.0
2024-06-18 07:00:00,26.6,94,4.42,49.0
2024-06-18 08:00:00,27.8,88,4.81,211.0
2024-06-18 09:00:00,29.2,79,5.36,409.0
2024-06-18 10:00:00,29.8,76,5.44,494.0
2024-06-18 11:00:00,29.7,76,5.46,571.0
2024-06-18 12:00:00,28.0,81,5.78,373.0
2024-06-18 13:00:00,28.2,83,4.89,312.0
2024-06-18 14:00:00,28.7,82,4.7,612.0
2024-06-18 15:00:00,28.4,81,4.99,325.0
2024-06-18 16:00:00,27.4,83,5.03,339.0
2024-06-18 17:00:00,27.1,88,2.97,100.0
2024-06-18 18:00:00,27.2,87,4.83,12.0
2024-06-18 19:00:00,26.9,90,3.86,8.0
2024-06-18 20:00:00,26.4,92,3.74,0.0
2024-06-18 21:00:00,26.6,91,3.0,0.0
2024-06-18 22:00:00,26.2,93,3.32,0.0
2024-06-18 23:00:00,26.3,93,3.22,0.0
2024-06-19 00:00:00,26.6,91,3.58,0.0
2024-06-19 01:00:00,26.2,94,3.97,0.0
2024-06-19 02:00:00,26.4,92,3.0,0.0
2024-06-19 03:00:00,26.6,90,2.91,0.0
2024-06-19 04:00:00,26.6,90,3.16,0.0
2024-06-19 05:00:00,26.1,92,2.68,0.0
2024-06-19 06:00:00,26.0,92,2.43,1.0
2024-06-19 07:00:00,26.4,91,3.45,18.0
2024-06-19 08:00:00,26.1,93,4.0,38.0
2024-06-19 09:00:00,26.3,93,3.89,49.0
2024-06-19 10:00:00,27.2,88,4.02,172.0
2024-06-19 11:00:00,27.3,86,5.26,231.0
2024-06-19 12:00:00,28.3,82,4.25,423.0
2024-06-19 13:00:00,29.2,79,5.24,615.0
2024-06-19 14:00:00,28.0,84,5.26,499.0
2024-06-19 15:00:00,27.2,86,4.75,160.0
2024-06-19 16:00:00,28.2,85,3.76,212.0
2024-06-19 17:00:00,28.2,80,5.25,209.0
2024-06-19 18:00:00,29.1,75,4.92,98.0
2024-06-19 19:00:00,29.0,72,4.49,21.0
2024-06-19 20:00:00,29.0,71,4.64,0.0
2024-06-19 21:00:00,29.0,75,4.12,0.0
2024-06-19 22:00:00,28.3,77,4.22,0.0
2024-06-19 23:00:00,26.4,91,4.05,0.0
2024-06-20 00:00:00,26.4,92,4.4,0.0
2024-06-20 01:00:00,26.4,91,3.82,0.0
2024-06-20 02:00:00,26.4,93,3.69,0.0
2024-06-20 03:00:00,26.5,91,4.48,0.0
2024-06-20 04:00:00,26.1,92,4.39,0.0
2024-06-20 05:00:00,26.5,91,4.3,0.0
2024-06-20 06:00:00,26.8,91,4.96,1.0
2024-06-20 07:00:00,27.4,89,5.14,15.0
2024-06-20 08:00:00,27.1,91,4.49,80.0
2024-06-20 09:00:00,27.0,91,4.97,164.0
2024-06-20 10:00:00,26.8,91,4.26,276.0
2024-06-20 11:00:00,26.4,92,3.98,120.0
2024-06-20 12:00:00,27.1,88,4.37,402.0
2024-06-20 13:00:00,27.9,85,4.92,431.0
2024-06-20 14:00:00,28.2,84,4.66,390.0
2024-06-20 15:00:00,28.5,83,5.1,455.0
2024-06-20 16:00:00,28.3,82,5.74,259.0
2024-06-20 17:00:00,27.9,82,5.02,159.0
2024-06-20 18:00:00,27.8,89,3.8,73.0
2024-06-20 19:00:00,27.7,88,2.47,17.0
2024-06-20 20:00:00,28.4,82,2.56,0.0
2024-06-20 21:00:00,28.1,83,3.2,0.0
2024-06-20 22:00:00,26.9,90,3.72,0.0
2024-06-20 23:00:00,26.7,90,3.64,0.0
2024-06-21 00:00:00,26.5,92,3.54,0.0
2024-06-21 01:00:00,27.0,89,4.1,0.0
2024-06-21 02:00:00,27.0,89,3.57,0.0
2024-06-21 03:00:00,26.2,92,5.1,0.0
2024-06-21 04:00:00,24.9,92,3.05,0.0
2024-06-21 05:00:00,25.1,93,3.04,0.0
2024-06-21 06:00:00,27.6,89,4.05,4.0
2024-06-21 07:00:00,27.0,93,4.3,86.0
2024-06-21 08:00:00,27.8,87,4.14,130.0
2024-06-21 09:00:00,28.6,83,4.47,370.0
2024-06-21 10:00:00,28.6,84,4.33,466.0
2024-06-21 11:00:00,29.7,79,4.74,605.0
2024-06-21 12:00:00,29.7,80,4.19,694.0
2024-06-21 13:00:00,30.9,73,4.88,787.0
2024-06-21 14:00:00,31.1,72,5.71,791.0
2024-06-21 15:00:00,30.6,76,5.8,628.0
2024-06-21 16:00:00,30.3,76,5.69,480.0
2024-06-21 17:00:00,29.2,81,5.17,295.0
2024-06-21 18:00:00,27.5,88,3.24,85.0
2024-06-21 19:00:00,26.7,93,4.46,19.0
2024-06-21 20:00:00,26.6,92,2.44,0.0
2024-06-21 21:00:00,26.2,95,2.61,0.0
2024-06-21 22:00:00,25.5,94,3.81,0.0
2024-06-21 23:00:00,25.8,91,3.8,0.0
2024-06-22 00:00:00,25.9,95,3.8,0.0
2024-06-22 01:00:00,26.1,93,4.22,0.0
2024-06-22 02:00:00,25.5,94,4.25,0.0
2024-06-22 03:00:00,25.5,93,1.75,0.0
2024-06-22 04:00:00,25.3,95,3.61,0.0
2024-06-22 05:00:00,25.3,96,3.97,0.0
2024-06-22 06:00:00,25.8,89,2.28,5.0
2024-06-22 07:00:00,26.5,88,2.66,72.0
2024-06-22 08:00:00,27.2,84,2.98,189.0
2024-06-22 09:00:00,28.0,81,3.26,431.0
2024-06-22 10:00:00,28.6,78,3.11,551.0
2024-06-22 11:00:00,29.0,76,3.1,402.0
2024-06-22 12:00:00,30.2,72,3.69,775.0
2024-06-22 13:00:00,30.2,75,3.66,844.0
2024-06-22 14:00:00,30.0,77,3.98,808.0
2024-06-22 15:00:00,30.0,76,4.41,687.0
2024-06-22 16:00:00,29.8,76,4.66,521.0
2024-06-22 17:00:00,29.3,77,4.49,320.0
2024-06-22 18:00:00,27.9,84,0.81,77.0
2024-06-22 19:00:00,27.5,89,2.51,5.0
2024-06-22 20:00:00,27.1,91,2.9,0.0
2024-06-22 21:00:00,26.9,91,3.41,0.0
2024-06-22 22:00:00,26.9,91,3.7,0.0
2024-06-22 23:00:00,26.8,91,3.29,0.0
2024-06-23 00:00:00,26.7,93,2.82,0.0
2024-06-23 01:00:00,26.4,94,3.86,0.0
2024-06-23 02:00:00,26.5,92,3.89,0.0
2024-06-23 03:00:00,26.4,92,2.86,0.0
2024-06-23 04:00:00,26.4,92,2.48,0.0
2024-06-23 05:00:00,26.7,90,2.83,0.0
2024-06-23 06:00:00,25.8,94,1.3,2.0
2024-06-23 07:00:00,26.7,90,1.57,85.0
2024-06-23 08:00:00,27.7,84,2.1,204.0
2024-06-23 09:00:00,28.7,81,2.94,290.0
2024-06-23 10:00:00,29.2,80,2.55,401.0
2024-06-23 11:00:00,28.6,83,3.22,286.0
2024-06-23 12:00:00,29.6,80,4.07,607.0
2024-06-23 13:00:00,29.8,79,4.6,767.0
2024-06-23 14:00:00,29.7,79,4.39,664.0
2024-06-23 15:00:00,29.0,82,4.53,452.0
2024-06-23 16:00:00,28.6,83,3.19,319.0
2024-06-23 17:00:00,28.3,84,2.33,144.0
2024-06-23 18:00:00,28.3,81,3.71,108.0
2024-06-23 19:00:00,28.1,83,2.61,11.0
2024-06-23 20:00:00,28.0,84,2.38,0.0
2024-06-23 21:00:00,27.7,87,2.65,0.0
2024-06-23 22:00:00,27.3,89,3.81,0.0
2024-06-23 23:00:00,26.9,90,4.02,0.0
2024-06-24 00:00:00,26.5,91,2.56,0.0
2024-06-24 01:00:00,26.4,94,1.17,0.0
2024-06-24 02:00:00,26.0,95,0.81,0.0
2024-06-24 03:00:00,26.2,92,0.71,0.0
2024-06-24 04:00:00,26.2,92,0.54,0.0
2024-06-24 05:00:00,26.1,94,0.98,0.0
2024-06-24 06:00:00,26.5,92,1.36,4.0
2024-06-24 07:00:00,26.3,92,1.84,50.0
2024-06-24 08:00:00,26.8,89,2.76,97.0
2024-06-24 09:00:00,28.3,83,3.1,349.0
2024-06-24 10:00:00,29.2,77,3.01,510.0
2024-06-24 11:00:00,29.4,80,3.26,491.0
2024-06-24 12:00:00,28.6,80,5.0,563.0
2024-06-24 13:00:00,28.7,83,3.86,492.0
2024-06-24 14:00:00,29.4,81,4.36,673.0
2024-06-24 15:00:00,29.7,78,4.1,657.0
2024-06-24 16:00:00,29.2,80,3.86,465.0
2024-06-24 17:00:00,29.1,79,3.56,303.0
2024-06-24 18:00:00,28.5,82,3.26,72.0
2024-06-24 19:00:00,28.3,82,2.55,18.0
2024-06-24 20:00:00,27.9,85,2.22,0.0
2024-06-24 21:00:00,27.7,86,2.5,0.0
2024-06-24 22:00:00,27.6,88,2.5,0.0
2024-06-24 23:00:00,27.4,88,3.11,0.0
2024-06-25 00:00:00,27.1,88,4.12,0.0
2024-06-25 01:00:00,26.8,90,3.7,0.0
2024-06-25 02:00:00,26.8,91,3.42,0.0
2024-06-25 03:00:00,26.6,92,3.57,0.0
2024-06-25 04:00:00,26.4,93,3.58,0.0
2024-06-25 05:00:00,26.2,94,3.5,0.0
2024-06-25 06:00:00,26.4,92,4.26,3.0
2024-06-25 07:00:00,27.0,90,4.36,38.0
2024-06-25 08:00:00,28.0,86,4.97,247.0
2024-06-25 09:00:00,28.9,80,5.28,322.0
2024-06-25 10:00:00,29.6,78,5.69,420.0
2024-06-25 11:00:00,30.6,73,6.11,688.0
2024-06-25 12:00:00,29.8,81,6.65,806.0
2024-06-25 13:00:00,30.5,77,6.86,761.0
2024-06-25 14:00:00,30.0,78,7.08,556.0
2024-06-25 15:00:00,29.3,80,7.2,455.0
2024-06-25 16:00:00,29.6,79,7.94,357.0
2024-06-25 17:00:00,29.0,82,8.8,214.0
2024-06-25 18:00:00,29.0,79,7.43,139.0
2024-06-25 19:00:00,27.8,87,7.06,19.0
2024-06-25 20:00:00,27.6,87,5.41,0.0
2024-06-25 21:00:00,27.9,87,3.8,0.0
2024-06-25 22:00:00,27.7,88,3.38,0.0
2024-06-25 23:00:00,27.6,89,3.45,0.0
2024-06-26 00:00:00,27.3,92,3.37,0.0
2024-06-26 01:00:00,27.2,92,3.09,0.0
2024-06-26 02:00:00,27.1,92,4.89,0.0
2024-06-26 03:00:00,26.9,93,5.19,0.0
2024-06-26 04:00:00,27.7,89,5.82,0.0
2024-06-26 05:00:00,27.3,87,5.88,0.0
2024-06-26 06:00:00,27.0,93,6.2,2.0
2024-06-26 07:00:00,26.9,95,5.7,37.0
2024-06-26 08:00:00,27.4,93,5.6,120.0
2024-06-26 09:00:00,29.0,84,6.89,301.0
2024-06-26 10:00:00,30.5,76,8.3,637.0
2024-06-26 11:00:00,28.6,83,8.1,565.0
2024-06-26 12:00:00,29.2,83,7.11,607.0
2024-06-26 13:00:00,29.0,83,8.28,784.0
2024-06-26 14:00:00,29.6,79,7.99,549.0
2024-06-26 15:00:00,29.5,77,8.09,391.0
2024-06-26 16:00:00,28.7,81,7.5,242.0
2024-06-26 17:00:00,28.7,82,6.51,149.0
2024-06-26 18:00:00,27.4,91,5.95,45.0
2024-06-26 19:00:00,27.7,89,5.98,15.0
2024-06-26 20:00:00,27.1,90,5.82,0.0
2024-06-26 21:00:00,27.0,91,6.4,0.0
2024-06-26 22:00:00,27.2,89,7.14,0.0
2024-06-26 23:00:00,27.2,90,6.97,0.0
2024-06-27 00:00:00,27.3,89,6.5,0.0
2024-06-27 01:00:00,27.5,88,6.02,0.0
2024-06-27 02:00:00,26.9,92,6.14,0.0
2024-06-27 03:00:00,27.1,89,5.55,0.0
2024-06-27 04:00:00,26.8,92,5.74,0.0
2024-06-27 05:00:00,26.7,92,5.3,0.0
2024-06-27 06:00:00,26.8,92,5.43,2.0
2024-06-27 07:00:00,26.7,91,5.29,21.0
2024-06-27 08:00:00,27.0,91,5.05,20.0
2024-06-27 09:00:00,27.5,90,5.35,129.0
2024-06-27 10:00:00,27.2,92,5.52,141.0
2024-06-27 11:00:00,27.2,89,6.53,375.0
2024-06-27 12:00:00,27.7,87,6.69,376.0
2024-06-27 13:00:00,28.8,82,6.67,489.0
2024-06-27 14:00:00,28.4,84,7.0,487.0
2024-06-27 15:00:00,27.7,88,7.64,537.0
2024-06-27 16:00:00,28.1,85,7.64,393.0
2024-06-27 17:00:00,26.6,93,7.18,235.0
2024-06-27 18:00:00,26.6,92,6.17,15.0
2024-06-27 19:00:00,26.8,89,6.96,6.0
2024-06-27 20:00:00,26.6,90,6.69,0.0
2024-06-27 21:00:00,26.5,91,6.59,0.0
2024-06-27 22:00:00,26.6,91,5.54,0.0
2024-06-27 23:00:00,26.6,92,5.89,0.0
2024-06-28 00:00:00,26.4,92,7.08,0.0
2024-06-28 01:00:00,26.7,90,6.71,0.0
2024-06-28 02:00:00,26.6,90,6.22,0.0
2024-06-28 03:00:00,26.6,89,6.62,0.0
2024-06-28 04:00:00,26.5,90,6.91,0.0
2024-06-28 05:00:00,26.4,90,6.87,0.0
2024-06-28 06:00:00,26.8,89,7.62,0.0
2024-06-28 07:00:00,27.2,89,6.36,20.0
2024-06-28 08:00:00,27.3,89,6.9,152.0
2024-06-28 09:00:00,27.3,89,6.72,112.0
2024-06-28 10:00:00,27.4,86,7.29,152.0
2024-06-28 11:00:00,28.2,85,7.71,438.0
2024-06-28 12:00:00,28.1,84,7.38,262.0
2024-06-28 13:00:00,28.2,84,7.35,227.0
2024-06-28 14:00:00,27.8,86,7.26,309.0
2024-06-28 15:00:00,27.8,88,6.57,116.0
2024-06-28 16:00:00,28.1,86,6.53,209.0
2024-06-28 17:00:00,28.0,86,6.66,219.0
2024-06-28 18:00:00,27.3,87,6.0,104.0
2024-06-28 19:00:00,26.8,90,5.54,18.0
2024-06-28 20:00:00,26.0,94,4.46,0.0
2024-06-28 21:00:00,26.5,91,5.8,0.0
2024-06-28 22:00:00,26.5,93,5.7,0.0
2024-06-28 23:00:00,26.0,92,5.38,0.0
2024-06-29 00:00:00,25.9,92,3.6,0.0
2024-06-29 01:00:00,26.2,90,5.48,0.0
2024-06-29 02:00:00,26.0,93,5.41,0.0
2024-06-29 03:00:00,26.1,92,5.32,0.0
2024-06-29 04:00:00,26.5,89,4.87,0.0
2024-06-29 05:00:00,26.1,92,5.67,0.0
2024-06-29 06:00:00,27.8,86,5.56,4.0
2024-06-29 07:00:00,27.5,88,5.7,76.0
2024-06-29 08:00:00,27.7,85,6.04,185.0
2024-06-29 09:00:00,29.0,82,5.77,286.0
2024-06-29 10:00:00,29.0,82,5.73,417.0
2024-06-29 11:00:00,30.1,77,6.42,696.0
2024-06-29 12:00:00,29.6,81,6.69,782.0
2024-06-29 13:00:00,28.9,79,7.22,631.0
2024-06-29 14:00:00,29.1,83,6.21,546.0
2024-06-29 15:00:00,28.6,83,6.84,539.0
2024-06-29 16:00:00,27.4,85,7.29,446.0
2024-06-29 17:00:00,27.9,87,6.36,236.0
2024-06-29 18:00:00,27.7,85,5.32,104.0
2024-06-29 19:00:00,26.9,88,5.41,14.0
2024-06-29 20:00:00,27.1,89,5.35,0.0
2024-06-29 21:00:00,26.8,89,4.6,0.0
2024-06-29 22:00:00,26.4,91,4.46,0.0
2024-06-29 23:00:00,26.2,92,4.53,0.0
2024-06-30 00:00:00,26.4,91,4.81,0.0
2024-06-30 01:00:00,26.5,90,5.39,0.0
2024-06-30 02:00:00,26.2,93,5.16,0.0
2024-06-30 03:00:00,26.6,91,5.28,0.0
2024-06-30 04:00:00,26.6,91,5.37,0.0
2024-06-30 05:00:00,26.5,91,5.19,0.0
2024-06-30 06:00:00,27.3,90,5.52,1.0
2024-06-30 07:00:00,27.2,92,4.87,48.0
2024-06-30 08:00:00,27.5,92,5.28,214.0
2024-06-30 09:00:00,27.2,90,4.53,173.0
2024-06-30 10:00:00,27.8,88,5.52,251.0
2024-06-30 11:00:00,27.8,88,5.7,335.0
2024-06-30 12:00:00,28.8,83,5.82,538.0
2024-06-30 13:00:00,28.7,83,7.03,603.0
2024-06-30 14:00:00,28.2,84,6.09,387.0
2024-06-30 15:00:00,28.2,85,4.66,235.0
2024-06-30 16:00:00,28.8,85,5.34,189.0
2024-06-30 17:00:00,29.4,81,5.59,192.0
2024-06-30 18:00:00,28.5,78,6.58,80.0
2024-06-30 19:00:00,28.0,88,6.66,8.0
2024-06-30 20:00:00,27.4,86,6.7,0.0
2024-06-30 21:00:00,27.9,83,6.04,0.0
2024-06-30 22:00:00,28.4,82,6.75,0.0
2024-06-30 23:00:00,28.5,80,8.5,0.0
2024-07-01 00:00:00,27.3,84,7.78,0.0
2024-07-01 01:00:00,27.6,85,7.66,0.0
2024-07-01 02:00:00,27.8,82,7.96,0.0
2024-07-01 03:00:00,27.6,88,7.56,0.0
2024-07-01 04:00:00,27.5,85,7.86,0.0
2024-07-01 05:00:00,28.2,82,7.64,0.0
2024-07-01 06:00:00,28.2,81,7.38,2.0
2024-07-01 07:00:00,28.2,82,7.52,44.0
2024-07-01 08:00:00,28.3,82,7.8,155.0
2024-07-01 09:00:00,29.3,77,9.79,320.0
2024-07-01 10:00:00,29.5,78,9.32,346.0
2024-07-01 11:00:00,30.6,72,10.12,711.0
2024-07-01 12:00:00,30.3,74,9.98,626.0
2024-07-01 13:00:00,30.0,74,9.62,692.0
2024-07-01 14:00:00,29.1,82,8.77,417.0
2024-07-01 15:00:00,29.1,80,8.52,389.0
2024-07-01 16:00:00,28.6,81,7.78,193.0
2024-07-01 17:00:00,27.0,86,8.23,152.0
2024-07-01 18:00:00,27.4,84,9.12,122.0
2024-07-01 19:00:00,26.8,88,8.7,6.0
2024-07-01 20:00:00,27.2,88,8.99,0.0
2024-07-01 21:00:00,27.2,88,8.84,0.0
2024-07-01 22:00:00,27.1,87,9.21,0.0
2024-07-01 23:00:00,27.6,85,8.48,0.0
2024-07-02 00:00:00,27.9,82,7.32,0.0
2024-07-02 01:00:00,27.9,77,8.41,0.0
2024-07-02 02:00:00,26.7,90,7.21,0.0
2024-07-02 03:00:00,28.2,82,7.47,0.0
2024-07-02 04:00:00,28.7,77,7.71,0.0
2024-07-02 05:00:00,26.1,88,7.13,0.0
2024-07-02 06:00:00,27.1,86,8.89,3.0
2024-07-02 07:00:00,27.6,85,8.5,82.0
2024-07-02 08:00:00,28.2,82,7.57,222.0
2024-07-02 09:00:00,28.8,82,7.68,334.0
2024-07-02 10:00:00,28.7,83,6.82,327.0
2024-07-02 11:00:00,29.5,79,6.93,400.0
2024-07-02 12:00:00,30.4,76,8.11,585.0
2024-07-02 13:00:00,30.2,77,8.19,498.0
2024-07-02 14:00:00,29.9,79,7.69,361.0
2024-07-02 15:00:00,29.6,80,7.16,182.0
2024-07-02 16:00:00,29.3,82,7.65,173.0
2024-07-02 17:00:00,29.1,83,7.25,158.0
2024-07-02 18:00:00,29.3,83,6.93,105.0
2024-07-02 19:00:00,29.0,83,7.44,20.0
2024-07-02 20:00:00,29.0,82,6.93,0.0
2024-07-02 21:00:00,29.1,83,6.76,0.0
2024-07-02 22:00:00,28.9,84,6.38,0.0
2024-07-02 23:00:00,28.8,82,6.65,0.0
2024-07-03 00:00:00,28.7,86,7.17,0.0
2024-07-03 01:00:00,28.7,85,6.66,0.0
2024-07-03 02:00:00,28.6,84,6.69,0.0
2024-07-03 03:00:00,28.6,84,7.07,0.0
2024-07-03 04:00:00,28.5,83,7.41,0.0
2024-07-03 05:00:00,28.3,82,6.21,0.0
2024-07-03 06:00:00,28.1,85,4.95,2.0
2024-07-03 07:00:00,28.1,87,5.52,20.0
2024-07-03 08:00:00,28.4,86,6.51,75.0
2024-07-03 09:00:00,28.8,82,6.58,223.0
2024-07-03 10:00:00,29.5,82,6.8,326.0
2024-07-03 11:00:00,29.9,83,7.14,570.0
2024-07-03 12:00:00,30.0,82,7.14,658.0
2024-07-03 13:00:00,30.1,81,7.02,660.0
2024-07-03 14:00:00,29.7,83,6.79,630.0
2024-07-03 15:00:00,29.5,82,7.66,522.0
2024-07-03 16:00:00,29.8,80,7.95,443.0
2024-07-03 17:00:00,29.4,79,7.9,274.0
2024-07-03 18:00:00,26.3,93,6.06,106.0
2024-07-03 19:00:00,27.5,90,5.6,12.0
2024-07-03 20:00:00,27.5,87,6.66,0.0
2024-07-03 21:00:00,27.8,88,6.31,0.0
2024-07-03 22:00:00,28.3,87,5.94,0.0
2024-07-03 23:00:00,27.9,84,6.37,0.0
2024-07-04 00:00:00,28.1,83,6.52,0.0
2024-07-04 01:00:00,27.6,84,6.64,0.0
2024-07-04 02:00:00,28.2,83,6.76,0.0
2024-07-04 03:00:00,27.2,85,5.78,0.0
2024-07-04 04:00:00,27.2,85,6.02,0.0
2024-07-04 05:00:00,26.6,90,5.64,0.0
2024-07-04 06:00:00,27.9,83,5.97,4.0
2024-07-04 07:00:00,28.3,84,5.83,45.0
2024-07-04 08:00:00,28.6,84,4.86,180.0
2024-07-04 09:00:00,28.8,82,4.78,254.0
2024-07-04 10:00:00,29.0,81,5.62,390.0
2024-07-04 11:00:00,28.8,80,5.38,322.0
2024-07-04 12:00:00,28.5,83,4.17,195.0
2024-07-04 13:00:00,27.8,85,5.02,350.0
2024-07-04 14:00:00,28.0,84,5.19,398.0
2024-07-04 15:00:00,28.0,85,5.05,284.0
2024-07-04 16:00:00,28.1,84,5.56,347.0
2024-07-04 17:00:00,27.2,86,6.18,197.0
2024-07-04 18:00:00,28.5,86,4.68,138.0
2024-07-04 19:00:00,27.5,86,4.62,21.0
2024-07-04 20:00:00,27.6,87,5.09,0.0
2024-07-04 21:00:00,27.1,88,5.4,0.0
2024-07-04 22:00:00,26.6,90,4.89,0.0
2024-07-04 23:00:00,26.7,92,5.12,0.0
2024-07-05 00:00:00,26.7,90,5.59,0.0
2024-07-05 01:00:00,27.2,89,5.22,0.0
2024-07-05 02:00:00,26.1,94,5.89,0.0
2024-07-05 03:00:00,26.5,91,4.52,0.0
2024-07-05 04:00:00,26.6,90,5.24,0.0
2024-07-05 05:00:00,25.9,93,5.45,0.0
2024-07-05 06:00:00,28.2,80,6.14,3.0
2024-07-05 07:00:00,28.2,84,6.38,55.0
2024-07-05 08:00:00,28.6,80,6.24,201.0
2024-07-05 09:00:00,28.9,79,6.14,303.0
2024-07-05 10:00:00,29.1,79,6.14,467.0
2024-07-05 11:00:00,28.9,83,4.39,465.0
2024-07-05 12:00:00,29.1,81,5.59,572.0
2024-07-05 13:00:00,28.3,85,5.02,547.0
2024-07-05 14:00:00,27.3,85,4.55,299.0
2024-07-05 15:00:00,26.8,88,5.36,225.0
2024-07-05 16:00:00,27.6,87,5.34,220.0
2024-07-05 17:00:00,26.8,90,4.1,132.0
2024-07-05 18:00:00,27.6,85,5.46,75.0
2024-07-05 19:00:00,27.7,83,5.09,16.0
2024-07-05 20:00:00,26.4,91,5.67,0.0
2024-07-05 21:00:00,26.4,91,5.55,0.0
2024-07-05 22:00:00,26.6,90,6.02,0.0
2024-07-05 23:00:00,26.6,90,5.61,0.0
2024-07-06 00:00:00,26.0,92,5.74,0.0
2024-07-06 01:00:00,26.4,91,5.98,0.0
2024-07-06 02:00:00,26.2,91,5.38,0.0
2024-07-06 03:00:00,27.0,88,6.59,0.0
2024-07-06 04:00:00,25.8,91,5.98,0.0
2024-07-06 05:00:00,26.1,91,5.77,0.0
2024-07-06 06:00:00,27.4,89,6.72,2.0
2024-07-06 07:00:00,27.7,87,6.33,57.0
2024-07-06 08:00:00,27.0,88,6.23,103.0
2024-07-06 09:00:00,28.3,84,6.27,210.0
2024-07-06 10:00:00,27.9,84,5.75,276.0
2024-07-06 11:00:00,28.9,82,6.24,211.0
2024-07-06 12:00:00,29.5,76,7.42,452.0
2024-07-06 13:00:00,29.4,78,6.77,305.0
2024-07-06 14:00:00,29.1,77,7.02,278.0
2024-07-06 15:00:00,29.2,78,6.81,213.0
2024-07-06 16:00:00,29.3,76,7.38,372.0
2024-07-06 17:00:00,29.1,75,7.04,251.0
2024-07-06 18:00:00,27.9,83,5.42,63.0
2024-07-06 19:00:00,27.8,84,5.28,18.0
2024-07-06 20:00:00,27.5,87,4.61,0.0
2024-07-06 21:00:00,26.8,89,4.46,0.0
2024-07-06 22:00:00,26.0,93,4.17,0.0
2024-07-06 23:00:00,26.6,91,4.38,0.0
2024-07-07 00:00:00,26.5,92,4.02,0.0
2024-07-07 01:00:00,26.2,92,3.14,0.0
2024-07-07 02:00:00,25.9,93,3.74,0.0
2024-07-07 03:00:00,26.2,92,3.0,0.0
2024-07-07 04:00:00,26.8,92,3.94,0.0
2024-07-07 05:00:00,26.7,89,3.89,0.0
2024-07-07 06:00:00,26.9,91,5.17,1.0
2024-07-07 07:00:00,27.6,88,5.37,17.0
2024-07-07 08:00:00,27.7,86,5.77,33.0
2024-07-07 09:00:00,28.2,85,5.82,90.0
2024-07-07 10:00:00,28.1,85,5.13,243.0
2024-07-07 11:00:00,28.6,84,5.28,269.0
2024-07-07 12:00:00,29.2,81,4.68,241.0
2024-07-07 13:00:00,28.9,81,5.22,223.0
2024-07-07 14:00:00,28.8,84,5.07,268.0
2024-07-07 15:00:00,29.1,83,4.21,302.0
2024-07-07 16:00:00,28.7,81,4.97,264.0
2024-07-07 17:00:00,27.9,87,4.53,182.0
2024-07-07 18:00:00,28.2,85,3.62,62.0
2024-07-07 19:00:00,26.6,90,3.77,10.0
2024-07-07 20:00:00,25.8,95,3.11,0.0
2024-07-07 21:00:00,25.9,94,3.64,0.0
2024-07-07 22:00:00,25.8,94,3.8,0.0
2024-07-07 23:00:00,25.7,95,4.0,0.0
2024-07-08 00:00:00,25.7,95,3.57,0.0
2024-07-08 01:00:00,25.8,94,4.0,0.0
2024-07-08 02:00:00,25.9,93,4.14,0.0
2024-07-08 03:00:00,26.1,93,3.32,0.0
2024-07-08 04:00:00,26.2,91,4.79,0.0
2024-07-08 05:00:00,25.9,90,3.7,0.0
2024-07-08 06:00:00,26.0,94,2.66,2.0
2024-07-08 07:00:00,26.7,92,2.58,46.0
2024-07-08 08:00:00,27.1,91,2.66,66.0
2024-07-08 09:00:00,27.2,90,2.2,110.0
2024-07-08 10:00:00,28.0,86,1.79,358.0
2024-07-08 11:00:00,28.2,84,2.47,414.0
2024-07-08 12:00:00,28.4,83,2.97,399.0
2024-07-08 13:00:00,28.1,83,3.06,444.0
2024-07-08 14:00:00,28.1,82,3.36,339.0
2024-07-08 15:00:00,28.5,83,3.39,444.0
2024-07-08 16:00:00,28.2,83,3.5,393.0
2024-07-08 17:00:00,27.6,82,3.64,167.0
2024-07-08 18:00:00,26.2,91,1.12,25.0
2024-07-08 19:00:00,26.0,93,1.87,3.0
2024-07-08 20:00:00,26.0,94,1.42,0.0
2024-07-08 21:00:00,25.9,94,1.7,0.0
2024-07-08 22:00:00,26.0,94,1.75,0.0
2024-07-08 23:00:00,26.0,93,1.43,0.0
2024-07-09 00:00:00,25.9,94,1.84,0.0
2024-07-09 01:00:00,25.7,95,2.67,0.0
2024-07-09 02:00:00,25.6,95,2.43,0.0
2024-07-09 03:00:00,25.8,94,1.62,0.0
2024-07-09 04:00:00,25.8,95,0.91,0.0
2024-07-09 05:00:00,25.6,94,1.6,0.0
2024-07-09 06:00:00,25.6,94,1.65,1.0
2024-07-09 07:00:00,25.5,94,1.65,10.0
2024-07-09 08:00:00,25.7,92,1.68,62.0
2024-07-09 09:00:00,25.8,92,1.61,63.0
2024-07-09 10:00:00,26.2,92,1.68,122.0
2024-07-09 11:00:00,26.4,92,2.4,112.0
2024-07-09 12:00:00,26.3,92,3.77,143.0
2024-07-09 13:00:00,26.3,90,3.54,100.0
2024-07-09 14:00:00,26.3,91,3.98,264.0
2024-07-09 15:00:00,26.5,91,3.81,207.0
2024-07-09 16:00:00,26.8,89,3.83,163.0
2024-07-09 17:00:00,27.0,89,3.67,138.0
2024-07-09 18:00:00,26.0,93,6.13,83.0
2024-07-09 19:00:00,26.1,91,5.68,8.0
2024-07-09 20:00:00,26.7,88,5.05,0.0
2024-07-09 21:00:00,26.6,87,4.88,0.0
2024-07-09 22:00:00,26.5,86,4.55,0.0
2024-07-09 23:00:00,25.6,94,3.89,0.0
2024-07-10 00:00:00,25.6,92,3.66,0.0
2024-07-10 01:00:00,25.5,93,2.51,0.0
2024-07-10 02:00:00,25.7,92,3.2,0.0
2024-07-10 03:00:00,26.0,91,4.3,0.0
2024-07-10 04:00:00,25.7,91,4.03,0.0
2024-07-10 05:00:00,25.4,94,3.54,0.0
2024-07-10 06:00:00,25.7,93,3.88,3.0
2024-07-10 07:00:00,26.3,91,4.77,29.0
2024-07-10 08:00:00,26.2,91,4.88,164.0
2024-07-10 09:00:00,26.9,86,5.26,213.0
2024-07-10 10:00:00,27.1,86,4.68,344.0
2024-07-10 11:00:00,27.9,83,5.13,517.0
2024-07-10 12:00:00,28.5,81,5.23,638.0
2024-07-10 13:00:00,28.6,81,5.28,637.0
2024-07-10 14:00:00,28.7,79,5.72,674.0
2024-07-10 15:00:00,28.8,79,5.9,535.0
2024-07-10 16:00:00,28.4,81,5.09,455.0
2024-07-10 17:00:00,28.1,81,5.3,260.0
2024-07-10 18:00:00,27.1,85,4.44,101.0
2024-07-10 19:00:00,26.1,90,4.33,14.0
2024-07-10 20:00:00,25.2,94,2.68,0.0
2024-07-10 21:00:00,25.3,94,1.79,0.0
2024-07-10 22:00:00,25.6,94,2.35,0.0
2024-07-10 23:00:00,25.8,94,3.81,0.0
2024-07-11 00:00:00,25.4,95,3.2,0.0
2024-07-11 01:00:00,25.4,96,3.32,0.0
2024-07-11 02:00:00,25.6,94,4.52,0.0
2024-07-11 03:00:00,25.6,94,4.57,0.0
2024-07-11 04:00:00,26.0,91,3.88,0.0
2024-07-11 05:00:00,25.4,93,3.11,0.0
2024-07-11 06:00:00,24.6,94,3.29,1.0
2024-07-11 07:00:00,25.3,93,3.22,18.0
2024-07-11 08:00:00,26.1,93,4.11,84.0
2024-07-11 09:00:00,26.8,89,5.38,137.0
2024-07-11 10:00:00,27.2,88,4.6,192.0
2024-07-11 11:00:00,27.8,85,4.4,310.0
2024-07-11 12:00:00,28.8,79,4.8,560.0
2024-07-11 13:00:00,27.6,84,5.69,538.0
2024-07-11 14:00:00,27.1,86,5.83,208.0
2024-07-11 15:00:00,27.1,89,5.14,220.0
2024-07-11 16:00:00,27.5,86,4.62,217.0
2024-07-11 17:00:00,26.7,90,5.1,173.0
2024-07-11 18:00:00,26.1,90,5.99,23.0
2024-07-11 19:00:00,26.0,91,4.88,6.0
2024-07-11 20:00:00,26.0,92,3.72,0.0
2024-07-11 21:00:00,26.4,92,3.14,0.0
2024-07-11 22:00:00,26.5,91,3.18,0.0
2024-07-11 23:00:00,26.6,90,3.36,0.0
2024-07-12 00:00:00,26.9,89,3.55,0.0
2024-07-12 01:00:00,26.4,91,3.64,0.0
2024-07-12 02:00:00,26.1,91,4.26,0.0
2024-07-12 03:00:00,26.1,92,3.98,0.0
2024-07-12 04:00:00,26.0,93,3.67,0.0
2024-07-12 05:00:00,25.6,94,3.41,0.0
2024-07-12 06:00:00,25.9,92,3.89,1.0
2024-07-12 07:00:00,26.0,92,4.25,14.0
2024-07-12 08:00:00,26.1,92,4.11,45.0
2024-07-12 09:00:00,25.2,95,4.06,53.0
2024-07-12 10:00:00,25.8,93,2.35,104.0
2024-07-12 11:00:00,26.2,91,3.75,132.0
2024-07-12 12:00:00,26.3,93,5.37,117.0
2024-07-12 13:00:00,26.6,91,5.59,203.0
2024-07-12 14:00:00,25.5,91,4.63,119.0
2024-07-12 15:00:00,26.0,92,3.72,181.0
2024-07-12 16:00:00,26.0,94,5.03,127.0
2024-07-12 17:00:00,26.3,91,5.22,79.0
2024-07-12 18:00:00,25.7,92,4.95,41.0
2024-07-12 19:00:00,25.5,92,4.46,5.0
2024-07-12 20:00:00,26.2,92,5.19,0.0
2024-07-12 21:00:00,26.0,93,5.2,0.0
2024-07-12 22:00:00,26.0,94,5.33,0.0
2024-07-12 23:00:00,26.1,93,5.83,0.0
2024-07-13 00:00:00,25.8,93,4.65,0.0
2024-07-13 01:00:00,26.0,93,5.55,0.0
2024-07-13 02:00:00,25.7,93,5.29,0.0
2024-07-13 03:00:00,25.6,93,5.3,0.0
2024-07-13 04:00:00,25.2,93,5.4,0.0
2024-07-13 05:00:00,26.0,91,5.42,0.0
2024-07-13 06:00:00,25.9,92,4.1,1.0
2024-07-13 07:00:00,25.9,92,4.4,27.0
2024-07-13 08:00:00,25.9,94,4.84,82.0
2024-07-13 09:00:00,25.9,93,5.46,59.0
2024-07-13 10:00:00,26.1,92,5.09,138.0
2024-07-13 11:00:00,26.2,93,5.69,167.0
2024-07-13 12:00:00,26.3,91,6.35,183.0
2024-07-13 13:00:00,26.1,92,6.66,188.0
2024-07-13 14:00:00,26.4,92,5.41,411.0
2024-07-13 15:00:00,26.4,91,6.29,328.0
2024-07-13 16:00:00,26.5,90,6.4,138.0
2024-07-13 17:00:00,26.1,91,4.7,66.0
2024-07-13 18:00:00,26.6,90,7.65,8.0
2024-07-13 19:00:00,25.4,93,6.04,2.0
2024-07-13 20:00:00,25.6,92,5.69,0.0
2024-07-13 21:00:00,25.7,93,4.4,0.0
2024-07-13 22:00:00,26.0,92,5.07,0.0
2024-07-13 23:00:00,25.5,93,5.46,0.0
2024-07-14 00:00:00,25.3,93,4.52,0.0
2024-07-14 01:00:00,25.6,92,4.44,0.0
2024-07-14 02:00:00,25.5,92,4.65,0.0
2024-07-14 03:00:00,24.8,95,5.11,0.0
2024-07-14 04:00:00,24.8,94,3.62,0.0
2024-07-14 05:00:00,24.9,95,3.7,0.0
2024-07-14 06:00:00,26.0,91,6.8,0.0
2024-07-14 07:00:00,25.8,95,5.15,2.0
2024-07-14 08:00:00,25.1,96,4.52,21.0
2024-07-14 09:00:00,24.5,97,3.05,43.0
2024-07-14 10:00:00,25.4,94,1.92,51.0
2024-07-14 11:00:00,25.8,93,2.16,185.0
2024-07-14 12:00:00,25.8,93,1.03,327.0
2024-07-14 13:00:00,25.5,93,2.51,94.0
2024-07-14 14:00:00,25.9,93,2.84,288.0
2024-07-14 15:00:00,26.3,89,4.71,248.0
2024-07-14 16:00:00,25.9,90,4.36,162.0
2024-07-14 17:00:00,25.5,93,3.42,75.0
2024-07-14 18:00:00,26.4,92,2.43,20.0
2024-07-14 19:00:00,26.5,91,1.9,4.0
2024-07-14 20:00:00,26.5,91,1.93,0.0
2024-07-14 21:00:00,26.6,90,1.97,0.0
2024-07-14 22:00:00,25.2,94,5.32,0.0
2024-07-14 23:00:00,24.9,94,4.0,0.0
2024-07-15 00:00:00,24.9,94,2.92,0.0
2024-07-15 01:00:00,24.9,95,3.5,0.0
2024-07-15 02:00:00,24.9,95,2.77,0.0
2024-07-15 03:00:00,25.0,95,3.61,0.0
2024-07-15 04:00:00,25.3,94,2.87,0.0
2024-07-15 05:00:00,25.1,96,4.12,0.0
2024-07-15 06:00:00,26.1,90,1.56,1.0
2024-07-15 07:00:00,26.0,94,1.21,25.0
2024-07-15 08:00:00,26.4,87,2.21,92.0
2024-07-15 09:00:00,26.4,88,2.11,132.0
2024-07-15 10:00:00,27.4,83,2.09,416.0
2024-07-15 11:00:00,28.0,82,2.37,497.0
2024-07-15 12:00:00,28.1,82,3.51,495.0
2024-07-15 13:00:00,28.0,82,3.74,576.0
2024-07-15 14:00:00,28.0,83,3.7,639.0
2024-07-15 15:00:00,28.1,81,3.55,487.0
2024-07-15 16:00:00,28.0,81,3.85,387.0
2024-07-15 17:00:00,27.6,82,3.76,182.0
2024-07-15 18:00:00,25.8,92,1.49,35.0
2024-07-15 19:00:00,25.8,94,0.86,6.0
2024-07-15 20:00:00,25.8,95,1.2,0.0
2024-07-15 21:00:00,25.8,95,1.22,0.0
2024-07-15 22:00:00,26.0,94,2.5,0.0
2024-07-15 23:00:00,26.0,93,2.93,0.0
2024-07-16 00:00:00,26.1,94,2.91,0.0
2024-07-16 01:00:00,25.9,93,3.36,0.0
2024-07-16 02:00:00,26.0,92,3.89,0.0
2024-07-16 03:00:00,26.2,89,3.34,0.0
2024-07-16 04:00:00,26.2,90,3.19,0.0
2024-07-16 05:00:00,26.0,91,2.98,0.0
2024-07-16 06:00:00,25.7,95,1.04,1.0
2024-07-16 07:00:00,25.3,96,3.4,19.0
2024-07-16 08:00:00,25.3,97,3.45,76.0
2024-07-16 09:00:00,25.9,95,3.42,130.0
2024-07-16 10:00:00,26.4,94,3.96,187.0
2024-07-16 11:00:00,26.9,90,4.52,187.0
2024-07-16 12:00:00,27.6,86,4.15,306.0
2024-07-16 13:00:00,28.7,80,4.53,645.0
2024-07-16 14:00:00,29.1,79,5.34,817.0
2024-07-16 15:00:00,28.8,81,5.33,661.0
2024-07-16 16:00:00,28.5,82,5.54,495.0
2024-07-16 17:00:00,27.7,85,4.6,186.0
2024-07-16 18:00:00,25.3,94,4.83,64.0
2024-07-16 19:00:00,25.3,94,4.61,5.0
2024-07-16 20:00:00,26.0,90,4.69,0.0
2024-07-16 21:00:00,26.4,89,4.92,0.0
2024-07-16 22:00:00,26.6,88,4.76,0.0
2024-07-16 23:00:00,26.6,88,4.97,0.0
2024-07-17 00:00:00,26.6,88,4.74,0.0
2024-07-17 01:00:00,26.0,91,5.4,0.0
2024-07-17 02:00:00,26.4,92,4.46,0.0
2024-07-17 03:00:00,26.3,89,5.24,0.0
2024-07-17 04:00:00,26.2,91,4.89,0.0
2024-07-17 05:00:00,26.1,91,4.81,0.0
2024-07-17 06:00:00,26.2,89,4.25,2.0
2024-07-17 07:00:00,26.5,90,4.3,39.0
2024-07-17 08:00:00,27.0,89,3.58,73.0
2024-07-17 09:00:00,27.3,87,3.38,126.0
2024-07-17 10:00:00,26.5,91,5.7,236.0
2024-07-17 11:00:00,27.7,85,5.11,315.0
2024-07-17 12:00:00,27.7,86,5.27,375.0
2024-07-17 13:00:00,27.7,85,6.16,406.0
2024-07-17 14:00:00,27.2,85,6.63,235.0
2024-07-17 15:00:00,26.4,92,6.19,90.0
2024-07-17 16:00:00,26.7,93,5.63,205.0
2024-07-17 17:00:00,26.2,91,5.75,105.0
2024-07-17 18:00:00,26.5,91,3.83,34.0
2024-07-17 19:00:00,26.2,92,4.28,14.0
2024-07-17 20:00:00,26.1,92,4.8,0.0
2024-07-17 21:00:00,25.8,92,3.94,0.0
2024-07-17 22:00:00,26.1,92,4.89,0.0
2024-07-17 23:00:00,26.3,91,5.59,0.0
2024-07-18 00:00:00,26.2,91,5.52,0.0
2024-07-18 01:00:00,26.2,91,5.41,0.0
2024-07-18 02:00:00,26.0,91,5.46,0.0
2024-07-18 03:00:00,26.1,92,4.97,0.0
2024-07-18 04:00:00,26.0,92,5.79,0.0
2024-07-18 05:00:00,26.0,92,5.59,0.0
2024-07-18 06:00:00,25.9,94,3.55,0.0
2024-07-18 07:00:00,26.3,92,4.61,3.0
2024-07-18 08:00:00,26.0,92,5.3,30.0
2024-07-18 09:00:00,25.9,94,4.92,57.0
2024-07-18 10:00:00,26.9,92,4.61,178.0
2024-07-18 11:00:00,26.4,95,5.88,535.0
2024-07-18 12:00:00,26.7,91,6.03,285.0
2024-07-18 13:00:00,27.5,86,6.17,388.0
2024-07-18 14:00:00,26.9,88,6.24,265.0
2024-07-18 15:00:00,28.1,83,7.32,575.0
2024-07-18 16:00:00,27.9,83,7.18,455.0
2024-07-18 17:00:00,26.6,89,6.3,174.0
2024-07-18 18:00:00,26.5,91,5.77,29.0
2024-07-18 19:00:00,26.1,91,5.59,7.0
2024-07-18 20:00:00,25.8,91,5.08,0.0
2024-07-18 21:00:00,25.7,92,5.15,0.0
2024-07-18 22:00:00,26.2,91,5.11,0.0
2024-07-18 23:00:00,25.8,91,5.57,0.0
2024-07-19 00:00:00,25.7,91,5.5,0.0
2024-07-19 01:00:00,25.9,90,5.9,0.0
2024-07-19 02:00:00,25.7,93,5.7,0.0
2024-07-19 03:00:00,26.2,91,6.5,0.0
2024-07-19 04:00:00,26.1,91,5.91,0.0
2024-07-19 05:00:00,26.0,91,6.04,0.0
2024-07-19 06:00:00,26.5,91,6.0,0.0
2024-07-19 07:00:00,26.3,90,5.95,10.0
2024-07-19 08:00:00,25.8,91,6.89,31.0
2024-07-19 09:00:00,26.0,93,6.14,68.0
2024-07-19 10:00:00,26.1,91,6.24,136.0
2024-07-19 11:00:00,26.5,91,6.3,199.0
2024-07-19 12:00:00,27.3,88,6.74,237.0
2024-07-19 13:00:00,27.3,82,7.19,339.0
2024-07-19 14:00:00,27.2,87,7.48,173.0
2024-07-19 15:00:00,26.5,90,6.93,125.0
2024-07-19 16:00:00,26.6,90,7.11,251.0
2024-07-19 17:00:00,26.6,90,6.86,180.0
2024-07-19 18:00:00,25.9,93,5.85,22.0
2024-07-19 19:00:00,25.8,93,6.41,2.0
2024-07-19 20:00:00,25.9,93,6.02,0.0
2024-07-19 21:00:00,26.0,93,5.3,0.0
2024-07-19 22:00:00,26.2,91,4.24,0.0
2024-07-19 23:00:00,26.3,92,3.36,0.0
2024-07-20 00:00:00,26.2,92,4.4,0.0
2024-07-20 01:00:00,26.2,92,4.96,0.0
2024-07-20 02:00:00,26.4,89,4.75,0.0
2024-07-20 03:00:00,26.3,90,4.96,0.0
2024-07-20 04:00:00,25.9,91,5.95,0.0
2024-07-20 05:00:00,26.2,91,6.18,0.0
2024-07-20 06:00:00,26.0,91,7.26,0.0
2024-07-20 07:00:00,25.9,92,6.24,5.0
2024-07-20 08:00:00,26.0,92,6.39,11.0
2024-07-20 09:00:00,26.3,91,7.31,17.0
2024-07-20 10:00:00,26.1,92,7.22,26.0
2024-07-20 11:00:00,25.9,92,7.5,41.0
2024-07-20 12:00:00,26.1,92,6.59,110.0
2024-07-20 13:00:00,26.4,91,6.72,162.0
2024-07-20 14:00:00,27.2,88,6.72,357.0
2024-07-20 15:00:00,27.7,84,7.65,525.0
2024-07-20 16:00:00,26.9,86,7.53,370.0
2024-07-20 17:00:00,27.1,85,6.72,199.0
2024-07-20 18:00:00,26.1,89,6.16,31.0
2024-07-20 19:00:00,25.9,92,5.54,4.0
2024-07-20 20:00:00,25.9,91,6.16,0.0
2024-07-20 21:00:00,26.0,91,5.69,0.0
2024-07-20 22:00:00,25.9,91,6.37,0.0
2024-07-20 23:00:00,26.1,91,6.59,0.0
2024-07-21 00:00:00,26.1,90,6.22,0.0
2024-07-21 01:00:00,26.1,89,6.31,0.0
2024-07-21 02:00:00,25.9,91,6.47,0.0
2024-07-21 03:00:00,26.2,89,6.64,0.0
2024-07-21 04:00:00,25.9,91,6.44,0.0
2024-07-21 05:00:00,26.4,88,6.6,0.0
2024-07-21 06:00:00,26.2,91,5.91,0.0
2024-07-21 07:00:00,26.3,91,5.41,12.0
2024-07-21 08:00:00,26.4,91,5.46,48.0
2024-07-21 09:00:00,26.6,93,6.07,179.0
2024-07-21 10:00:00,27.1,89,6.47,175.0
2024-07-21 11:00:00,27.0,91,6.24,186.0
2024-07-21 12:00:00,26.8,93,6.93,212.0
2024-07-21 13:00:00,26.7,93,6.75,225.0
2024-07-21 14:00:00,26.4,93,7.56,180.0
2024-07-21 15:00:00,26.5,93,7.35,144.0
2024-07-21 16:00:00,26.6,91,7.42,116.0
2024-07-21 17:00:00,26.5,90,6.71,45.0
2024-07-21 18:00:00,26.5,88,5.46,54.0
2024-07-21 19:00:00,26.3,89,5.54,11.0
2024-07-21 20:00:00,26.3,89,5.78,0.0
2024-07-21 21:00:00,26.7,87,6.11,0.0
2024-07-21 22:00:00,26.1,90,5.82,0.0
2024-07-21 23:00:00,26.2,89,5.5,0.0
2024-07-22 00:00:00,25.7,92,6.3,0.0
2024-07-22 01:00:00,26.2,91,5.74,0.0
2024-07-22 02:00:00,25.9,90,6.66,0.0
2024-07-22 03:00:00,26.0,91,5.48,0.0
2024-07-22 04:00:00,25.8,91,5.32,0.0
2024-07-22 05:00:00,26.1,91,6.53,0.0
2024-07-22 06:00:00,26.2,91,6.85,0.0
2024-07-22 07:00:00,26.1,91,6.45,9.0
2024-07-22 08:00:00,26.2,92,5.78,36.0
2024-07-22 09:00:00,26.3,92,5.44,120.0
2024-07-22 10:00:00,26.4,91,6.71,107.0
2024-07-22 11:00:00,26.5,91,7.05,148.0
2024-07-22 12:00:00,26.8,89,6.85,211.0
2024-07-22 13:00:00,26.9,88,6.84,215.0
2024-07-22 14:00:00,26.4,90,6.98,150.0
2024-07-22 15:00:00,26.2,91,7.79,71.0
2024-07-22 16:00:00,26.7,90,7.04,164.0
2024-07-22 17:00:00,26.7,88,7.74,124.0
2024-07-22 18:00:00,26.1,91,6.72,14.0
2024-07-22 19:00:00,26.5,89,6.77,4.0
2024-07-22 20:00:00,26.4,90,6.67,0.0
2024-07-22 21:00:00,26.1,90,7.57,0.0
2024-07-22 22:00:00,26.2,89,7.02,0.0
2024-07-22 23:00:00,26.2,90,6.8,0.0
2024-07-23 00:00:00,26.0,91,7.52,0.0
2024-07-23 01:00:00,26.1,90,7.55,0.0
2024-07-23 02:00:00,26.1,90,7.43,0.0
2024-07-23 03:00:00,25.9,90,7.63,0.0
2024-07-23 04:00:00,26.2,89,6.98,0.0
2024-07-23 05:00:00,26.5,89,6.54,0.0
2024-07-23 06:00:00,26.3,90,6.31,0.0
2024-07-23 07:00:00,26.1,90,6.76,19.0
2024-07-23 08:00:00,26.1,91,6.58,101.0
2024-07-23 09:00:00,26.6,90,6.31,107.0
2024-07-23 10:00:00,26.3,91,6.09,127.0
2024-07-23 11:00:00,26.3,91,6.49,112.0
2024-07-23 12:00:00,26.1,91,7.38,104.0
2024-07-23 13:00:00,26.4,91,6.69,120.0
2024-07-23 14:00:00,26.5,91,6.35,167.0
2024-07-23 15:00:00,26.3,92,7.71,205.0
2024-07-23 16:00:00,26.2,92,7.88,128.0
2024-07-23 17:00:00,26.3,90,7.66,76.0
2024-07-23 18:00:00,26.3,90,8.07,17.0
2024-07-23 19:00:00,26.1,89,7.12,5.0
2024-07-23 20:00:00,26.0,90,6.96,0.0
2024-07-23 21:00:00,26.5,89,6.98,0.0
2024-07-23 22:00:00,25.5,91,7.07,0.0
2024-07-23 23:00:00,26.3,90,6.85,0.0
2024-07-24 00:00:00,25.9,90,7.56,0.0
2024-07-24 01:00:00,26.2,89,6.86,0.0
2024-07-24 02:00:00,25.7,90,7.65,0.0
2024-07-24 03:00:00,25.5,91,6.66,0.0
2024-07-24 04:00:00,25.8,90,7.63,0.0
2024-07-24 05:00:00,26.0,88,6.84,0.0
2024-07-24 06:00:00,25.8,90,6.9,0.0
2024-07-24 07:00:00,25.8,92,7.07,13.0
2024-07-24 08:00:00,26.0,92,6.76,23.0
2024-07-24 09:00:00,25.8,92,7.35,69.0
2024-07-24 10:00:00,26.1,90,8.81,110.0
2024-07-24 11:00:00,26.2,91,7.84,130.0
2024-07-24 12:00:00,27.0,89,7.78,210.0
2024-07-24 13:00:00,26.7,90,7.94,184.0
2024-07-24 14:00:00,26.6,92,7.22,210.0
2024-07-24 15:00:00,26.6,89,7.95,177.0
2024-07-24 16:00:00,26.8,87,7.47,158.0
2024-07-24 17:00:00,26.7,87,7.0,98.0
2024-07-24 18:00:00,26.4,87,8.79,32.0
2024-07-24 19:00:00,26.5,88,8.19,3.0
2024-07-24 20:00:00,26.5,87,9.0,0.0
2024-07-24 21:00:00,26.4,88,8.79,0.0
2024-07-24 22:00:00,26.4,91,8.19,0.0
2024-07-24 23:00:00,26.2,91,8.08,0.0
2024-07-25 00:00:00,26.1,90,6.94,0.0
2024-07-25 01:00:00,25.9,92,7.09,0.0
2024-07-25 02:00:00,26.1,91,7.4,0.0
2024-07-25 03:00:00,26.1,91,7.18,0.0
2024-07-25 04:00:00,26.0,92,7.22,0.0
2024-07-25 05:00:00,25.9,92,7.2,0.0
2024-07-25 06:00:00,25.9,93,7.68,0.0
2024-07-25 07:00:00,25.9,93,8.37,5.0
2024-07-25 08:00:00,25.9,93,7.35,21.0
2024-07-25 09:00:00,25.7,94,6.71,38.0
2024-07-25 10:00:00,25.9,91,7.1,49.0
2024-07-25 11:00:00,25.9,91,6.91,97.0
2024-07-25 12:00:00,26.2,90,7.73,129.0
2024-07-25 13:00:00,27.0,86,8.1,282.0
2024-07-25 14:00:00,26.4,88,7.36,265.0
2024-07-25 15:00:00,27.4,83,7.84,220.0
2024-07-25 16:00:00,27.3,82,8.11,209.0
2024-07-25 17:00:00,27.1,85,7.72,140.0
2024-07-25 18:00:00,26.2,85,9.33,28.0
2024-07-25 19:00:00,26.3,85,7.61,5.0
2024-07-25 20:00:00,26.2,86,7.08,0.0
2024-07-25 21:00:00,26.4,86,7.03,0.0
2024-07-25 22:00:00,26.2,89,7.14,0.0
2024-07-25 23:00:00,25.1,92,6.9,0.0
2024-07-26 00:00:00,25.6,91,5.08,0.0
2024-07-26 01:00:00,25.5,89,6.84,0.0
2024-07-26 02:00:00,26.6,88,5.73,0.0
2024-07-26 03:00:00,25.6,90,5.94,0.0
2024-07-26 04:00:00,26.2,88,6.31,0.0
2024-07-26 05:00:00,26.5,85,5.85,0.0
2024-07-26 06:00:00,25.6,92,4.88,0.0
2024-07-26 07:00:00,25.3,93,7.02,16.0
2024-07-26 08:00:00,25.4,92,4.71,53.0
2024-07-26 09:00:00,25.5,92,5.54,60.0
2024-07-26 10:00:00,26.0,92,5.7,120.0
2024-07-26 11:00:00,26.1,91,4.2,122.0
2024-07-26 12:00:00,28.2,86,5.39,211.0
2024-07-26 13:00:00,28.6,82,6.38,294.0
2024-07-26 14:00:00,28.1,83,7.25,230.0
2024-07-26 15:00:00,28.4,84,7.69,407.0
2024-07-26 16:00:00,28.2,87,7.53,298.0
2024-07-26 17:00:00,28.0,86,7.21,183.0
2024-07-26 18:00:00,27.0,86,6.71,11.0
2024-07-26 19:00:00,26.8,86,7.22,2.0
2024-07-26 20:00:00,27.3,84,7.4,0.0
2024-07-26 21:00:00,27.1,84,6.9,0.0
2024-07-26 22:00:00,27.4,80,7.4,0.0
2024-07-26 23:00:00,27.3,83,7.12,0.0
2024-07-27 00:00:00,27.0,82,6.94,0.0
2024-07-27 01:00:00,27.2,82,7.52,0.0
2024-07-27 02:00:00,27.1,85,7.5,0.0
2024-07-27 03:00:00,27.1,82,6.99,0.0
2024-07-27 04:00:00,27.4,80,6.79,0.0
2024-07-27 05:00:00,26.5,84,7.07,0.0
2024-07-27 06:00:00,26.2,91,6.82,0.0
2024-07-27 07:00:00,26.7,86,6.65,26.0
2024-07-27 08:00:00,26.9,86,7.18,52.0
2024-07-27 09:00:00,27.5,83,7.45,146.0
2024-07-27 10:00:00,27.6,83,7.35,238.0
2024-07-27 11:00:00,28.0,83,7.4,395.0
2024-07-27 12:00:00,28.2,81,7.88,369.0
2024-07-27 13:00:00,28.6,79,7.69,473.0
2024-07-27 14:00:00,28.8,78,7.86,515.0
2024-07-27 15:00:00,28.8,77,8.13,544.0
2024-07-27 16:00:00,28.3,78,7.98,460.0
2024-07-27 17:00:00,27.9,77,7.57,241.0
2024-07-27 18:00:00,26.6,86,5.74,23.0
2024-07-27 19:00:00,26.6,87,5.69,5.0
2024-07-27 20:00:00,26.4,87,5.71,0.0
2024-07-27 21:00:00,26.4,88,5.85,0.0
2024-07-27 22:00:00,25.8,90,5.56,0.0
2024-07-27 23:00:00,26.6,86,5.68,0.0
2024-07-28 00:00:00,26.4,85,6.14,0.0
2024-07-28 01:00:00,26.7,84,6.16,0.0
2024-07-28 02:00:00,26.2,89,6.24,0.0
2024-07-28 03:00:00,26.7,86,6.73,0.0
2024-07-28 04:00:00,26.5,87,6.12,0.0
2024-07-28 05:00:00,26.2,91,5.81,0.0
2024-07-28 06:00:00,27.1,86,6.64,2.0
2024-07-28 07:00:00,27.4,86,6.35,63.0
2024-07-28 08:00:00,28.0,85,6.85,192.0
2024-07-28 09:00:00,28.6,82,7.52,439.0
2024-07-28 10:00:00,29.3,79,7.28,537.0
2024-07-28 11:00:00,29.0,78,7.06,666.0
2024-07-28 12:00:00,27.8,81,6.56,265.0
2024-07-28 13:00:00,26.8,90,6.38,265.0
2024-07-28 14:00:00,26.6,87,6.81,440.0
2024-07-28 15:00:00,27.1,87,6.2,187.0
2024-07-28 16:00:00,26.3,89,5.51,128.0
2024-07-28 17:00:00,27.4,89,5.85,148.0
2024-07-28 18:00:00,26.1,92,3.89,55.0
2024-07-28 19:00:00,26.2,91,4.71,4.0
2024-07-28 20:00:00,26.4,91,4.61,0.0
2024-07-28 21:00:00,26.0,92,4.59,0.0
2024-07-28 22:00:00,26.4,88,6.14,0.0
2024-07-28 23:00:00,26.5,88,6.29,0.0
2024-07-29 00:00:00,26.7,89,6.2,0.0
2024-07-29 01:00:00,26.4,87,7.06,0.0
2024-07-29 02:00:00,26.0,88,6.67,0.0
2024-07-29 03:00:00,26.1,89,6.48,0.0
2024-07-29 04:00:00,25.7,91,5.78,0.0
2024-07-29 05:00:00,25.7,91,6.32,0.0
2024-07-29 06:00:00,25.7,92,4.95,0.0
2024-07-29 07:00:00,25.8,91,5.99,20.0
2024-07-29 08:00:00,25.9,91,5.72,73.0
2024-07-29 09:00:00,26.0,91,6.08,104.0
2024-07-29 10:00:00,26.5,92,4.36,93.0
2024-07-29 11:00:00,27.7,86,4.38,400.0
2024-07-29 12:00:00,27.7,82,6.3,395.0
2024-07-29 13:00:00,26.7,89,5.86,191.0
2024-07-29 14:00:00,27.5,86,6.04,500.0
2024-07-29 15:00:00,26.8,88,6.56,224.0
2024-07-29 16:00:00,26.6,86,6.85,250.0
2024-07-29 17:00:00,26.7,87,5.87,103.0
2024-07-29 18:00:00,26.1,92,4.4,34.0
2024-07-29 19:00:00,26.4,90,4.25,7.0
2024-07-29 20:00:00,26.0,91,4.03,0.0
2024-07-29 21:00:00,26.5,90,4.34,0.0
2024-07-29 22:00:00,26.1,90,5.06,0.0
2024-07-29 23:00:00,26.0,91,4.7,0.0
2024-07-30 00:00:00,25.7,91,3.47,0.0
2024-07-30 01:00:00,25.4,93,4.16,0.0
2024-07-30 02:00:00,26.1,91,3.67,0.0
2024-07-30 03:00:00,25.7,91,3.96,0.0
2024-07-30 04:00:00,25.7,91,4.57,0.0
2024-07-30 05:00:00,25.2,91,5.29,0.0
2024-07-30 06:00:00,26.6,90,4.65,1.0
2024-07-30 07:00:00,26.0,92,5.35,59.0
2024-07-30 08:00:00,26.5,91,5.29,151.0
2024-07-30 09:00:00,27.3,87,5.08,212.0
2024-07-30 10:00:00,26.5,91,5.46,315.0
2024-07-30 11:00:00,27.8,85,4.61,358.0
2024-07-30 12:00:00,27.3,83,6.44,557.0
2024-07-30 13:00:00,27.7,84,5.65,380.0
2024-07-30 14:00:00,28.2,83,5.77,538.0
2024-07-30 15:00:00,28.0,85,5.15,492.0
2024-07-30 16:00:00,27.6,86,5.42,326.0
2024-07-30 17:00:00,27.8,85,5.25,259.0
2024-07-30 18:00:00,26.6,91,4.68,93.0
2024-07-30 19:00:00,26.4,91,4.04,16.0
2024-07-30 20:00:00,26.5,91,4.56,0.0
2024-07-30 21:00:00,26.4,91,4.47,0.0
2024-07-30 22:00:00,26.5,90,4.1,0.0
2024-07-30 23:00:00,26.3,89,3.94,0.0
2024-07-31 00:00:00,26.1,90,3.97,0.0
2024-07-31 01:00:00,25.4,94,4.34,0.0
2024-07-31 02:00:00,25.1,93,5.56,0.0
2024-07-31 03:00:00,24.9,94,2.42,0.0
2024-07-31 04:00:00,25.2,94,2.52,0.0
2024-07-31 05:00:00,25.6,92,4.48,0.0
2024-07-31 06:00:00,26.2,95,5.0,0.0
2024-07-31 07:00:00,26.4,92,4.9,11.0
2024-07-31 08:00:00,26.3,89,5.52,107.0
2024-07-31 09:00:00,26.6,90,4.6,103.0
2024-07-31 10:00:00,27.9,86,4.3,315.0
2024-07-31 11:00:00,28.6,81,4.81,574.0
2024-07-31 12:00:00,28.2,80,5.2,445.0
2024-07-31 13:00:00,27.8,84,4.9,338.0
2024-07-31 14:00:00,28.7,81,4.74,487.0
2024-07-31 15:00:00,28.4,82,5.01,551.0
2024-07-31 16:00:00,28.3,81,5.77,391.0
2024-07-31 17:00:00,27.8,85,5.37,292.0
2024-07-31 18:00:00,27.0,86,4.03,107.0
2024-07-31 19:00:00,26.7,89,4.05,14.0
2024-07-31 20:00:00,26.7,89,4.02,0.0
2024-07-31 21:00:00,26.5,89,4.16,0.0
2024-07-31 22:00:00,26.4,88,3.81,0.0
2024-07-31 23:00:00,26.2,90,3.47,0.0
2024-08-01 00:00:00,25.7,92,3.49,0.0
2024-08-01 01:00:00,25.5,92,3.98,0.0
2024-08-01 02:00:00,25.2,93,3.67,0.0
2024-08-01 03:00:00,25.8,91,4.86,0.0
2024-08-01 04:00:00,25.1,93,4.18,0.0
2024-08-01 05:00:00,25.6,91,5.25,0.0
2024-08-01 06:00:00,26.4,90,4.92,1.0
2024-08-01 07:00:00,26.5,90,5.19,60.0
2024-08-01 08:00:00,27.2,89,5.09,172.0
2024-08-01 09:00:00,27.8,84,5.65,375.0
2024-08-01 10:00:00,27.8,81,6.29,542.0
2024-08-01 11:00:00,28.6,81,6.28,502.0
2024-08-01 12:00:00,29.4,78,6.87,759.0
2024-08-01 13:00:00,28.8,78,7.29,691.0
2024-08-01 14:00:00,28.4,79,6.71,535.0
2024-08-01 15:00:00,28.2,80,6.43,454.0
2024-08-01 16:00:00,28.1,80,6.2,262.0
2024-08-01 17:00:00,27.8,82,6.58,270.0
2024-08-01 18:00:00,27.7,79,5.73,88.0
2024-08-01 19:00:00,26.5,85,6.09,14.0
2024-08-01 20:00:00,26.4,88,4.7,0.0
2024-08-01 21:00:00,25.9,90,5.64,0.0
2024-08-01 22:00:00,25.8,90,6.47,0.0
2024-08-01 23:00:00,25.8,90,6.45,0.0
2024-08-02 00:00:00,25.7,90,6.14,0.0
2024-08-02 01:00:00,25.4,91,6.32,0.0
2024-08-02 02:00:00,25.6,90,6.41,0.0
2024-08-02 03:00:00,26.1,86,6.71,0.0
2024-08-02 04:00:00,26.2,86,7.19,0.0
2024-08-02 05:00:00,26.3,87,6.62,0.0
2024-08-02 06:00:00,25.3,90,6.17,0.0
2024-08-02 07:00:00,26.3,86,6.46,22.0
2024-08-02 08:00:00,26.6,87,5.8,91.0
2024-08-02 09:00:00,27.0,85,5.52,255.0
2024-08-02 10:00:00,27.3,84,6.23,433.0
2024-08-02 11:00:00,26.3,87,6.45,521.0
2024-08-02 12:00:00,27.1,82,7.12,487.0
2024-08-02 13:00:00,28.3,79,7.69,606.0
2024-08-02 14:00:00,28.3,78,7.65,625.0
2024-08-02 15:00:00,27.8,79,8.1,499.0
2024-08-02 16:00:00,27.2,83,7.52,353.0
2024-08-02 17:00:00,26.5,86,7.07,114.0
2024-08-02 18:00:00,25.5,91,6.76,50.0
2024-08-02 19:00:00,25.9,91,6.15,7.0
2024-08-02 20:00:00,25.4,91,6.76,0.0
2024-08-02 21:00:00,25.8,88,4.82,0.0
2024-08-02 22:00:00,26.2,86,7.02,0.0
2024-08-02 23:00:00,25.8,90,6.86,0.0
2024-08-03 00:00:00,25.6,90,7.21,0.0
2024-08-03 01:00:00,25.9,87,6.91,0.0
2024-08-03 02:00:00,25.9,88,6.57,0.0
2024-08-03 03:00:00,26.0,88,6.98,0.0
2024-08-03 04:00:00,25.6,88,7.56,0.0
2024-08-03 05:00:00,25.9,87,7.08,0.0
2024-08-03 06:00:00,26.5,85,7.21,0.0
2024-08-03 07:00:00,26.1,87,7.46,31.0
2024-08-03 08:00:00,26.0,88,7.43,76.0
2024-08-03 09:00:00,25.9,89,7.61,102.0
2024-08-03 10:00:00,26.5,87,7.35,188.0
2024-08-03 11:00:00,26.8,86,7.65,394.0
2024-08-03 12:00:00,27.1,83,7.69,365.0
2024-08-03 13:00:00,27.5,82,8.39,451.0
2024-08-03 14:00:00,26.9,87,7.22,279.0
2024-08-03 15:00:00,27.3,83,7.28,369.0
2024-08-03 16:00:00,26.4,88,7.49,167.0
2024-08-03 17:00:00,26.8,87,6.74,102.0
2024-08-03 18:00:00,26.0,87,7.11,47.0
2024-08-03 19:00:00,26.5,87,6.78,4.0
2024-08-03 20:00:00,26.2,88,6.99,0.0
2024-08-03 21:00:00,26.2,88,6.33,0.0
2024-08-03 22:00:00,26.3,85,6.53,0.0
2024-08-03 23:00:00,26.2,87,6.84,0.0
2024-08-04 00:00:00,25.5,90,6.23,0.0
2024-08-04 01:00:00,26.0,87,6.36,0.0
2024-08-04 02:00:00,25.6,89,6.14,0.0
2024-08-04 03:00:00,25.6,90,6.54,0.0
2024-08-04 04:00:00,26.1,86,7.02,0.0
2024-08-04 05:00:00,25.5,89,6.58,0.0
2024-08-04 06:00:00,26.1,88,7.18,0.0
2024-08-04 07:00:00,26.2,88,7.09,7.0
2024-08-04 08:00:00,26.1,89,7.72,25.0
2024-08-04 09:00:00,26.3,90,7.12,65.0
2024-08-04 10:00:00,26.4,91,6.42,108.0
2024-08-04 11:00:00,26.8,86,7.05,214.0
2024-08-04 12:00:00,27.0,84,7.37,370.0
2024-08-04 13:00:00,26.7,87,6.37,330.0
2024-08-04 14:00:00,26.9,87,5.81,249.0
2024-08-04 15:00:00,26.8,84,6.94,311.0
2024-08-04 16:00:00,26.2,90,6.04,135.0
2024-08-04 17:00:00,26.3,91,5.97,99.0
2024-08-04 18:00:00,26.2,87,6.51,39.0
2024-08-04 19:00:00,26.0,89,6.25,4.0
2024-08-04 20:00:00,26.0,89,6.18,0.0
2024-08-04 21:00:00,26.0,88,5.66,0.0
2024-08-04 22:00:00,25.7,90,5.84,0.0
2024-08-04 23:00:00,26.3,87,6.26,0.0
2024-08-05 00:00:00,26.5,85,6.22,0.0
2024-08-05 01:00:00,25.6,90,5.92,0.0
2024-08-05 02:00:00,26.2,87,5.88,0.0
2024-08-05 03:00:00,26.2,85,5.83,0.0
2024-08-05 04:00:00,26.2,86,5.97,0.0
2024-08-05 05:00:00,25.9,90,5.5,0.0
2024-08-05 06:00:00,26.7,86,6.08,1.0
2024-08-05 07:00:00,26.9,86,5.87,57.0
2024-08-05 08:00:00,27.6,80,6.44,198.0
2024-08-05 09:00:00,28.0,82,6.22,354.0
2024-08-05 10:00:00,28.6,78,6.66,483.0
2024-08-05 11:00:00,28.3,79,6.46,519.0
2024-08-05 12:00:00,28.6,79,5.95,553.0
2024-08-05 13:00:00,28.9,77,6.52,833.0
2024-08-05 14:00:00,28.6,78,6.07,569.0
2024-08-05 15:00:00,28.0,82,6.16,546.0
2024-08-05 16:00:00,28.1,81,6.09,428.0
2024-08-05 17:00:00,27.8,81,5.63,259.0
2024-08-05 18:00:00,26.4,88,4.97,50.0
2024-08-05 19:00:00,26.3,88,4.9,3.0
2024-08-05 20:00:00,26.3,88,4.83,0.0
2024-08-05 21:00:00,26.1,90,5.23,0.0
2024-08-05 22:00:00,26.3,88,4.7,0.0
2024-08-05 23:00:00,26.0,91,4.68,0.0
2024-08-06 00:00:00,26.0,89,4.84,0.0
2024-08-06 01:00:00,25.6,91,5.54,0.0
2024-08-06 02:00:00,25.5,94,4.88,0.0
2024-08-06 03:00:00,25.6,90,4.88,0.0
2024-08-06 04:00:00,26.1,85,5.14,0.0
2024-08-06 05:00:00,25.8,88,4.88,0.0
2024-08-06 06:00:00,26.3,86,4.31,1.0
2024-08-06 07:00:00,26.8,83,5.01,68.0
2024-08-06 08:00:00,27.7,80,4.83,214.0
2024-08-06 09:00:00,27.8,78,4.83,354.0
2024-08-06 10:00:00,27.8,79,5.22,465.0
2024-08-06 11:00:00,28.5,79,4.82,583.0
2024-08-06 12:00:00,28.7,78,5.22,757.0
2024-08-06 13:00:00,28.3,80,4.5,578.0
2024-08-06 14:00:00,28.7,78,5.56,799.0
2024-08-06 15:00:00,28.3,80,5.28,538.0
2024-08-06 16:00:00,27.7,82,5.28,330.0
2024-08-06 17:00:00,27.9,78,5.14,283.0
2024-08-06 18:00:00,26.9,86,5.17,89.0
2024-08-06 19:00:00,26.7,86,4.24,15.0
2024-08-06 20:00:00,26.7,86,4.31,0.0
2024-08-06 21:00:00,26.7,86,3.76,0.0
2024-08-06 22:00:00,26.8,84,3.48,0.0
2024-08-06 23:00:00,26.6,86,3.58,0.0
2024-08-07 00:00:00,26.1,88,3.85,0.0
2024-08-07 01:00:00,25.8,91,4.11,0.0
2024-08-07 02:00:00,25.9,89,4.38,0.0
2024-08-07 03:00:00,25.9,88,4.3,0.0
2024-08-07 04:00:00,25.6,91,4.02,0.0
2024-08-07 05:00:00,25.3,91,3.89,0.0
2024-08-07 06:00:00,25.8,92,3.79,1.0
2024-08-07 07:00:00,25.9,91,4.54,54.0
2024-08-07 08:00:00,27.0,87,3.92,184.0
2024-08-07 09:00:00,27.5,83,3.95,328.0
2024-08-07 10:00:00,28.2,79,4.66,428.0
2024-08-07 11:00:00,28.5,79,4.95,514.0
2024-08-07 12:00:00,28.6,80,5.35,717.0
2024-08-07 13:00:00,28.7,80,5.02,736.0
2024-08-07 14:00:00,28.8,79,4.92,716.0
2024-08-07 15:00:00,28.6,78,5.12,685.0
2024-08-07 16:00:00,28.1,78,5.3,477.0
2024-08-07 17:00:00,27.9,78,5.26,320.0
2024-08-07 18:00:00,27.0,82,4.37,135.0
2024-08-07 19:00:00,26.3,85,3.76,14.0
2024-08-07 20:00:00,26.4,85,3.27,0.0
2024-08-07 21:00:00,26.5,85,3.49,0.0
2024-08-07 22:00:00,26.3,86,3.67,0.0
2024-08-07 23:00:00,26.2,86,3.71,0.0
2024-08-08 00:00:00,25.9,88,4.03,0.0
2024-08-08 01:00:00,26.1,87,3.86,0.0
2024-08-08 02:00:00,25.7,89,3.77,0.0
2024-08-08 03:00:00,26.0,89,3.18,0.0
2024-08-08 04:00:00,25.5,92,3.72,0.0
2024-08-08 05:00:00,25.8,88,3.94,0.0
2024-08-08 06:00:00,26.4,84,4.11,1.0
2024-08-08 07:00:00,26.8,85,4.07,59.0
2024-08-08 08:00:00,27.0,82,5.15,195.0
2024-08-08 09:00:00,27.8,82,4.3,387.0
2024-08-08 10:00:00,27.4,80,5.11,450.0
2024-08-08 11:00:00,27.8,82,3.35,395.0
2024-08-08 12:00:00,28.7,78,4.37,582.0
2024-08-08 13:00:00,28.1,79,4.51,806.0
2024-08-08 14:00:00,28.7,78,4.96,662.0
2024-08-08 15:00:00,28.5,77,5.22,623.0
2024-08-08 16:00:00,27.8,79,4.92,438.0
2024-08-08 17:00:00,26.9,82,4.55,199.0
2024-08-08 18:00:00,27.0,81,2.91,116.0
2024-08-08 19:00:00,26.1,85,3.4,12.0
2024-08-08 20:00:00,26.3,84,2.61,0.0
2024-08-08 21:00:00,26.4,84,2.97,0.0
2024-08-08 22:00:00,26.3,84,2.92,0.0
2024-08-08 23:00:00,26.0,86,3.28,0.0
2024-08-09 00:00:00,25.5,89,2.9,0.0
2024-08-09 01:00:00,25.8,89,2.83,0.0
2024-08-09 02:00:00,25.3,92,3.38,0.0
2024-08-09 03:00:00,25.4,90,3.89,0.0
2024-08-09 04:00:00,25.2,92,3.41,0.0
2024-08-09 05:00:00,25.2,92,3.26,0.0
2024-08-09 06:00:00,25.8,91,4.46,0.0
2024-08-09 07:00:00,25.7,95,4.12,14.0
2024-08-09 08:00:00,25.4,94,3.23,43.0
2024-08-09 09:00:00,25.5,91,3.13,110.0
2024-08-09 10:00:00,26.5,88,3.14,145.0
2024-08-09 11:00:00,26.6,85,3.58,158.0
2024-08-09 12:00:00,26.3,83,4.2,172.0
2024-08-09 13:00:00,27.2,85,3.68,191.0
2024-08-09 14:00:00,27.1,83,3.42,253.0
2024-08-09 15:00:00,27.8,80,4.42,293.0
2024-08-09 16:00:00,27.3,81,4.32,182.0
2024-08-09 17:00:00,26.4,88,3.93,121.0
2024-08-09 18:00:00,27.0,81,3.69,16.0
2024-08-09 19:00:00,26.7,83,3.88,4.0
2024-08-09 20:00:00,25.9,90,3.13,0.0
2024-08-09 21:00:00,25.8,91,2.57,0.0
2024-08-09 22:00:00,25.9,90,2.6,0.0
2024-08-09 23:00:00,25.4,92,2.9,0.0
2024-08-10 00:00:00,25.4,90,2.89,0.0
2024-08-10 01:00:00,25.0,93,1.2,0.0
2024-08-10 02:00:00,25.0,93,1.75,0.0
2024-08-10 03:00:00,25.6,90,1.99,0.0
2024-08-10 04:00:00,25.2,93,1.97,0.0
2024-08-10 05:00:00,25.2,93,2.06,0.0
2024-08-10 06:00:00,26.1,90,1.14,0.0
2024-08-10 07:00:00,26.2,91,1.77,33.0
2024-08-10 08:00:00,26.6,86,2.27,89.0
2024-08-10 09:00:00,27.2,83,1.79,204.0
2024-08-10 10:00:00,27.9,81,2.56,441.0
2024-08-10 11:00:00,28.0,79,3.35,474.0
2024-08-10 12:00:00,27.9,79,4.47,551.0
2024-08-10 13:00:00,28.1,81,4.94,694.0
2024-08-10 14:00:00,28.1,82,5.18,684.0
2024-08-10 15:00:00,27.9,82,5.12,461.0
2024-08-10 16:00:00,28.0,81,4.94,473.0
2024-08-10 17:00:00,27.6,82,5.2,294.0
2024-08-10 18:00:00,26.6,84,4.5,83.0
2024-08-10 19:00:00,26.8,82,4.0,12.0
2024-08-10 20:00:00,27.0,80,4.1,0.0
2024-08-10 21:00:00,26.9,81,3.9,0.0
2024-08-10 22:00:00,27.0,81,3.3,0.0
2024-08-10 23:00:00,26.9,83,3.62,0.0
2024-08-11 00:00:00,26.7,84,3.85,0.0
2024-08-11 01:00:00,26.6,85,3.95,0.0
2024-08-11 02:00:00,26.3,87,3.86,0.0
2024-08-11 03:00:00,26.0,89,3.85,0.0
2024-08-11 04:00:00,25.9,89,4.08,0.0
2024-08-11 05:00:00,25.9,89,3.98,0.0
2024-08-11 06:00:00,26.3,88,3.76,1.0
2024-08-11 07:00:00,26.9,86,4.24,69.0
2024-08-11 08:00:00,27.7,81,4.57,249.0
2024-08-11 09:00:00,27.9,78,5.11,417.0
2024-08-11 10:00:00,28.4,79,5.02,527.0
2024-08-11 11:00:00,28.3,76,5.44,696.0
2024-08-11 12:00:00,28.3,79,5.35,599.0
2024-08-11 13:00:00,29.2,74,5.57,866.0
2024-08-11 14:00:00,28.3,79,5.65,592.0
2024-08-11 15:00:00,28.8,76,5.68,639.0
2024-08-11 16:00:00,28.4,79,5.44,548.0
2024-08-11 17:00:00,28.1,76,5.48,277.0
2024-08-11 18:00:00,27.2,80,4.4,68.0
2024-08-11 19:00:00,26.9,81,4.14,12.0
2024-08-11 20:00:00,26.8,82,3.5,0.0
2024-08-11 21:00:00,26.7,83,2.93,0.0
2024-08-11 22:00:00,26.5,85,2.72,0.0
2024-08-11 23:00:00,26.4,86,2.51,0.0
2024-08-12 00:00:00,25.9,88,2.39,0.0
2024-08-12 01:00:00,25.9,89,2.52,0.0
2024-08-12 02:00:00,25.9,90,2.28,0.0
2024-08-12 03:00:00,25.9,91,3.05,0.0
2024-08-12 04:00:00,25.9,89,3.11,0.0
2024-08-12 05:00:00,25.7,89,2.78,0.0
2024-08-12 06:00:00,26.3,87,3.69,0.0
2024-08-12 07:00:00,26.4,89,3.91,63.0
2024-08-12 08:00:00,27.3,85,4.33,225.0
2024-08-12 09:00:00,28.0,81,4.1,412.0
2024-08-12 10:00:00,28.2,79,4.52,386.0
2024-08-12 11:00:00,27.6,82,4.18,433.0
2024-08-12 12:00:00,28.3,80,4.79,616.0
2024-08-12 13:00:00,28.8,78,4.88,714.0
2024-08-12 14:00:00,28.8,78,5.53,657.0
2024-08-12 15:00:00,28.9,77,5.97,632.0
2024-08-12 16:00:00,28.5,79,5.57,514.0
2024-08-12 17:00:00,28.1,78,5.05,315.0
2024-08-12 18:00:00,27.4,81,3.4,140.0
2024-08-12 19:00:00,26.9,83,3.03,15.0
2024-08-12 20:00:00,26.7,84,2.73,0.0
2024-08-12 21:00:00,26.6,85,2.31,0.0
2024-08-12 22:00:00,26.3,87,1.73,0.0
2024-08-12 23:00:00,26.2,87,1.75,0.0
2024-08-13 00:00:00,26.1,88,1.93,0.0
2024-08-13 01:00:00,25.8,90,1.7,0.0
2024-08-13 02:00:00,25.5,92,1.49,0.0
2024-08-13 03:00:00,25.6,91,1.64,0.0
2024-08-13 04:00:00,25.4,90,2.0,0.0
2024-08-13 05:00:00,25.4,91,1.66,0.0
2024-08-13 06:00:00,26.2,90,2.3,0.0
2024-08-13 07:00:00,26.6,89,2.2,38.0
2024-08-13 08:00:00,27.1,84,2.16,108.0
2024-08-13 09:00:00,27.5,82,2.05,205.0
2024-08-13 10:00:00,27.7,82,2.42,318.0
2024-08-13 11:00:00,28.1,81,2.92,440.0
2024-08-13 12:00:00,28.7,77,3.61,592.0
2024-08-13 13:00:00,28.8,77,4.2,763.0
2024-08-13 14:00:00,28.8,77,4.61,772.0
2024-08-13 15:00:00,28.7,78,4.7,685.0
2024-08-13 16:00:00,28.5,79,4.5,518.0
2024-08-13 17:00:00,28.0,81,4.42,328.0
2024-08-13 18:00:00,27.3,83,3.79,139.0
2024-08-13 19:00:00,26.9,85,3.01,13.0
2024-08-13 20:00:00,26.8,85,2.28,0.0
2024-08-13 21:00:00,26.5,87,1.66,0.0
2024-08-13 22:00:00,26.0,91,0.91,0.0
2024-08-13 23:00:00,26.3,89,1.1,0.0
2024-08-14 00:00:00,26.0,90,1.4,0.0
2024-08-14 01:00:00,25.9,91,0.85,0.0
2024-08-14 02:00:00,25.7,94,0.64,0.0
2024-08-14 03:00:00,25.5,94,0.71,0.0
2024-08-14 04:00:00,25.5,94,0.95,0.0
2024-08-14 05:00:00,25.7,91,0.63,0.0
2024-08-14 06:00:00,25.5,93,0.71,0.0
2024-08-14 07:00:00,26.2,87,0.76,49.0
2024-08-14 08:00:00,26.8,85,0.76,207.0
2024-08-14 09:00:00,27.4,83,0.89,321.0
2024-08-14 10:00:00,28.2,80,1.14,431.0
2024-08-14 11:00:00,29.0,76,2.1,639.0
2024-08-14 12:00:00,29.1,76,3.21,807.0
2024-08-14 13:00:00,28.8,79,3.81,855.0
2024-08-14 14:00:00,29.1,78,4.14,834.0
2024-08-14 15:00:00,28.8,78,4.37,700.0
2024-08-14 16:00:00,28.4,79,4.3,539.0
2024-08-14 17:00:00,28.1,79,4.46,334.0
2024-08-14 18:00:00,27.4,80,3.62,131.0
2024-08-14 19:00:00,27.1,81,2.69,14.0
2024-08-14 20:00:00,26.9,82,2.2,0.0
2024-08-14 21:00:00,26.6,85,1.35,0.0
2024-08-14 22:00:00,26.5,86,1.2,0.0
2024-08-14 23:00:00,26.1,89,1.06,0.0
2024-08-15 00:00:00,25.8,91,1.17,0.0
2024-08-15 01:00:00,25.7,91,0.6,0.0
2024-08-15 02:00:00,25.4,93,0.63,0.0
2024-08-15 03:00:00,25.9,89,0.58,0.0
2024-08-15 04:00:00,26.1,88,0.54,0.0
2024-08-15 05:00:00,26.1,88,0.14,0.0
2024-08-15 06:00:00,25.9,93,0.64,0.0
2024-08-15 07:00:00,26.2,91,0.73,52.0
2024-08-15 08:00:00,26.9,86,0.92,159.0
2024-08-15 09:00:00,28.0,81,1.39,378.0
2024-08-15 10:00:00,28.8,77,2.11,551.0
2024-08-15 11:00:00,28.9,77,2.9,636.0
2024-08-15 12:00:00,29.4,75,3.55,820.0
2024-08-15 13:00:00,29.4,76,4.22,899.0
2024-08-15 14:00:00,29.2,76,4.79,796.0
2024-08-15 15:00:00,29.0,77,5.02,683.0
2024-08-15 16:00:00,28.7,77,4.81,448.0
2024-08-15 17:00:00,28.3,78,4.11,264.0
2024-08-15 18:00:00,27.9,79,3.1,125.0
2024-08-15 19:00:00,27.3,81,1.96,13.0
2024-08-15 20:00:00,27.2,83,1.63,0.0
2024-08-15 21:00:00,26.8,85,1.22,0.0
2024-08-15 22:00:00,26.3,89,1.08,0.0
2024-08-15 23:00:00,26.2,89,1.02,0.0
2024-08-16 00:00:00,26.2,90,1.12,0.0
2024-08-16 01:00:00,26.1,90,1.14,0.0
2024-08-16 02:00:00,25.8,93,1.25,0.0
2024-08-16 03:00:00,26.4,88,0.45,0.0
2024-08-16 04:00:00,26.1,89,0.22,0.0
2024-08-16 05:00:00,25.9,90,0.81,0.0
2024-08-16 06:00:00,26.0,93,1.17,0.0
2024-08-16 07:00:00,26.8,88,1.43,60.0
2024-08-16 08:00:00,27.4,85,2.33,214.0
2024-08-16 09:00:00,28.1,83,2.21,410.0
2024-08-16 10:00:00,28.7,80,2.4,568.0
2024-08-16 11:00:00,29.3,78,3.01,749.0
2024-08-16 12:00:00,29.4,77,3.91,824.0
2024-08-16 13:00:00,29.6,76,4.33,888.0
2024-08-16 14:00:00,29.5,77,4.5,848.0
2024-08-16 15:00:00,29.3,76,4.62,725.0
2024-08-16 16:00:00,29.0,77,4.46,517.0
2024-08-16 17:00:00,28.4,79,4.12,349.0
2024-08-16 18:00:00,27.8,80,2.91,134.0
2024-08-16 19:00:00,27.3,82,2.4,13.0
2024-08-16 20:00:00,27.2,83,1.77,0.0
2024-08-16 21:00:00,27.0,84,1.52,0.0
2024-08-16 22:00:00,27.0,84,1.62,0.0
2024-08-16 23:00:00,26.5,89,1.14,0.0
2024-08-17 00:00:00,26.0,91,1.3,0.0
2024-08-17 01:00:00,26.1,90,0.95,0.0
2024-08-17 02:00:00,25.9,93,1.13,0.0
2024-08-17 03:00:00,25.7,93,0.92,0.0
2024-08-17 04:00:00,26.0,93,0.5,0.0
2024-08-17 05:00:00,26.3,87,0.54,0.0
2024-08-17 06:00:00,25.8,92,0.76,0.0
2024-08-17 07:00:00,26.3,89,1.12,63.0
2024-08-17 08:00:00,27.0,87,0.98,231.0
2024-08-17 09:00:00,28.0,85,0.3,434.0
2024-08-17 10:00:00,28.9,81,1.63,611.0
2024-08-17 11:00:00,29.2,80,2.62,714.0
2024-08-17 12:00:00,29.5,79,2.9,828.0
2024-08-17 13:00:00,29.6,78,3.1,895.0
2024-08-17 14:00:00,29.3,79,3.55,770.0
2024-08-17 15:00:00,29.4,77,3.55,675.0
2024-08-17 16:00:00,29.0,78,3.38,444.0
2024-08-17 17:00:00,28.6,79,2.94,236.0
2024-08-17 18:00:00,27.9,81,3.64,134.0
2024-08-17 19:00:00,27.5,82,2.78,12.0
2024-08-17 20:00:00,27.3,83,2.14,0.0
2024-08-17 21:00:00,27.2,85,1.25,0.0
2024-08-17 22:00:00,27.1,86,1.0,0.0
2024-08-17 23:00:00,26.9,88,1.08,0.0
2024-08-18 00:00:00,26.6,90,0.92,0.0
2024-08-18 01:00:00,26.3,91,1.0,0.0
2024-08-18 02:00:00,26.3,92,0.98,0.0
2024-08-18 03:00:00,25.9,95,1.03,0.0
2024-08-18 04:00:00,25.5,96,0.85,0.0
2024-08-18 05:00:00,25.5,96,1.21,0.0
2024-08-18 06:00:00,26.3,93,0.78,0.0
2024-08-18 07:00:00,26.9,90,1.0,55.0
2024-08-18 08:00:00,27.8,85,1.2,208.0
2024-08-18 09:00:00,29.0,78,1.36,445.0
2024-08-18 10:00:00,29.8,74,1.64,608.0
2024-08-18 11:00:00,29.9,74,2.86,627.0
2024-08-18 12:00:00,29.5,75,3.28,479.0
2024-08-18 13:00:00,28.8,79,3.66,389.0
2024-08-18 14:00:00,28.5,83,3.8,409.0
2024-08-18 15:00:00,28.3,85,3.58,278.0
2024-08-18 16:00:00,28.5,82,3.55,224.0
2024-08-18 17:00:00,28.0,84,3.33,106.0
2024-08-18 18:00:00,28.3,84,3.14,87.0
2024-08-18 19:00:00,27.7,86,2.44,8.0
2024-08-18 20:00:00,27.6,88,2.33,0.0
2024-08-18 21:00:00,27.4,89,2.15,0.0
2024-08-18 22:00:00,27.3,90,2.05,0.0
2024-08-18 23:00:00,27.2,90,2.22,0.0
2024-08-19 00:00:00,27.1,92,2.42,0.0
2024-08-19 01:00:00,27.1,92,2.41,0.0
2024-08-19 02:00:00,27.1,91,2.83,0.0
2024-08-19 03:00:00,26.5,90,1.8,0.0
2024-08-19 04:00:00,26.2,94,1.1,0.0
2024-08-19 05:00:00,25.5,95,0.72,0.0
2024-08-19 06:00:00,26.0,91,2.09,0.0
2024-08-19 07:00:00,26.1,92,1.71,21.0
2024-08-19 08:00:00,26.4,91,1.2,110.0
2024-08-19 09:00:00,27.0,89,1.92,147.0
2024-08-19 10:00:00,27.9,86,1.73,266.0
2024-08-19 11:00:00,28.2,84,1.96,261.0
2024-08-19 12:00:00,28.4,84,2.73,293.0
2024-08-19 13:00:00,28.4,84,3.06,323.0
2024-08-19 14:00:00,28.9,82,4.05,463.0
2024-08-19 15:00:00,29.1,80,4.42,555.0
2024-08-19 16:00:00,28.6,79,4.2,452.0
2024-08-19 17:00:00,28.2,80,3.76,220.0
2024-08-19 18:00:00,28.7,83,1.41,61.0
2024-08-19 19:00:00,27.3,89,1.04,6.0
2024-08-19 20:00:00,26.6,93,1.71,0.0
2024-08-19 21:00:00,25.7,97,2.55,0.0
2024-08-19 22:00:00,25.5,96,0.58,0.0
2024-08-19 23:00:00,25.6,96,1.02,0.0
2024-08-20 00:00:00,25.6,96,0.81,0.0
2024-08-20 01:00:00,25.5,97,0.45,0.0
2024-08-20 02:00:00,25.6,98,0.51,0.0
2024-08-20 03:00:00,25.6,98,0.5,0.0
2024-08-20 04:00:00,25.8,96,1.03,0.0
2024-08-20 05:00:00,25.3,95,0.57,0.0
2024-08-20 06:00:00,25.8,97,1.39,0.0
2024-08-20 07:00:00,25.1,99,2.28,25.0
2024-08-20 08:00:00,25.4,94,1.66,99.0
2024-08-20 09:00:00,25.9,89,1.44,160.0
2024-08-20 10:00:00,25.8,89,1.64,119.0
2024-08-20 11:00:00,25.3,91,0.81,126.0
2024-08-20 12:00:00,26.2,88,1.52,220.0
2024-08-20 13:00:00,27.8,83,1.84,600.0
2024-08-20 14:00:00,27.8,84,2.36,458.0
2024-08-20 15:00:00,28.5,82,3.44,562.0
2024-08-20 16:00:00,28.6,79,3.64,440.0
2024-08-20 17:00:00,27.9,83,3.56,169.0
2024-08-20 18:00:00,26.8,86,3.05,33.0
2024-08-20 19:00:00,26.4,90,2.27,7.0
2024-08-20 20:00:00,26.3,91,2.12,0.0
2024-08-20 21:00:00,26.3,92,1.68,0.0
2024-08-20 22:00:00,25.8,95,1.1,0.0
2024-08-20 23:00:00,26.0,95,0.92,0.0
2024-08-21 00:00:00,26.1,95,0.81,0.0
2024-08-21 01:00:00,25.9,96,0.81,0.0
2024-08-21 02:00:00,25.8,96,0.82,0.0
2024-08-21 03:00:00,25.9,96,1.5,0.0
2024-08-21 04:00:00,25.3,97,1.22,0.0
2024-08-21 05:00:00,25.3,97,1.0,0.0
2024-08-21 06:00:00,25.9,94,1.81,0.0
2024-08-21 07:00:00,26.7,91,2.18,63.0
2024-08-21 08:00:00,27.6,87,2.6,223.0
2024-08-21 09:00:00,28.8,80,2.72,433.0
2024-08-21 10:00:00,29.7,78,2.35,635.0
2024-08-21 11:00:00,30.3,76,2.47,741.0
2024-08-21 12:00:00,30.2,77,2.83,786.0
2024-08-21 13:00:00,29.9,75,4.32,721.0
2024-08-21 14:00:00,29.7,75,4.47,682.0
2024-08-21 15:00:00,29.2,78,4.46,471.0
2024-08-21 16:00:00,29.0,80,4.82,497.0
2024-08-21 17:00:00,28.5,82,4.24,286.0
2024-08-21 18:00:00,28.2,85,3.45,101.0
2024-08-21 19:00:00,27.7,88,2.18,9.0
2024-08-21 20:00:00,27.4,89,1.71,0.0
2024-08-21 21:00:00,26.9,93,1.2,0.0
2024-08-21 22:00:00,26.6,95,1.12,0.0
2024-08-21 23:00:00,26.4,95,1.08,0.0
2024-08-22 00:00:00,26.4,95,1.79,0.0
2024-08-22 01:00:00,26.6,95,2.12,0.0
2024-08-22 02:00:00,26.6,95,2.6,0.0
2024-08-22 03:00:00,26.5,93,2.64,0.0
2024-08-22 04:00:00,26.1,93,1.56,0.0
2024-08-22 05:00:00,25.9,94,1.3,0.0
2024-08-22 06:00:00,26.6,93,1.03,0.0
2024-08-22 07:00:00,27.2,90,1.0,66.0
2024-08-22 08:00:00,28.3,85,2.16,237.0
2024-08-22 09:00:00,28.8,82,2.62,395.0
2024-08-22 10:00:00,29.2,81,2.69,608.0
2024-08-22 11:00:00,29.8,80,2.64,739.0
2024-08-22 12:00:00,30.0,78,3.19,768.0
2024-08-22 13:00:00,29.9,78,3.69,783.0
2024-08-22 14:00:00,29.7,76,4.39,723.0
2024-08-22 15:00:00,29.2,77,4.16,459.0
2024-08-22 16:00:00,29.0,78,3.53,292.0
2024-08-22 17:00:00,28.5,81,3.53,189.0
2024-08-22 18:00:00,28.0,84,3.5,90.0
2024-08-22 19:00:00,27.8,84,3.16,4.0
2024-08-22 20:00:00,27.8,84,2.83,0.0
2024-08-22 21:00:00,27.7,85,2.75,0.0
2024-08-22 22:00:00,27.3,87,3.01,0.0
2024-08-22 23:00:00,26.7,92,2.42,0.0
2024-08-23 00:00:00,26.4,93,3.33,0.0
2024-08-23 01:00:00,26.3,94,2.55,0.0
2024-08-23 02:00:00,26.2,93,2.75,0.0
2024-08-23 03:00:00,26.3,90,3.08,0.0
2024-08-23 04:00:00,26.6,88,3.88,0.0
2024-08-23 05:00:00,26.4,89,3.85,0.0
2024-08-23 06:00:00,26.4,90,3.58,0.0
2024-08-23 07:00:00,26.0,93,3.38,18.0
2024-08-23 08:00:00,26.3,91,3.58,71.0
2024-08-23 09:00:00,27.1,87,3.45,183.0
2024-08-23 10:00:00,28.0,82,4.49,361.0
2024-08-23 11:00:00,28.4,81,3.98,329.0
2024-08-23 12:00:00,28.5,80,5.02,465.0
2024-08-23 13:00:00,28.3,82,4.79,486.0
2024-08-23 14:00:00,27.7,85,4.14,97.0
2024-08-23 15:00:00,27.7,87,4.53,227.0
2024-08-23 16:00:00,27.6,88,3.84,157.0
2024-08-23 17:00:00,26.9,91,3.4,127.0
2024-08-23 18:00:00,27.3,90,1.7,32.0
2024-08-23 19:00:00,26.7,94,2.28,2.0
2024-08-23 20:00:00,26.5,95,1.5,0.0
2024-08-23 21:00:00,26.3,96,0.67,0.0
2024-08-23 22:00:00,26.3,96,1.43,0.0
2024-08-23 23:00:00,25.9,97,1.99,0.0
2024-08-24 00:00:00,25.8,96,2.24,0.0
2024-08-24 01:00:00,25.8,96,2.5,0.0
2024-08-24 02:00:00,25.8,96,1.33,0.0
2024-08-24 03:00:00,25.8,95,1.22,0.0
2024-08-24 04:00:00,25.7,95,2.4,0.0
2024-08-24 05:00:00,25.7,94,3.91,0.0
2024-08-24 06:00:00,26.0,93,2.38,0.0
2024-08-24 07:00:00,25.6,93,2.92,11.0
2024-08-24 08:00:00,25.6,95,4.08,55.0
2024-08-24 09:00:00,25.9,94,3.71,81.0
2024-08-24 10:00:00,25.9,93,3.96,111.0
2024-08-24 11:00:00,26.1,91,4.03,98.0
2024-08-24 12:00:00,26.1,90,4.66,208.0
2024-08-24 13:00:00,25.9,91,5.3,122.0
2024-08-24 14:00:00,26.1,89,5.1,182.0
2024-08-24 15:00:00,25.9,91,4.55,53.0
2024-08-24 16:00:00,26.5,89,4.3,132.0
2024-08-24 17:00:00,25.8,91,4.73,79.0
2024-08-24 18:00:00,25.4,92,5.81,10.0
2024-08-24 19:00:00,25.4,90,4.9,1.0
2024-08-24 20:00:00,25.5,92,4.88,0.0
2024-08-24 21:00:00,25.8,92,4.24,0.0
2024-08-24 22:00:00,26.0,90,4.25,0.0
2024-08-24 23:00:00,25.2,92,4.73,0.0
2024-08-25 00:00:00,24.9,93,5.44,0.0
2024-08-25 01:00:00,25.6,91,4.05,0.0
2024-08-25 02:00:00,25.6,90,5.35,0.0
2024-08-25 03:00:00,24.7,93,4.39,0.0
2024-08-25 04:00:00,25.0,93,5.39,0.0
2024-08-25 05:00:00,25.2,92,5.54,0.0
2024-08-25 06:00:00,25.6,91,6.14,0.0
2024-08-25 07:00:00,25.4,92,6.32,10.0
2024-08-25 08:00:00,25.2,92,5.77,29.0
2024-08-25 09:00:00,25.8,92,5.85,73.0
2024-08-25 10:00:00,26.5,91,4.62,111.0
2024-08-25 11:00:00,26.3,88,4.69,235.0
2024-08-25 12:00:00,27.0,84,6.02,237.0
2024-08-25 13:00:00,27.4,84,6.54,361.0
2024-08-25 14:00:00,26.8,82,6.8,423.0
2024-08-25 15:00:00,27.6,81,7.2,414.0
2024-08-25 16:00:00,26.9,82,6.65,203.0
2024-08-25 17:00:00,26.3,87,6.26,63.0
2024-08-25 18:00:00,26.7,87,5.81,7.0
2024-08-25 19:00:00,26.7,85,6.5,2.0
2024-08-25 20:00:00,26.1,88,6.02,0.0
2024-08-25 21:00:00,26.5,85,6.96,0.0
2024-08-25 22:00:00,26.4,86,6.91,0.0
2024-08-25 23:00:00,26.3,86,7.23,0.0
2024-08-26 00:00:00,26.3,87,7.42,0.0
2024-08-26 01:00:00,26.9,83,7.53,0.0
2024-08-26 02:00:00,27.0,81,7.55,0.0
2024-08-26 03:00:00,26.9,83,7.79,0.0
2024-08-26 04:00:00,26.7,86,7.41,0.0
2024-08-26 05:00:00,26.9,84,7.77,0.0
2024-08-26 06:00:00,26.6,84,7.45,0.0
2024-08-26 07:00:00,26.5,85,7.26,22.0
2024-08-26 08:00:00,25.7,88,6.8,52.0
2024-08-26 09:00:00,25.4,93,6.79,65.0
2024-08-26 10:00:00,26.0,90,5.41,144.0
2024-08-26 11:00:00,25.7,90,6.5,156.0
2024-08-26 12:00:00,25.6,89,6.58,155.0
2024-08-26 13:00:00,26.0,92,6.83,240.0
2024-08-26 14:00:00,26.2,87,7.49,256.0
2024-08-26 15:00:00,26.9,87,7.06,250.0
2024-08-26 16:00:00,26.7,87,6.78,192.0
2024-08-26 17:00:00,27.0,85,7.18,129.0
2024-08-26 18:00:00,26.4,87,7.26,63.0
2024-08-26 19:00:00,26.5,86,6.84,5.0
2024-08-26 20:00:00,25.2,87,6.53,0.0
2024-08-26 21:00:00,25.5,89,6.54,0.0
2024-08-26 22:00:00,25.1,92,6.16,0.0
2024-08-26 23:00:00,24.4,91,6.8,0.0
2024-08-27 00:00:00,25.0,92,6.77,0.0
2024-08-27 01:00:00,24.9,92,5.92,0.0
2024-08-27 02:00:00,25.0,89,6.23,0.0
2024-08-27 03:00:00,24.9,91,6.79,0.0
2024-08-27 04:00:00,25.6,88,7.67,0.0
2024-08-27 05:00:00,24.8,92,6.74,0.0
2024-08-27 06:00:00,25.4,91,7.64,0.0
2024-08-27 07:00:00,26.3,86,7.62,42.0
2024-08-27 08:00:00,26.5,84,8.14,193.0
2024-08-27 09:00:00,26.3,85,7.53,326.0
2024-08-27 10:00:00,27.3,80,8.63,445.0
2024-08-27 11:00:00,26.7,84,8.13,502.0
2024-08-27 12:00:00,27.6,82,7.5,624.0
2024-08-27 13:00:00,27.0,83,6.89,578.0
2024-08-27 14:00:00,27.4,79,7.8,657.0
2024-08-27 15:00:00,26.8,82,7.16,425.0
2024-08-27 16:00:00,26.7,83,7.14,411.0
2024-08-27 17:00:00,26.7,86,6.38,166.0
2024-08-27 18:00:00,26.0,88,6.72,93.0
2024-08-27 19:00:00,25.7,91,6.17,5.0
2024-08-27 20:00:00,25.8,89,6.13,0.0
2024-08-27 21:00:00,25.9,88,5.99,0.0
2024-08-27 22:00:00,25.4,91,5.82,0.0
2024-08-27 23:00:00,25.1,92,5.85,0.0
2024-08-28 00:00:00,25.2,91,6.41,0.0
2024-08-28 01:00:00,25.1,90,5.92,0.0
2024-08-28 02:00:00,25.8,88,6.15,0.0
2024-08-28 03:00:00,25.4,90,6.26,0.0
2024-08-28 04:00:00,26.1,89,7.28,0.0
2024-08-28 05:00:00,26.5,85,7.64,0.0
2024-08-28 06:00:00,26.3,86,7.92,0.0
2024-08-28 07:00:00,26.2,89,6.93,27.0
2024-08-28 08:00:00,26.2,89,6.72,75.0
2024-08-28 09:00:00,28.2,83,7.71,314.0
2024-08-28 10:00:00,28.4,82,7.26,439.0
2024-08-28 11:00:00,28.0,78,8.41,334.0
2024-08-28 12:00:00,28.8,79,8.32,606.0
2024-08-28 13:00:00,28.9,80,8.6,796.0
2024-08-28 14:00:00,28.4,78,8.9,748.0
2024-08-28 15:00:00,28.6,78,8.41,532.0
2024-08-28 16:00:00,27.9,81,7.31,315.0
2024-08-28 17:00:00,28.0,78,8.46,253.0
2024-08-28 18:00:00,27.0,81,5.73,76.0
2024-08-28 19:00:00,26.5,82,6.47,5.0
2024-08-28 20:00:00,25.9,87,5.05,0.0
2024-08-28 21:00:00,26.1,89,5.36,0.0
2024-08-28 22:00:00,25.4,92,5.86,0.0
2024-08-28 23:00:00,25.9,90,4.94,0.0
2024-08-29 00:00:00,26.2,87,6.02,0.0
2024-08-29 01:00:00,26.8,86,6.3,0.0
2024-08-29 02:00:00,26.4,87,6.38,0.0
2024-08-29 03:00:00,26.3,88,6.22,0.0
2024-08-29 04:00:00,26.7,86,6.18,0.0
2024-08-29 05:00:00,26.7,85,6.31,0.0
2024-08-29 06:00:00,26.7,87,5.95,0.0
2024-08-29 07:00:00,27.2,84,6.09,55.0
2024-08-29 08:00:00,27.5,81,6.65,210.0
2024-08-29 09:00:00,28.1,82,5.97,316.0
2024-08-29 10:00:00,28.4,80,6.44,490.0
2024-08-29 11:00:00,28.8,79,6.65,632.0
2024-08-29 12:00:00,28.7,81,6.79,725.0
2024-08-29 13:00:00,29.0,79,7.02,803.0
2024-08-29 14:00:00,28.4,81,6.9,529.0
2024-08-29 15:00:00,28.2,82,6.3,339.0
2024-08-29 16:00:00,28.4,81,6.34,437.0
2024-08-29 17:00:00,27.2,85,6.4,299.0
2024-08-29 18:00:00,27.3,82,5.2,49.0
2024-08-29 19:00:00,26.7,85,4.14,3.0
2024-08-29 20:00:00,27.3,87,4.58,0.0
2024-08-29 21:00:00,26.9,86,4.89,0.0
2024-08-29 22:00:00,26.1,91,4.14,0.0
2024-08-29 23:00:00,26.3,88,4.24,0.0
2024-08-30 00:00:00,25.2,93,3.79,0.0
2024-08-30 01:00:00,25.4,92,4.36,0.0
2024-08-30 02:00:00,25.5,91,3.92,0.0
2024-08-30 03:00:00,25.3,94,4.1,0.0
2024-08-30 04:00:00,25.5,93,3.67,0.0
2024-08-30 05:00:00,25.7,91,3.89,0.0
2024-08-30 06:00:00,25.7,94,3.14,0.0
2024-08-30 07:00:00,26.2,91,4.07,42.0
2024-08-30 08:00:00,27.0,86,4.74,222.0
2024-08-30 09:00:00,27.2,85,4.58,332.0
2024-08-30 10:00:00,27.8,83,4.89,484.0
2024-08-30 11:00:00,28.3,83,5.02,599.0
2024-08-30 12:00:00,28.6,80,5.26,807.0
2024-08-30 13:00:00,28.8,79,5.28,616.0
2024-08-30 14:00:00,29.0,78,5.38,778.0
2024-08-30 15:00:00,28.7,79,5.2,627.0
2024-08-30 16:00:00,28.4,79,5.49,483.0
2024-08-30 17:00:00,28.0,79,5.22,261.0
2024-08-30 18:00:00,27.5,80,3.89,78.0
2024-08-30 19:00:00,27.1,81,3.55,5.0
2024-08-30 20:00:00,27.0,82,3.11,0.0
2024-08-30 21:00:00,26.8,83,2.95,0.0
2024-08-30 22:00:00,26.7,83,2.91,0.0
2024-08-30 23:00:00,26.2,86,2.86,0.0
2024-08-31 00:00:00,26.0,88,2.66,0.0
2024-08-31 01:00:00,25.6,91,2.5,0.0
2024-08-31 02:00:00,25.7,90,2.39,0.0
2024-08-31 03:00:00,25.7,91,2.01,0.0
2024-08-31 04:00:00,25.3,92,2.7,0.0
2024-08-31 05:00:00,25.5,93,2.42,0.0
2024-08-31 06:00:00,25.8,91,1.08,0.0
2024-08-31 07:00:00,26.5,90,2.15,43.0
2024-08-31 08:00:00,27.2,83,2.56,201.0
2024-08-31 09:00:00,27.1,80,3.38,393.0
2024-08-31 10:00:00,27.8,82,2.01,395.0
2024-08-31 11:00:00,28.6,78,2.64,643.0
2024-08-31 12:00:00,28.9,78,3.23,697.0
2024-08-31 13:00:00,28.7,80,3.04,694.0
2024-08-31 14:00:00,28.5,80,2.95,580.0
2024-08-31 15:00:00,28.5,78,3.58,517.0
2024-08-31 16:00:00,28.0,79,3.23,268.0
2024-08-31 17:00:00,28.0,79,2.96,153.0
2024-08-31 18:00:00,27.5,82,2.75,106.0
2024-08-31 19:00:00,27.0,83,1.84,5.0
2024-08-31 20:00:00,26.8,84,1.71,0.0
2024-08-31 21:00:00,26.7,85,1.92,0.0
2024-08-31 22:00:00,26.3,87,1.36,0.0
2024-08-31 23:00:00,26.0,90,1.53,0.0
2024-09-01 00:00:00,26.3,87,1.5,0.0
2024-09-01 01:00:00,26.1,90,1.8,0.0
2024-09-01 02:00:00,25.6,91,1.22,0.0
2024-09-01 03:00:00,25.4,91,1.34,0.0
2024-09-01 04:00:00,25.4,92,1.56,0.0
2024-09-01 05:00:00,25.3,93,1.34,0.0
2024-09-01 06:00:00,25.6,90,1.44,0.0
2024-09-01 07:00:00,26.1,87,1.66,39.0
2024-09-01 08:00:00,26.8,83,2.8,154.0
2024-09-01 09:00:00,27.2,83,2.95,265.0
2024-09-01 10:00:00,27.4,82,2.92,301.0
2024-09-01 11:00:00,27.5,82,3.05,389.0
2024-09-01 12:00:00,26.9,83,2.85,204.0
2024-09-01 13:00:00,27.2,80,3.68,229.0
2024-09-01 14:00:00,27.4,83,3.14,367.0
2024-09-01 15:00:00,27.5,83,3.36,340.0
2024-09-01 16:00:00,27.8,79,3.57,285.0
2024-09-01 17:00:00,27.7,79,3.61,104.0
2024-09-01 18:00:00,27.3,84,3.16,48.0
2024-09-01 19:00:00,27.2,83,2.53,2.0
2024-09-01 20:00:00,27.0,84,2.43,0.0
2024-09-01 21:00:00,26.9,85,2.57,0.0
2024-09-01 22:00:00,26.9,86,2.47,0.0
2024-09-01 23:00:00,26.5,88,2.53,0.0
2024-09-02 00:00:00,26.3,90,2.88,0.0
2024-09-02 01:00:00,26.1,90,3.38,0.0
2024-09-02 02:00:00,26.2,89,2.95,0.0
2024-09-02 03:00:00,26.0,88,3.45,0.0
2024-09-02 04:00:00,26.0,88,3.4,0.0
2024-09-02 05:00:00,25.8,90,3.28,0.0
2024-09-02 06:00:00,25.9,91,3.67,0.0
2024-09-02 07:00:00,26.1,91,3.19,7.0
2024-09-02 08:00:00,26.9,89,3.3,97.0
2024-09-02 09:00:00,27.2,86,4.38,165.0
2024-09-02 10:00:00,27.3,83,4.27,177.0
2024-09-02 11:00:00,26.9,88,4.44,159.0
2024-09-02 12:00:00,26.9,88,4.3,184.0
2024-09-02 13:00:00,26.2,90,4.98,188.0
2024-09-02 14:00:00,26.8,85,5.03,268.0
2024-09-02 15:00:00,26.1,90,5.41,117.0
2024-09-02 16:00:00,26.1,91,5.03,69.0
2024-09-02 17:00:00,25.6,93,4.28,40.0
2024-09-02 18:00:00,25.3,92,4.05,16.0
2024-09-02 19:00:00,25.5,93,3.83,0.0
2024-09-02 20:00:00,25.6,92,4.39,0.0
2024-09-02 21:00:00,24.9,94,3.49,0.0
2024-09-02 22:00:00,25.0,94,1.55,0.0
2024-09-02 23:00:00,25.0,94,1.3,0.0
2024-09-03 00:00:00,25.2,93,2.24,0.0
2024-09-03 01:00:00,25.2,93,1.7,0.0
2024-09-03 02:00:00,25.2,93,2.44,0.0
2024-09-03 03:00:00,24.9,93,2.0,0.0
2024-09-03 04:00:00,24.8,94,2.64,0.0
2024-09-03 05:00:00,24.9,94,2.79,0.0
2024-09-03 06:00:00,25.5,91,3.61,0.0
2024-09-03 07:00:00,25.8,92,3.04,13.0
2024-09-03 08:00:00,26.3,88,3.67,50.0
2024-09-03 09:00:00,26.3,86,3.11,198.0
2024-09-03 10:00:00,26.7,85,3.01,216.0
2024-09-03 11:00:00,27.3,84,3.06,445.0
2024-09-03 12:00:00,27.2,82,3.58,404.0
2024-09-03 13:00:00,26.9,85,3.26,386.0
2024-09-03 14:00:00,26.4,86,3.04,352.0
2024-09-03 15:00:00,26.5,86,3.74,213.0
2024-09-03 16:00:00,26.2,87,4.44,159.0
2024-09-03 17:00:00,26.1,88,4.02,104.0
2024-09-03 18:00:00,26.3,87,4.03,41.0
2024-09-03 19:00:00,26.2,88,2.93,2.0
2024-09-03 20:00:00,26.0,91,3.13,0.0
2024-09-03 21:00:00,26.1,90,3.18,0.0
2024-09-03 22:00:00,25.4,93,3.31,0.0
2024-09-03 23:00:00,26.0,89,2.26,0.0
2024-09-04 00:00:00,25.8,89,3.24,0.0
2024-09-04 01:00:00,25.4,92,3.72,0.0
2024-09-04 02:00:00,25.3,91,3.38,0.0
2024-09-04 03:00:00,25.4,92,3.36,0.0
2024-09-04 04:00:00,25.4,94,3.22,0.0
2024-09-04 05:00:00,25.4,94,2.28,0.0
2024-09-04 06:00:00,26.2,89,3.88,0.0
2024-09-04 07:00:00,25.8,88,4.28,44.0
2024-09-04 08:00:00,26.8,86,4.03,142.0
2024-09-04 09:00:00,27.3,83,4.41,250.0
2024-09-04 10:00:00,27.8,81,4.59,540.0
2024-09-04 11:00:00,27.9,81,4.59,632.0
2024-09-04 12:00:00,27.8,83,4.4,528.0
2024-09-04 13:00:00,28.3,79,5.18,678.0
2024-09-04 14:00:00,28.1,79,5.38,520.0
2024-09-04 15:00:00,26.8,82,4.72,422.0
2024-09-04 16:00:00,25.1,92,3.8,236.0
2024-09-04 17:00:00,26.3,89,3.72,117.0
2024-09-04 18:00:00,26.8,86,3.41,87.0
2024-09-04 19:00:00,25.9,89,4.14,3.0
2024-09-04 20:00:00,25.4,90,3.71,0.0
2024-09-04 21:00:00,25.4,92,1.7,0.0
2024-09-04 22:00:00,25.5,92,3.37,0.0
2024-09-04 23:00:00,25.3,93,2.3,0.0
2024-09-05 00:00:00,25.2,93,2.92,0.0
2024-09-05 01:00:00,25.6,91,3.68,0.0
2024-09-05 02:00:00,25.4,92,4.24,0.0
2024-09-05 03:00:00,25.3,91,4.0,0.0
2024-09-05 04:00:00,25.6,91,4.14,0.0
2024-09-05 05:00:00,25.6,90,4.12,0.0
2024-09-05 06:00:00,25.8,90,4.7,0.0
2024-09-05 07:00:00,26.3,89,4.5,27.0
2024-09-05 08:00:00,26.4,90,4.7,110.0
2024-09-05 09:00:00,27.4,84,4.6,340.0
2024-09-05 10:00:00,26.9,83,5.02,496.0
2024-09-05 11:00:00,28.2,80,4.61,472.0
2024-09-05 12:00:00,27.8,82,5.53,690.0
2024-09-05 13:00:00,28.3,81,5.45,712.0
2024-09-05 14:00:00,27.4,81,6.51,606.0
2024-09-05 15:00:00,27.1,82,5.91,362.0
2024-09-05 16:00:00,26.8,85,6.2,317.0
2024-09-05 17:00:00,27.0,86,5.33,228.0
2024-09-05 18:00:00,25.6,94,6.5,22.0
2024-09-05 19:00:00,25.7,92,4.33,1.0
2024-09-05 20:00:00,25.9,91,4.5,0.0
2024-09-05 21:00:00,25.8,90,3.93,0.0
2024-09-05 22:00:00,25.7,93,3.81,0.0
2024-09-05 23:00:00,25.6,91,3.3,0.0
2024-09-06 00:00:00,25.1,92,2.79,0.0
2024-09-06 01:00:00,25.4,91,2.55,0.0
2024-09-06 02:00:00,25.2,92,3.13,0.0
2024-09-06 03:00:00,25.4,92,3.11,0.0
2024-09-06 04:00:00,25.4,91,3.42,0.0
2024-09-06 05:00:00,25.6,92,2.92,0.0
2024-09-06 06:00:00,25.7,91,3.13,0.0
2024-09-06 07:00:00,25.8,91,3.6,30.0
2024-09-06 08:00:00,26.7,86,3.26,187.0
2024-09-06 09:00:00,27.5,81,4.27,396.0
2024-09-06 10:00:00,26.8,86,3.07,418.0
2024-09-06 11:00:00,27.0,85,3.98,474.0
2024-09-06 12:00:00,27.7,83,4.53,604.0
2024-09-06 13:00:00,28.4,79,4.97,674.0
2024-09-06 14:00:00,28.1,81,5.55,670.0
2024-09-06 15:00:00,27.7,80,5.91,531.0
2024-09-06 16:00:00,26.9,85,5.45,370.0
2024-09-06 17:00:00,26.9,84,4.8,200.0
2024-09-06 18:00:00,26.7,85,4.51,83.0
2024-09-06 19:00:00,26.5,87,3.73,2.0
2024-09-06 20:00:00,26.5,86,3.0,0.0
2024-09-06 21:00:00,26.5,86,3.0,0.0
2024-09-06 22:00:00,26.5,84,2.93,0.0
2024-09-06 23:00:00,26.2,87,2.8,0.0
2024-09-07 00:00:00,25.7,89,2.69,0.0
2024-09-07 01:00:00,25.8,90,2.2,0.0
2024-09-07 02:00:00,25.6,90,2.21,0.0
2024-09-07 03:00:00,25.4,90,2.22,0.0
2024-09-07 04:00:00,25.3,91,2.2,0.0
2024-09-07 05:00:00,25.2,93,2.02,0.0
2024-09-07 06:00:00,25.8,89,2.18,0.0
2024-09-07 07:00:00,25.5,93,2.92,52.0
2024-09-07 08:00:00,26.9,86,2.53,187.0
2024-09-07 09:00:00,26.2,87,3.04,337.0
2024-09-07 10:00:00,26.6,86,2.96,377.0
2024-09-07 11:00:00,27.8,82,3.0,564.0
2024-09-07 12:00:00,28.3,79,4.02,683.0
2024-09-07 13:00:00,28.2,77,4.79,647.0
2024-09-07 14:00:00,27.6,83,4.59,647.0
2024-09-07 15:00:00,28.1,80,4.56,596.0
2024-09-07 16:00:00,27.5,82,4.42,344.0
2024-09-07 17:00:00,26.9,83,3.96,231.0
2024-09-07 18:00:00,26.8,84,3.16,90.0
2024-09-07 19:00:00,26.1,88,2.66,2.0
2024-09-07 20:00:00,26.0,88,3.89,0.0
2024-09-07 21:00:00,25.4,90,2.34,0.0
2024-09-07 22:00:00,25.3,93,1.49,0.0
2024-09-07 23:00:00,25.5,93,1.8,0.0
2024-09-08 00:00:00,25.2,94,2.55,0.0
2024-09-08 01:00:00,25.2,93,2.59,0.0
2024-09-08 02:00:00,25.5,92,1.8,0.0
2024-09-08 03:00:00,24.9,94,1.84,0.0
2024-09-08 04:00:00,25.0,93,2.16,0.0
2024-09-08 05:00:00,25.1,93,1.97,0.0
2024-09-08 06:00:00,25.3,92,1.58,0.0
2024-09-08 07:00:00,25.4,92,2.47,39.0
2024-09-08 08:00:00,25.8,88,2.68,128.0
2024-09-08 09:00:00,27.0,84,1.84,323.0
2024-09-08 10:00:00,27.5,83,2.12,418.0
2024-09-08 11:00:00,28.3,78,3.5,636.0
2024-09-08 12:00:00,28.1,81,3.22,587.0
2024-09-08 13:00:00,28.6,79,3.72,785.0
2024-09-08 14:00:00,28.7,77,3.96,736.0
2024-09-08 15:00:00,28.0,80,4.14,578.0
2024-09-08 16:00:00,28.2,79,3.91,483.0
2024-09-08 17:00:00,27.6,80,3.77,267.0
2024-09-08 18:00:00,27.1,83,2.94,86.0
2024-09-08 19:00:00,26.5,86,2.88,2.0
2024-09-08 20:00:00,26.2,87,2.01,0.0
2024-09-08 21:00:00,26.0,88,1.7,0.0
2024-09-08 22:00:00,25.7,90,1.56,0.0
2024-09-08 23:00:00,25.6,89,1.78,0.0
2024-09-09 00:00:00,25.8,88,2.2,0.0
2024-09-09 01:00:00,25.5,90,2.34,0.0
2024-09-09 02:00:00,25.3,92,1.35,0.0
2024-09-09 03:00:00,25.0,91,1.49,0.0
2024-09-09 04:00:00,25.4,91,1.98,0.0
2024-09-09 05:00:00,25.2,92,1.56,0.0
2024-09-09 06:00:00,25.2,93,1.22,0.0
2024-09-09 07:00:00,25.3,93,1.2,43.0
2024-09-09 08:00:00,26.5,84,1.8,190.0
2024-09-09 09:00:00,27.6,81,1.82,417.0
2024-09-09 10:00:00,28.4,78,2.1,560.0
2024-09-09 11:00:00,28.4,78,3.16,649.0
2024-09-09 12:00:00,28.7,77,3.32,769.0
2024-09-09 13:00:00,28.8,77,3.7,830.0
2024-09-09 14:00:00,28.6,77,4.1,737.0
2024-09-09 15:00:00,28.3,78,4.31,618.0
2024-09-09 16:00:00,27.7,80,4.55,452.0
2024-09-09 17:00:00,27.6,79,4.23,283.0
2024-09-09 18:00:00,27.0,83,2.69,96.0
2024-09-09 19:00:00,26.8,83,1.84,2.0
2024-09-09 20:00:00,26.4,85,1.79,0.0
2024-09-09 21:00:00,26.3,87,2.14,0.0
2024-09-09 22:00:00,26.1,88,1.94,0.0
2024-09-09 23:00:00,25.8,89,1.84,0.0
2024-09-10 00:00:00,25.6,90,1.86,0.0
2024-09-10 01:00:00,25.8,88,2.47,0.0
2024-09-10 02:00:00,25.4,90,1.98,0.0
2024-09-10 03:00:00,25.4,90,2.19,0.0
2024-09-10 04:00:00,25.1,94,1.78,0.0
2024-09-10 05:00:00,25.0,93,2.04,0.0
2024-09-10 06:00:00,25.4,94,1.5,0.0
2024-09-10 07:00:00,25.9,91,0.99,41.0
2024-09-10 08:00:00,26.6,87,1.1,131.0
2024-09-10 09:00:00,27.3,82,1.87,293.0
2024-09-10 10:00:00,27.3,84,2.21,304.0
2024-09-10 11:00:00,27.7,82,2.53,400.0
2024-09-10 12:00:00,28.3,81,3.72,715.0
2024-09-10 13:00:00,28.0,81,4.34,624.0
2024-09-10 14:00:00,28.5,78,4.74,703.0
2024-09-10 15:00:00,27.9,78,4.85,401.0
2024-09-10 16:00:00,27.7,80,4.88,288.0
2024-09-10 17:00:00,27.5,81,4.18,204.0
2024-09-10 18:00:00,27.1,85,3.64,66.0
2024-09-10 19:00:00,26.7,86,3.2,1.0
2024-09-10 20:00:00,26.6,86,3.26,0.0
2024-09-10 21:00:00,26.2,86,3.39,0.0
2024-09-10 22:00:00,25.7,88,3.19,0.0
2024-09-10 23:00:00,25.9,89,2.16,0.0
2024-09-11 00:00:00,25.3,90,2.19,0.0
2024-09-11 01:00:00,25.3,91,2.47,0.0
2024-09-11 02:00:00,25.1,91,2.46,0.0
2024-09-11 03:00:00,24.9,93,2.02,0.0
2024-09-11 04:00:00,25.0,92,2.06,0.0
2024-09-11 05:00:00,24.9,91,2.32,0.0
2024-09-11 06:00:00,24.9,91,2.53,0.0
2024-09-11 07:00:00,25.4,91,2.91,49.0
2024-09-11 08:00:00,26.2,85,2.78,175.0
2024-09-11 09:00:00,27.0,83,3.38,424.0
2024-09-11 10:00:00,27.4,81,3.78,438.0
2024-09-11 11:00:00,28.0,79,3.96,606.0
2024-09-11 12:00:00,27.8,80,4.58,720.0
2024-09-11 13:00:00,27.9,81,4.38,691.0
2024-09-11 14:00:00,28.2,79,4.56,674.0
2024-09-11 15:00:00,28.0,79,4.88,611.0
2024-09-11 16:00:00,27.6,79,5.1,415.0
2024-09-11 17:00:00,26.8,84,5.15,254.0
2024-09-11 18:00:00,26.1,87,4.09,79.0
2024-09-11 19:00:00,26.1,85,3.05,1.0
2024-09-11 20:00:00,26.3,85,3.09,0.0
2024-09-11 21:00:00,26.0,87,2.7,0.0
2024-09-11 22:00:00,25.3,92,3.2,0.0
2024-09-11 23:00:00,25.4,91,2.95,0.0
2024-09-12 00:00:00,25.4,89,2.86,0.0
2024-09-12 01:00:00,25.1,90,3.69,0.0
2024-09-12 02:00:00,25.1,91,3.41,0.0
2024-09-12 03:00:00,25.0,91,3.74,0.0
2024-09-12 04:00:00,25.0,90,3.61,0.0
2024-09-12 05:00:00,24.9,90,3.47,0.0
2024-09-12 06:00:00,25.8,87,3.58,0.0
2024-09-12 07:00:00,25.1,93,3.84,23.0
2024-09-12 08:00:00,26.7,86,3.68,149.0
2024-09-12 09:00:00,26.4,85,4.24,346.0
2024-09-12 10:00:00,27.2,85,3.33,440.0
2024-09-12 11:00:00,28.4,79,4.64,734.0
2024-09-12 12:00:00,28.4,78,4.97,746.0
2024-09-12 13:00:00,27.8,80,4.74,619.0
2024-09-12 14:00:00,28.0,80,4.83,716.0
2024-09-12 15:00:00,27.8,82,4.7,506.0
2024-09-12 16:00:00,27.4,81,4.88,448.0
2024-09-12 17:00:00,27.1,81,4.48,239.0
2024-09-12 18:00:00,26.4,83,2.95,81.0
2024-09-12 19:00:00,26.0,87,2.02,1.0
2024-09-12 20:00:00,26.2,86,2.78,0.0
2024-09-12 21:00:00,25.7,87,2.86,0.0
2024-09-12 22:00:00,25.4,89,2.4,0.0
2024-09-12 23:00:00,25.4,90,1.72,0.0
2024-09-13 00:00:00,25.5,89,2.38,0.0
2024-09-13 01:00:00,25.6,88,3.0,0.0
2024-09-13 02:00:00,25.4,89,3.19,0.0
2024-09-13 03:00:00,25.0,90,3.28,0.0
2024-09-13 04:00:00,24.9,90,2.72,0.0
2024-09-13 05:00:00,24.7,91,2.82,0.0
2024-09-13 06:00:00,24.9,90,3.04,0.0
2024-09-13 07:00:00,24.8,92,2.76,47.0
2024-09-13 08:00:00,26.3,85,3.0,154.0
2024-09-13 09:00:00,25.2,85,3.75,336.0
2024-09-13 10:00:00,27.0,83,3.49,564.0
2024-09-13 11:00:00,26.7,84,3.42,543.0
2024-09-13 12:00:00,27.4,81,4.46,583.0
2024-09-13 13:00:00,28.5,75,5.01,768.0
2024-09-13 14:00:00,28.5,74,5.02,708.0
2024-09-13 15:00:00,28.6,74,5.32,661.0
2024-09-13 16:00:00,28.1,74,5.28,488.0
2024-09-13 17:00:00,27.4,77,4.75,278.0
2024-09-13 18:00:00,27.1,78,3.32,89.0
2024-09-13 19:00:00,26.7,78,3.0,1.0
2024-09-13 20:00:00,26.3,80,2.28,0.0
2024-09-13 21:00:00,26.0,81,2.16,0.0
2024-09-13 22:00:00,25.8,82,2.05,0.0
2024-09-13 23:00:00,25.1,87,2.11,0.0
2024-09-14 00:00:00,24.5,90,2.25,0.0
2024-09-14 01:00:00,24.0,94,3.7,0.0
2024-09-14 02:00:00,24.1,91,2.1,0.0
2024-09-14 03:00:00,24.0,92,2.19,0.0
2024-09-14 04:00:00,24.1,92,2.33,0.0
2024-09-14 05:00:00,23.8,92,2.68,0.0
2024-09-14 06:00:00,24.2,92,3.33,0.0
2024-09-14 07:00:00,24.9,87,2.08,33.0
2024-09-14 08:00:00,24.5,87,3.11,138.0
2024-09-14 09:00:00,25.8,82,3.81,319.0
2024-09-14 10:00:00,25.8,86,4.17,473.0
2024-09-14 11:00:00,26.0,80,3.92,390.0
2024-09-14 12:00:00,26.4,86,2.52,545.0
2024-09-14 13:00:00,25.6,85,3.47,456.0
2024-09-14 14:00:00,26.9,83,2.97,564.0
2024-09-14 15:00:00,27.6,80,4.02,528.0
2024-09-14 16:00:00,27.9,75,4.65,435.0
2024-09-14 17:00:00,27.2,77,3.86,234.0
2024-09-14 18:00:00,24.9,88,3.59,69.0
2024-09-14 19:00:00,25.2,88,2.48,1.0
2024-09-14 20:00:00,24.4,89,2.79,0.0
2024-09-14 21:00:00,24.1,92,1.63,0.0
2024-09-14 22:00:00,24.4,91,1.73,0.0
2024-09-14 23:00:00,24.3,93,2.1,0.0
2024-09-15 00:00:00,24.3,89,1.84,0.0
2024-09-15 01:00:00,23.7,94,1.17,0.0
2024-09-15 02:00:00,23.5,94,1.82,0.0
2024-09-15 03:00:00,23.5,93,1.84,0.0
2024-09-15 04:00:00,23.8,92,1.3,0.0
2024-09-15 05:00:00,23.9,93,2.13,0.0
2024-09-15 06:00:00,23.9,91,1.75,0.0
2024-09-15 07:00:00,24.0,91,1.94,36.0
2024-09-15 08:00:00,23.6,92,1.63,96.0
2024-09-15 09:00:00,24.9,88,1.17,302.0
2024-09-15 10:00:00,26.0,84,2.86,444.0
2024-09-15 11:00:00,26.5,83,3.62,641.0
2024-09-15 12:00:00,27.0,81,3.05,745.0
2024-09-15 13:00:00,27.3,80,3.11,762.0
2024-09-15 14:00:00,27.4,78,3.28,753.0
2024-09-15 15:00:00,27.4,78,3.73,669.0
2024-09-15 16:00:00,27.2,80,3.52,424.0
2024-09-15 17:00:00,27.0,80,3.1,235.0
2024-09-15 18:00:00,26.4,83,2.31,80.0
2024-09-15 19:00:00,25.9,86,1.73,1.0
2024-09-15 20:00:00,25.4,88,1.33,0.0
2024-09-15 21:00:00,24.9,92,1.48,0.0
2024-09-15 22:00:00,24.7,92,1.43,0.0
2024-09-15 23:00:00,24.4,92,1.7,0.0
2024-09-16 00:00:00,24.0,94,1.79,0.0
2024-09-16 01:00:00,24.4,94,1.61,0.0
2024-09-16 02:00:00,24.2,96,1.57,0.0
2024-09-16 03:00:00,24.5,95,1.36,0.0
2024-09-16 04:00:00,24.4,96,1.84,0.0
2024-09-16 05:00:00,24.2,96,2.19,0.0
2024-09-16 06:00:00,24.6,94,1.97,0.0
2024-09-16 07:00:00,25.1,90,2.33,42.0
2024-09-16 08:00:00,26.0,87,2.24,220.0
2024-09-16 09:00:00,26.9,83,2.31,415.0
2024-09-16 10:00:00,27.7,83,2.37,603.0
2024-09-16 11:00:00,28.1,81,2.28,752.0
2024-09-16 12:00:00,28.7,77,2.72,885.0
2024-09-16 13:00:00,28.6,79,3.14,836.0
2024-09-16 14:00:00,28.4,78,3.83,761.0
2024-09-16 15:00:00,28.3,78,4.04,678.0
2024-09-16 16:00:00,27.9,78,4.03,478.0
2024-09-16 17:00:00,27.4,80,3.8,278.0
2024-09-16 18:00:00,27.0,80,2.64,32.0
2024-09-16 19:00:00,26.5,82,2.36,0.0
2024-09-16 20:00:00,26.0,85,2.05,0.0
2024-09-16 21:00:00,25.2,90,1.61,0.0
2024-09-16 22:00:00,24.5,93,1.36,0.0
2024-09-16 23:00:00,23.8,96,0.82,0.0
2024-09-17 00:00:00,23.8,96,0.71,0.0
2024-09-17 01:00:00,23.5,96,1.0,0.0
2024-09-17 02:00:00,23.4,96,1.24,0.0
2024-09-17 03:00:00,23.2,97,1.04,0.0
2024-09-17 04:00:00,23.1,96,1.14,0.0
2024-09-17 05:00:00,23.1,95,0.91,0.0
2024-09-17 06:00:00,23.9,96,1.5,0.0
2024-09-17 07:00:00,24.2,96,1.21,45.0
2024-09-17 08:00:00,25.5,88,0.94,252.0
2024-09-17 09:00:00,26.8,81,1.03,476.0
2024-09-17 10:00:00,27.9,79,1.3,651.0
2024-09-17 11:00:00,28.7,74,2.28,800.0
2024-09-17 12:00:00,28.9,71,3.18,882.0
2024-09-17 13:00:00,28.8,72,3.71,867.0
2024-09-17 14:00:00,28.7,72,3.89,833.0
2024-09-17 15:00:00,28.5,72,4.25,710.0
2024-09-17 16:00:00,28.2,73,4.34,486.0
2024-09-17 17:00:00,27.8,74,3.74,274.0
2024-09-17 18:00:00,27.0,79,2.5,82.0
2024-09-17 19:00:00,26.2,82,1.91,0.0
2024-09-17 20:00:00,26.1,82,2.05,0.0
2024-09-17 21:00:00,26.0,84,1.75,0.0
2024-09-17 22:00:00,25.7,86,2.42,0.0
2024-09-17 23:00:00,25.4,87,1.3,0.0
2024-09-18 00:00:00,24.4,92,1.51,0.0
2024-09-18 01:00:00,24.0,94,1.34,0.0
2024-09-18 02:00:00,24.0,94,0.89,0.0
2024-09-18 03:00:00,23.9,94,1.6,0.0
2024-09-18 04:00:00,23.7,94,1.39,0.0
2024-09-18 05:00:00,23.4,95,1.72,0.0
2024-09-18 06:00:00,23.8,95,2.02,0.0
2024-09-18 07:00:00,24.6,92,2.0,63.0
2024-09-18 08:00:00,26.0,87,2.2,249.0
2024-09-18 09:00:00,27.3,79,1.68,469.0
2024-09-18 10:00:00,28.2,74,1.5,651.0
2024-09-18 11:00:00,28.5,72,2.25,762.0
2024-09-18 12:00:00,28.9,71,2.4,839.0
2024-09-18 13:00:00,29.2,69,2.53,832.0
2024-09-18 14:00:00,29.0,69,3.31,739.0
2024-09-18 15:00:00,28.9,69,3.6,593.0
2024-09-18 16:00:00,28.6,70,3.41,455.0
2024-09-18 17:00:00,28.2,71,2.83,248.0
2024-09-18 18:00:00,27.2,78,1.43,73.0
2024-09-18 19:00:00,26.5,80,1.51,0.0
2024-09-18 20:00:00,25.8,84,1.41,0.0
2024-09-18 21:00:00,25.6,85,1.53,0.0
2024-09-18 22:00:00,25.2,88,1.71,0.0
2024-09-18 23:00:00,25.5,88,1.52,0.0
2024-09-19 00:00:00,25.5,88,1.58,0.0
2024-09-19 01:00:00,25.9,84,1.17,0.0
2024-09-19 02:00:00,26.6,78,0.72,0.0
2024-09-19 03:00:00,26.1,81,0.78,0.0
2024-09-19 04:00:00,24.6,92,1.56,0.0
2024-09-19 05:00:00,25.1,91,1.08,0.0
2024-09-19 06:00:00,25.3,91,1.21,0.0
2024-09-19 07:00:00,25.7,93,1.61,58.0
2024-09-19 08:00:00,26.9,86,1.86,228.0
2024-09-19 09:00:00,28.0,79,1.4,454.0
2024-09-19 10:00:00,28.5,76,1.34,592.0
2024-09-19 11:00:00,28.9,73,2.08,750.0
2024-09-19 12:00:00,29.1,72,2.53,836.0
2024-09-19 13:00:00,29.5,71,3.3,848.0
2024-09-19 14:00:00,29.4,70,3.44,793.0
2024-09-19 15:00:00,28.8,72,3.57,614.0
2024-09-19 16:00:00,28.5,72,3.35,470.0
2024-09-19 17:00:00,28.3,73,2.98,262.0
2024-09-19 18:00:00,27.6,77,2.05,61.0
2024-09-19 19:00:00,26.6,84,1.25,0.0
2024-09-19 20:00:00,26.3,87,1.26,0.0
2024-09-19 21:00:00,26.0,91,1.24,0.0
2024-09-19 22:00:00,26.8,85,0.57,0.0
2024-09-19 23:00:00,26.1,90,0.81,0.0
2024-09-20 00:00:00,25.3,95,0.85,0.0
2024-09-20 01:00:00,25.0,96,1.14,0.0
2024-09-20 02:00:00,24.8,96,1.06,0.0
2024-09-20 03:00:00,24.6,96,1.3,0.0
2024-09-20 04:00:00,24.4,96,1.33,0.0
2024-09-20 05:00:00,24.3,95,1.62,0.0
2024-09-20 06:00:00,23.3,98,4.42,0.0
2024-09-20 07:00:00,24.4,91,1.94,36.0
2024-09-20 08:00:00,25.6,89,2.19,197.0
2024-09-20 09:00:00,26.6,86,2.12,355.0
2024-09-20 10:00:00,27.4,82,1.77,394.0
2024-09-20 11:00:00,28.4,78,2.55,679.0
2024-09-20 12:00:00,28.0,77,2.42,543.0
2024-09-20 13:00:00,28.1,79,2.51,532.0
2024-09-20 14:00:00,28.2,78,3.24,442.0
2024-09-20 15:00:00,27.9,79,3.31,454.0
2024-09-20 16:00:00,27.7,82,2.47,398.0
2024-09-20 17:00:00,27.3,82,2.6,192.0
2024-09-20 18:00:00,27.6,80,1.98,69.0
2024-09-20 19:00:00,26.9,83,1.5,0.0
2024-09-20 20:00:00,26.4,88,1.32,0.0
2024-09-20 21:00:00,26.4,88,1.1,0.0
2024-09-20 22:00:00,27.0,84,0.42,0.0
2024-09-20 23:00:00,26.9,84,0.32,0.0
2024-09-21 00:00:00,25.7,92,0.91,0.0
2024-09-21 01:00:00,25.6,93,0.71,0.0
2024-09-21 02:00:00,25.1,94,0.73,0.0
2024-09-21 03:00:00,25.0,91,0.85,0.0
2024-09-21 04:00:00,23.9,96,1.62,0.0
2024-09-21 05:00:00,23.9,96,1.72,0.0
2024-09-21 06:00:00,25.3,95,1.0,0.0
2024-09-21 07:00:00,25.6,95,1.39,50.0
2024-09-21 08:00:00,26.6,90,1.03,205.0
2024-09-21 09:00:00,27.6,83,0.54,427.0
2024-09-21 10:00:00,28.7,78,1.08,632.0
2024-09-21 11:00:00,29.5,73,2.28,738.0
2024-09-21 12:00:00,29.5,71,2.97,683.0
2024-09-21 13:00:00,29.6,69,3.35,663.0
2024-09-21 14:00:00,29.7,68,3.98,734.0
2024-09-21 15:00:00,29.1,70,4.38,502.0
2024-09-21 16:00:00,29.0,70,4.34,413.0
2024-09-21 17:00:00,28.5,72,3.91,242.0
2024-09-21 18:00:00,27.8,75,2.33,66.0
2024-09-21 19:00:00,27.3,78,1.56,0.0
2024-09-21 20:00:00,27.0,79,1.57,0.0
2024-09-21 21:00:00,26.2,87,1.43,0.0
2024-09-21 22:00:00,25.8,90,1.32,0.0
2024-09-21 23:00:00,25.7,93,0.92,0.0
2024-09-22 00:00:00,25.5,94,1.0,0.0
2024-09-22 01:00:00,25.2,96,1.0,0.0
2024-09-22 02:00:00,25.5,94,0.91,0.0
2024-09-22 03:00:00,25.3,94,1.1,0.0
2024-09-22 04:00:00,25.1,95,0.92,0.0
2024-09-22 05:00:00,25.1,96,1.04,0.0
2024-09-22 06:00:00,25.5,94,0.91,0.0
2024-09-22 07:00:00,26.6,89,1.7,57.0
2024-09-22 08:00:00,27.8,81,2.01,240.0
2024-09-22 09:00:00,28.6,73,3.31,430.0
2024-09-22 10:00:00,29.2,72,3.5,572.0
2024-09-22 11:00:00,29.7,71,3.91,710.0
2024-09-22 12:00:00,29.7,71,4.11,682.0
2024-09-22 13:00:00,29.5,70,4.97,754.0
2024-09-22 14:00:00,28.5,79,4.74,502.0
2024-09-22 15:00:00,28.5,78,5.14,470.0
2024-09-22 16:00:00,28.7,75,5.02,385.0
2024-09-22 17:00:00,28.3,78,4.47,194.0
2024-09-22 18:00:00,28.0,78,3.69,61.0
2024-09-22 19:00:00,27.7,79,3.18,0.0
2024-09-22 20:00:00,27.5,80,2.92,0.0
2024-09-22 21:00:00,27.2,82,2.09,0.0
2024-09-22 22:00:00,27.0,85,1.71,0.0
2024-09-22 23:00:00,26.6,87,1.61,0.0
2024-09-23 00:00:00,26.5,88,1.62,0.0
2024-09-23 01:00:00,26.6,88,2.06,0.0
2024-09-23 02:00:00,26.5,88,2.01,0.0
2024-09-23 03:00:00,26.5,88,1.77,0.0
2024-09-23 04:00:00,26.3,89,1.52,0.0
2024-09-23 05:00:00,26.1,91,1.4,0.0
2024-09-23 06:00:00,26.1,94,0.82,0.0
2024-09-23 07:00:00,26.8,93,1.52,52.0
2024-09-23 08:00:00,27.7,88,1.44,205.0
2024-09-23 09:00:00,28.4,84,2.55,363.0
2024-09-23 10:00:00,28.8,80,3.33,511.0
2024-09-23 11:00:00,28.7,78,3.96,617.0
2024-09-23 12:00:00,28.3,85,3.55,493.0
2024-09-23 13:00:00,28.9,81,4.76,693.0
2024-09-23 14:00:00,28.2,84,4.39,392.0
2024-09-23 15:00:00,27.5,86,4.56,223.0
2024-09-23 16:00:00,27.8,84,4.89,224.0
2024-09-23 17:00:00,27.7,85,4.38,129.0
2024-09-23 18:00:00,27.9,84,4.52,36.0
2024-09-23 19:00:00,27.6,86,3.57,0.0
2024-09-23 20:00:00,27.2,88,2.82,0.0
2024-09-23 21:00:00,27.0,89,2.04,0.0
2024-09-23 22:00:00,26.6,92,1.51,0.0
2024-09-23 23:00:00,26.4,94,1.7,0.0
2024-09-24 00:00:00,25.9,95,1.39,0.0
2024-09-24 01:00:00,25.8,93,0.8,0.0
2024-09-24 02:00:00,25.6,97,1.24,0.0
2024-09-24 03:00:00,25.3,97,1.57,0.0
2024-09-24 04:00:00,25.2,98,1.44,0.0
2024-09-24 05:00:00,24.9,98,1.36,0.0
2024-09-24 06:00:00,25.3,96,1.61,0.0
2024-09-24 07:00:00,25.5,94,2.11,23.0
2024-09-24 08:00:00,25.9,90,2.53,154.0
2024-09-24 09:00:00,25.4,92,2.97,150.0
2024-09-24 10:00:00,26.8,86,2.77,414.0
2024-09-24 11:00:00,28.5,79,2.94,724.0
2024-09-24 12:00:00,28.7,79,3.45,515.0
2024-09-24 13:00:00,29.0,78,4.48,724.0
2024-09-24 14:00:00,28.7,81,5.59,677.0
2024-09-24 15:00:00,28.0,85,5.61,436.0
2024-09-24 16:00:00,28.0,84,6.3,324.0
2024-09-24 17:00:00,27.9,82,5.94,192.0
2024-09-24 18:00:00,26.4,92,3.06,38.0
2024-09-24 19:00:00,26.1,93,2.92,0.0
2024-09-24 20:00:00,26.1,94,2.37,0.0
2024-09-24 21:00:00,25.5,96,2.47,0.0
2024-09-24 22:00:00,25.1,97,2.16,0.0
2024-09-24 23:00:00,24.7,98,1.62,0.0
2024-09-25 00:00:00,24.8,96,0.63,0.0
2024-09-25 01:00:00,24.8,96,0.81,0.0
2024-09-25 02:00:00,24.8,96,1.08,0.0
2024-09-25 03:00:00,24.7,96,1.0,0.0
2024-09-25 04:00:00,24.5,97,2.0,0.0
2024-09-25 05:00:00,24.3,98,2.26,0.0
2024-09-25 06:00:00,26.1,91,3.94,0.0
2024-09-25 07:00:00,26.1,92,3.55,8.0
2024-09-25 08:00:00,26.9,90,3.48,106.0
2024-09-25 09:00:00,27.5,89,3.2,291.0
2024-09-25 10:00:00,28.0,86,2.89,311.0
2024-09-25 11:00:00,26.9,86,4.53,185.0
2024-09-25 12:00:00,26.6,90,4.19,159.0
2024-09-25 13:00:00,26.6,90,4.7,148.0
2024-09-25 14:00:00,27.4,86,5.25,244.0
2024-09-25 15:00:00,27.1,86,5.71,252.0
2024-09-25 16:00:00,26.2,90,4.93,95.0
2024-09-25 17:00:00,26.2,91,4.87,48.0
2024-09-25 18:00:00,26.2,92,1.77,15.0
2024-09-25 19:00:00,25.7,95,1.61,0.0
2024-09-25 20:00:00,25.7,95,1.52,0.0
2024-09-25 21:00:00,25.6,94,1.46,0.0
2024-09-25 22:00:00,25.4,96,1.49,0.0
2024-09-25 23:00:00,25.1,97,0.7,0.0
2024-09-26 00:00:00,24.9,98,1.4,0.0
2024-09-26 01:00:00,24.8,98,1.46,0.0
2024-09-26 02:00:00,24.8,98,0.55,0.0
2024-09-26 03:00:00,24.6,98,1.07,0.0
2024-09-26 04:00:00,24.7,98,0.58,0.0
2024-09-26 05:00:00,24.5,99,1.75,0.0
2024-09-26 06:00:00,25.1,96,0.79,0.0
2024-09-26 07:00:00,25.6,93,0.74,17.0
2024-09-26 08:00:00,25.6,95,1.61,74.0
2024-09-26 09:00:00,25.6,96,1.79,143.0
2024-09-26 10:00:00,25.7,94,2.05,75.0
2024-09-26 11:00:00,25.8,94,2.26,61.0
2024-09-26 12:00:00,26.6,89,2.58,247.0
2024-09-26 13:00:00,26.4,91,2.17,144.0
2024-09-26 14:00:00,26.5,91,1.91,192.0
2024-09-26 15:00:00,26.5,91,3.09,170.0
2024-09-26 16:00:00,26.4,91,4.21,189.0
2024-09-26 17:00:00,26.2,91,4.78,74.0
2024-09-26 18:00:00,25.5,94,3.2,14.0
2024-09-26 19:00:00,25.7,93,2.81,0.0
2024-09-26 20:00:00,25.8,93,2.53,0.0
2024-09-26 21:00:00,25.7,93,4.72,0.0
2024-09-26 22:00:00,25.8,92,4.88,0.0
2024-09-26 23:00:00,25.8,93,5.19,0.0
2024-09-27 00:00:00,25.8,92,5.82,0.0
2024-09-27 01:00:00,25.9,90,5.95,0.0
2024-09-27 02:00:00,25.9,91,6.45,0.0
2024-09-27 03:00:00,25.8,91,6.79,0.0
2024-09-27 04:00:00,26.0,91,6.84,0.0
2024-09-27 05:00:00,25.9,91,7.22,0.0
2024-09-27 06:00:00,25.7,91,6.79,0.0
2024-09-27 07:00:00,25.8,92,7.29,9.0
2024-09-27 08:00:00,26.0,89,7.07,60.0
2024-09-27 09:00:00,26.0,90,6.98,92.0
2024-09-27 10:00:00,26.2,90,7.21,104.0
2024-09-27 11:00:00,26.0,93,7.8,119.0
2024-09-27 12:00:00,26.1,91,7.22,112.0
2024-09-27 13:00:00,26.4,90,7.54,257.0
2024-09-27 14:00:00,26.2,91,6.74,197.0
2024-09-27 15:00:00,26.5,86,6.4,169.0
2024-09-27 16:00:00,26.8,84,6.31,318.0
2024-09-27 17:00:00,26.7,85,5.88,157.0
2024-09-27 18:00:00,25.5,93,7.81,8.0
2024-09-27 19:00:00,25.8,92,6.39,0.0
2024-09-27 20:00:00,25.6,91,5.21,0.0
2024-09-27 21:00:00,25.9,91,5.55,0.0
2024-09-27 22:00:00,26.0,90,4.94,0.0
2024-09-27 23:00:00,25.9,91,4.83,0.0
2024-09-28 00:00:00,26.6,86,4.15,0.0
2024-09-28 01:00:00,26.6,84,3.97,0.0
2024-09-28 02:00:00,26.6,83,4.37,0.0
2024-09-28 03:00:00,26.6,82,4.97,0.0
2024-09-28 04:00:00,26.2,85,4.58,0.0
2024-09-28 05:00:00,26.0,86,3.33,0.0
2024-09-28 06:00:00,26.2,87,3.33,0.0
2024-09-28 07:00:00,26.0,89,3.79,40.0
2024-09-28 08:00:00,26.2,85,4.15,143.0
2024-09-28 09:00:00,27.0,86,3.54,296.0
2024-09-28 10:00:00,27.3,85,3.54,401.0
2024-09-28 11:00:00,28.1,82,4.09,596.0
2024-09-28 12:00:00,27.9,83,4.71,633.0
2024-09-28 13:00:00,27.8,83,4.76,726.0
2024-09-28 14:00:00,27.9,82,4.39,474.0
2024-09-28 15:00:00,27.4,83,4.32,436.0
2024-09-28 16:00:00,27.5,83,4.51,421.0
2024-09-28 17:00:00,26.8,82,4.56,218.0
2024-09-28 18:00:00,25.9,88,2.83,39.0
2024-09-28 19:00:00,25.7,91,2.11,0.0
2024-09-28 20:00:00,25.7,92,2.17,0.0
2024-09-28 21:00:00,25.5,93,1.53,0.0
2024-09-28 22:00:00,24.9,94,1.46,0.0
2024-09-28 23:00:00,25.4,93,1.21,0.0
2024-09-29 00:00:00,25.2,93,1.84,0.0
2024-09-29 01:00:00,25.3,91,2.27,0.0
2024-09-29 02:00:00,25.2,92,1.6,0.0
2024-09-29 03:00:00,25.0,93,1.66,0.0
2024-09-29 04:00:00,25.1,93,1.81,0.0
2024-09-29 05:00:00,25.1,93,1.67,0.0
2024-09-29 06:00:00,25.6,91,2.7,0.0
2024-09-29 07:00:00,26.0,92,2.8,43.0
2024-09-29 08:00:00,26.6,89,2.81,135.0
2024-09-29 09:00:00,27.3,86,3.02,295.0
2024-09-29 10:00:00,28.1,81,3.32,499.0
2024-09-29 11:00:00,28.6,80,3.69,627.0
2024-09-29 12:00:00,27.9,84,4.1,711.0
2024-09-29 13:00:00,28.5,82,3.93,707.0
2024-09-29 14:00:00,28.7,80,4.05,691.0
2024-09-29 15:00:00,28.7,80,3.77,561.0
2024-09-29 16:00:00,27.5,82,3.8,397.0
2024-09-29 17:00:00,27.3,84,2.85,204.0
2024-09-29 18:00:00,27.0,85,1.95,49.0
2024-09-29 19:00:00,26.5,88,1.34,0.0
2024-09-29 20:00:00,26.0,91,1.28,0.0
2024-09-29 21:00:00,26.0,90,1.18,0.0
2024-09-29 22:00:00,26.0,91,0.7,0.0
2024-09-29 23:00:00,25.3,94,0.78,0.0
2024-09-30 00:00:00,25.0,96,0.67,0.0
2024-09-30 01:00:00,25.1,95,0.52,0.0
2024-09-30 02:00:00,24.8,97,0.65,0.0
2024-09-30 03:00:00,24.9,97,0.99,0.0
2024-09-30 04:00:00,24.9,98,1.06,0.0
2024-09-30 05:00:00,24.7,98,0.7,0.0
2024-09-30 06:00:00,25.2,98,0.45,0.0
2024-09-30 07:00:00,25.9,97,1.3,49.0
2024-09-30 08:00:00,26.7,91,1.28,200.0
2024-09-30 09:00:00,27.8,84,0.45,408.0
2024-09-30 10:00:00,28.9,77,0.75,592.0
2024-09-30 11:00:00,29.3,76,2.07,717.0
2024-09-30 12:00:00,29.5,75,2.57,749.0
2024-09-30 13:00:00,29.7,75,3.33,784.0
2024-09-30 14:00:00,29.5,77,3.65,729.0
2024-09-30 15:00:00,29.3,78,3.99,612.0
2024-09-30 16:00:00,28.9,80,4.21,441.0
2024-09-30 17:00:00,28.4,82,3.55,229.0
2024-09-30 18:00:00,27.6,85,3.59,51.0
2024-09-30 19:00:00,27.4,87,3.54,0.0
2024-09-30 20:00:00,27.1,88,2.74,0.0
2024-09-30 21:00:00,26.8,91,2.33,0.0
2024-09-30 22:00:00,26.6,93,2.35,0.0
2024-09-30 23:00:00,26.5,94,2.24,0.0
2024-10-01 00:00:00,26.3,95,2.06,0.0
2024-10-01 01:00:00,26.0,96,1.5,0.0
2024-10-01 02:00:00,25.7,96,1.19,0.0
2024-10-01 03:00:00,25.6,96,1.43,0.0
2024-10-01 04:00:00,25.3,97,1.59,0.0
2024-10-01 05:00:00,25.0,97,1.34,0.0
2024-10-01 06:00:00,25.6,96,1.08,0.0
2024-10-01 07:00:00,25.8,96,1.32,42.0
2024-10-01 08:00:00,27.2,90,1.59,191.0
2024-10-01 09:00:00,29.0,83,2.36,415.0
2024-10-01 10:00:00,30.4,76,1.96,547.0
2024-10-01 11:00:00,31.2,71,1.49,711.0
2024-10-01 12:00:00,31.5,72,2.44,841.0
2024-10-01 13:00:00,31.2,76,3.34,833.0
2024-10-01 14:00:00,30.4,83,4.36,733.0
2024-10-01 15:00:00,30.2,82,4.28,612.0
2024-10-01 16:00:00,29.8,82,4.1,440.0
2024-10-01 17:00:00,29.1,85,3.96,236.0
2024-10-01 18:00:00,28.2,89,3.51,47.0
2024-10-01 19:00:00,27.8,90,3.14,0.0
2024-10-01 20:00:00,27.6,92,2.76,0.0
2024-10-01 21:00:00,27.4,94,1.95,0.0
2024-10-01 22:00:00,26.9,96,1.18,0.0
2024-10-01 23:00:00,26.3,98,1.51,0.0
2024-10-02 00:00:00,26.1,98,1.4,0.0
2024-10-02 01:00:00,26.3,98,1.0,0.0
2024-10-02 02:00:00,26.4,97,1.35,0.0
2024-10-02 03:00:00,26.3,98,1.35,0.0
2024-10-02 04:00:00,26.4,97,1.33,0.0
2024-10-02 05:00:00,26.3,97,1.83,0.0
2024-10-02 06:00:00,26.4,99,0.85,0.0
2024-10-02 07:00:00,26.8,98,0.92,47.0
2024-10-02 08:00:00,28.3,90,0.92,218.0
2024-10-02 09:00:00,29.6,83,0.84,443.0
2024-10-02 10:00:00,30.5,77,0.92,611.0
2024-10-02 11:00:00,30.7,81,2.11,741.0
2024-10-02 12:00:00,30.5,84,2.9,798.0
2024-10-02 13:00:00,30.6,82,3.43,797.0
2024-10-02 14:00:00,29.7,82,2.7,584.0
2024-10-02 15:00:00,29.6,82,3.76,416.0
2024-10-02 16:00:00,28.9,83,4.18,314.0
2024-10-02 17:00:00,28.8,83,2.56,155.0
2024-10-02 18:00:00,27.5,92,0.74,31.0
2024-10-02 19:00:00,27.2,95,0.57,0.0
2024-10-02 20:00:00,26.9,95,1.91,0.0
2024-10-02 21:00:00,26.7,95,1.77,0.0
2024-10-02 22:00:00,26.5,95,1.45,0.0
2024-10-02 23:00:00,26.2,96,1.13,0.0
2024-10-03 00:00:00,25.7,97,1.21,0.0
2024-10-03 01:00:00,25.6,97,1.14,0.0
2024-10-03 02:00:00,25.4,98,0.98,0.0
2024-10-03 03:00:00,25.9,96,1.08,0.0
2024-10-03 04:00:00,25.9,97,0.83,0.0
2024-10-03 05:00:00,26.0,97,0.89,0.0
2024-10-03 06:00:00,26.1,98,0.72,0.0
2024-10-03 07:00:00,27.1,95,0.78,48.0
2024-10-03 08:00:00,27.7,89,1.32,211.0
2024-10-03 09:00:00,28.7,83,1.88,421.0
2024-10-03 10:00:00,29.5,77,2.15,608.0
2024-10-03 11:00:00,29.8,75,2.93,724.0
2024-10-03 12:00:00,30.1,74,3.69,827.0
2024-10-03 13:00:00,29.8,75,4.34,852.0
2024-10-03 14:00:00,29.7,74,4.36,788.0
2024-10-03 15:00:00,29.6,74,4.0,641.0
2024-10-03 16:00:00,29.0,76,3.95,441.0
2024-10-03 17:00:00,28.5,78,3.36,213.0
2024-10-03 18:00:00,27.9,83,2.3,43.0
2024-10-03 19:00:00,27.5,87,1.5,0.0
2024-10-03 20:00:00,26.9,90,1.16,0.0
2024-10-03 21:00:00,26.5,91,1.25,0.0
2024-10-03 22:00:00,26.4,92,1.03,0.0
2024-10-03 23:00:00,25.9,95,1.45,0.0
2024-10-04 00:00:00,25.8,94,1.25,0.0
2024-10-04 01:00:00,25.5,95,1.35,0.0
2024-10-04 02:00:00,25.6,94,1.19,0.0
2024-10-04 03:00:00,26.2,91,0.57,0.0
2024-10-04 04:00:00,25.8,94,0.43,0.0
2024-10-04 05:00:00,25.3,96,0.7,0.0
2024-10-04 06:00:00,25.4,96,1.25,0.0
2024-10-04 07:00:00,26.7,90,0.92,52.0
2024-10-04 08:00:00,26.9,88,0.18,150.0
2024-10-04 09:00:00,27.9,86,0.92,401.0
2024-10-04 10:00:00,28.5,83,1.55,485.0
2024-10-04 11:00:00,29.3,79,2.07,701.0
2024-10-04 12:00:00,29.5,78,3.01,815.0
2024-10-04 13:00:00,29.4,77,3.61,773.0
2024-10-04 14:00:00,29.4,76,3.74,733.0
2024-10-04 15:00:00,29.3,75,3.98,619.0
2024-10-04 16:00:00,28.9,75,4.0,435.0
2024-10-04 17:00:00,28.4,77,3.45,228.0
2024-10-04 18:00:00,27.7,82,2.27,45.0
2024-10-04 19:00:00,27.3,83,1.9,0.0
2024-10-04 20:00:00,26.9,85,1.73,0.0
2024-10-04 21:00:00,26.4,88,1.43,0.0
2024-10-04 22:00:00,25.7,92,1.77,0.0
2024-10-04 23:00:00,26.0,90,1.12,0.0
2024-10-05 00:00:00,25.5,93,2.1,0.0
2024-10-05 01:00:00,25.0,95,1.08,0.0
2024-10-05 02:00:00,24.8,96,1.1,0.0
2024-10-05 03:00:00,24.8,96,1.19,0.0
2024-10-05 04:00:00,24.6,96,1.42,0.0
2024-10-05 05:00:00,24.3,96,1.39,0.0
2024-10-05 06:00:00,24.8,96,1.42,0.0
2024-10-05 07:00:00,25.2,94,1.27,40.0
2024-10-05 08:00:00,26.1,90,0.65,198.0
2024-10-05 09:00:00,27.2,83,0.6,382.0
2024-10-05 10:00:00,28.4,76,0.42,609.0
2024-10-05 11:00:00,29.3,73,1.17,745.0
2024-10-05 12:00:00,29.5,74,2.3,826.0
2024-10-05 13:00:00,29.3,77,3.26,807.0
2024-10-05 14:00:00,29.0,76,3.61,754.0
2024-10-05 15:00:00,28.7,77,4.1,633.0
2024-10-05 16:00:00,28.5,78,3.34,445.0
2024-10-05 17:00:00,28.0,79,3.11,222.0
2024-10-05 18:00:00,27.2,80,2.4,42.0
2024-10-05 19:00:00,26.9,82,2.01,0.0
2024-10-05 20:00:00,26.5,85,1.77,0.0
2024-10-05 21:00:00,26.0,89,1.45,0.0
2024-10-05 22:00:00,25.6,92,1.57,0.0
2024-10-05 23:00:00,24.9,94,1.19,0.0
2024-10-06 00:00:00,24.5,95,1.46,0.0
2024-10-06 01:00:00,24.5,94,1.3,0.0
2024-10-06 02:00:00,24.5,95,1.07,0.0
2024-10-06 03:00:00,24.4,95,1.19,0.0
2024-10-06 04:00:00,24.4,95,1.39,0.0
2024-10-06 05:00:00,24.3,95,1.57,0.0
2024-10-06 06:00:00,24.8,93,1.26,0.0
2024-10-06 07:00:00,25.3,92,1.9,54.0
2024-10-06 08:00:00,26.6,89,1.91,242.0
2024-10-06 09:00:00,28.3,81,2.09,467.0
2024-10-06 10:00:00,29.7,74,2.5,658.0
2024-10-06 11:00:00,30.8,70,2.69,777.0
2024-10-06 12:00:00,31.3,68,2.9,829.0
2024-10-06 13:00:00,30.9,73,3.0,798.0
2024-10-06 14:00:00,29.7,74,4.97,693.0
2024-10-06 15:00:00,29.9,75,3.76,406.0
2024-10-06 16:00:00,29.3,79,4.32,394.0
2024-10-06 17:00:00,28.9,80,4.59,211.0
2024-10-06 18:00:00,25.3,97,1.18,22.0
2024-10-06 19:00:00,26.0,90,3.59,0.0
2024-10-06 20:00:00,25.8,90,1.53,0.0
2024-10-06 21:00:00,25.6,91,1.07,0.0
2024-10-06 22:00:00,25.7,90,1.59,0.0
2024-10-06 23:00:00,25.4,90,1.67,0.0
2024-10-07 00:00:00,25.2,91,1.52,0.0
2024-10-07 01:00:00,25.1,92,1.59,0.0
2024-10-07 02:00:00,24.9,93,1.54,0.0
2024-10-07 03:00:00,24.9,93,1.81,0.0
2024-10-07 04:00:00,24.9,94,1.88,0.0
2024-10-07 05:00:00,24.8,94,1.98,0.0
2024-10-07 06:00:00,25.4,93,1.72,0.0
2024-10-07 07:00:00,26.1,92,1.97,54.0
2024-10-07 08:00:00,27.7,90,1.8,243.0
2024-10-07 09:00:00,29.3,81,2.3,437.0
2024-10-07 10:00:00,30.5,75,2.33,634.0
2024-10-07 11:00:00,31.2,72,1.8,790.0
2024-10-07 12:00:00,31.5,75,1.57,861.0
2024-10-07 13:00:00,31.6,77,1.58,836.0
2024-10-07 14:00:00,31.2,77,2.96,685.0
2024-10-07 15:00:00,31.0,77,2.63,582.0
2024-10-07 16:00:00,30.5,77,3.36,355.0
2024-10-07 17:00:00,29.9,79,3.81,202.0
2024-10-07 18:00:00,29.2,81,3.43,38.0
2024-10-07 19:00:00,28.9,82,3.72,0.0
2024-10-07 20:00:00,28.6,80,3.76,0.0
2024-10-07 21:00:00,28.0,82,1.96,0.0
2024-10-07 22:00:00,26.8,88,1.43,0.0
2024-10-07 23:00:00,27.6,82,0.3,0.0
2024-10-08 00:00:00,27.7,81,1.0,0.0
2024-10-08 01:00:00,27.4,82,0.6,0.0
2024-10-08 02:00:00,25.6,93,1.32,0.0
2024-10-08 03:00:00,25.3,96,1.0,0.0
2024-10-08 04:00:00,25.2,97,1.95,0.0
2024-10-08 05:00:00,25.8,97,2.32,0.0
2024-10-08 06:00:00,25.7,90,1.21,0.0
2024-10-08 07:00:00,26.6,89,1.9,54.0
2024-10-08 08:00:00,28.0,85,2.86,245.0
2024-10-08 09:00:00,29.4,81,2.8,463.0
2024-10-08 10:00:00,30.4,75,2.45,654.0
2024-10-08 11:00:00,31.2,72,1.85,790.0
2024-10-08 12:00:00,31.8,69,1.23,861.0
2024-10-08 13:00:00,32.2,68,1.25,842.0
2024-10-08 14:00:00,31.8,74,2.8,755.0
2024-10-08 15:00:00,30.7,79,3.9,580.0
2024-10-08 16:00:00,30.1,79,3.9,390.0
2024-10-08 17:00:00,29.7,81,3.62,209.0
2024-10-08 18:00:00,29.0,86,3.01,37.0
2024-10-08 19:00:00,28.6,89,2.65,0.0
2024-10-08 20:00:00,28.2,93,1.42,0.0
2024-10-08 21:00:00,27.4,96,1.32,0.0
2024-10-08 22:00:00,27.4,95,1.35,0.0
2024-10-08 23:00:00,26.7,97,1.65,0.0
2024-10-09 00:00:00,26.7,94,1.25,0.0
2024-10-09 01:00:00,26.6,93,1.18,0.0
2024-10-09 02:00:00,26.7,93,0.92,0.0
2024-10-09 03:00:00,26.5,95,0.78,0.0
2024-10-09 04:00:00,26.5,93,0.95,0.0
2024-10-09 05:00:00,26.2,95,0.84,0.0
2024-10-09 06:00:00,27.2,82,3.49,0.0
2024-10-09 07:00:00,26.6,77,5.26,16.0
2024-10-09 08:00:00,25.4,88,3.55,41.0
2024-10-09 09:00:00,25.6,90,1.69,64.0
2024-10-09 10:00:00,26.3,86,0.46,199.0
2024-10-09 11:00:00,27.3,84,0.65,283.0
2024-10-09 12:00:00,28.2,82,1.24,348.0
2024-10-09 13:00:00,28.9,78,0.81,356.0
2024-10-09 14:00:00,29.1,77,0.99,319.0
2024-10-09 15:00:00,28.8,79,1.27,249.0
2024-10-09 16:00:00,28.3,80,2.05,192.0
2024-10-09 17:00:00,27.9,80,1.86,84.0
2024-10-09 18:00:00,27.0,90,1.77,8.0
2024-10-09 19:00:00,26.0,94,2.33,0.0
2024-10-09 20:00:00,25.5,94,2.45,0.0
2024-10-09 21:00:00,25.4,93,2.56,0.0
2024-10-09 22:00:00,25.3,91,1.92,0.0
2024-10-09 23:00:00,25.1,92,1.62,0.0
2024-10-10 00:00:00,25.1,91,1.35,0.0
2024-10-10 01:00:00,24.5,93,1.17,0.0
2024-10-10 02:00:00,24.7,93,0.99,0.0
2024-10-10 03:00:00,24.4,94,1.14,0.0
2024-10-10 04:00:00,24.9,93,1.26,0.0
2024-10-10 05:00:00,24.4,95,1.25,0.0
2024-10-10 06:00:00,25.3,89,2.28,0.0
2024-10-10 07:00:00,25.3,90,2.36,15.0
2024-10-10 08:00:00,26.4,89,1.96,117.0
2024-10-10 09:00:00,27.8,78,3.33,211.0
2024-10-10 10:00:00,28.1,75,4.42,310.0
2024-10-10 11:00:00,28.5,74,4.0,499.0
2024-10-10 12:00:00,27.7,80,2.11,326.0
2024-10-10 13:00:00,28.9,77,0.25,446.0
2024-10-10 14:00:00,29.7,74,1.16,552.0
2024-10-10 15:00:00,29.4,73,2.74,364.0
2024-10-10 16:00:00,28.8,76,3.36,307.0
2024-10-10 17:00:00,27.5,81,1.7,170.0
2024-10-10 18:00:00,28.0,87,1.22,19.0
2024-10-10 19:00:00,27.6,92,1.88,0.0
2024-10-10 20:00:00,27.4,91,2.64,0.0
2024-10-10 21:00:00,27.0,91,3.54,0.0
2024-10-10 22:00:00,25.4,94,3.06,0.0
2024-10-10 23:00:00,25.5,93,1.03,0.0
2024-10-11 00:00:00,25.7,91,1.61,0.0
2024-10-11 01:00:00,25.5,90,2.66,0.0
2024-10-11 02:00:00,25.2,89,1.99,0.0
2024-10-11 03:00:00,25.2,88,2.03,0.0
2024-10-11 04:00:00,25.0,88,1.81,0.0
2024-10-11 05:00:00,25.0,88,1.59,0.0
2024-10-11 06:00:00,25.4,87,1.84,0.0
2024-10-11 07:00:00,26.0,87,2.48,36.0
2024-10-11 08:00:00,27.3,85,2.29,179.0
2024-10-11 09:00:00,28.8,76,3.35,347.0
2024-10-11 10:00:00,30.0,70,3.52,505.0
2024-10-11 11:00:00,31.0,67,3.54,681.0
2024-10-11 12:00:00,31.4,65,2.48,689.0
2024-10-11 13:00:00,31.5,66,1.45,728.0
2024-10-11 14:00:00,30.9,70,2.07,640.0
2024-10-11 15:00:00,29.4,74,2.02,449.0
2024-10-11 16:00:00,27.9,81,1.26,212.0
2024-10-11 17:00:00,26.8,90,1.6,49.0
2024-10-11 18:00:00,28.0,82,1.27,30.0
2024-10-11 19:00:00,27.6,83,1.27,0.0
2024-10-11 20:00:00,27.0,88,1.64,0.0
2024-10-11 21:00:00,27.1,87,1.23,0.0
2024-10-11 22:00:00,25.6,91,4.35,0.0
2024-10-11 23:00:00,25.1,95,2.37,0.0
2024-10-12 00:00:00,25.3,93,0.7,0.0
2024-10-12 01:00:00,25.2,92,0.9,0.0
2024-10-12 02:00:00,24.9,94,0.99,0.0
2024-10-12 03:00:00,24.7,95,0.8,0.0
2024-10-12 04:00:00,24.6,96,1.15,0.0
2024-10-12 05:00:00,24.3,96,0.86,0.0
2024-10-12 06:00:00,25.0,96,1.58,0.0
2024-10-12 07:00:00,25.7,95,1.59,48.0
2024-10-12 08:00:00,27.1,90,1.69,224.0
2024-10-12 09:00:00,28.6,82,2.4,430.0
2024-10-12 10:00:00,30.0,74,2.8,621.0
2024-10-12 11:00:00,31.0,70,2.62,752.0
2024-10-12 12:00:00,31.4,69,2.35,797.0
2024-10-12 13:00:00,31.4,67,1.71,715.0
2024-10-12 14:00:00,31.0,73,2.5,687.0
2024-10-12 15:00:00,30.2,76,3.2,503.0
2024-10-12 16:00:00,29.2,79,2.18,276.0
2024-10-12 17:00:00,28.6,80,0.51,93.0
2024-10-12 18:00:00,27.9,87,1.3,26.0
2024-10-12 19:00:00,27.8,87,0.95,0.0
2024-10-12 20:00:00,27.2,90,2.75,0.0
2024-10-12 21:00:00,26.7,91,2.26,0.0
2024-10-12 22:00:00,26.4,93,0.99,0.0
2024-10-12 23:00:00,26.1,93,2.12,0.0
2024-10-13 00:00:00,26.0,95,1.14,0.0
2024-10-13 01:00:00,26.1,94,1.33,0.0
2024-10-13 02:00:00,26.3,91,2.25,0.0
2024-10-13 03:00:00,26.2,90,2.63,0.0
2024-10-13 04:00:00,26.0,91,2.29,0.0
2024-10-13 05:00:00,25.8,93,2.17,0.0
2024-10-13 06:00:00,24.8,94,0.5,0.0
2024-10-13 07:00:00,25.6,90,0.63,43.0
2024-10-13 08:00:00,26.7,89,1.03,219.0
2024-10-13 09:00:00,27.9,85,1.27,417.0
2024-10-13 10:00:00,29.2,78,1.42,587.0
2024-10-13 11:00:00,30.1,74,1.8,708.0
2024-10-13 12:00:00,30.5,74,1.66,777.0
2024-10-13 13:00:00,30.6,75,1.69,752.0
2024-10-13 14:00:00,30.2,77,2.07,630.0
2024-10-13 15:00:00,29.4,81,2.51,450.0
2024-10-13 16:00:00,29.1,82,2.39,328.0
2024-10-13 17:00:00,28.5,82,1.71,166.0
2024-10-13 18:00:00,28.4,85,2.36,20.0
2024-10-13 19:00:00,27.8,86,2.48,0.0
2024-10-13 20:00:00,26.9,87,2.4,0.0
2024-10-13 21:00:00,26.1,87,3.02,0.0
2024-10-13 22:00:00,25.7,88,2.75,0.0
2024-10-13 23:00:00,24.9,92,2.66,0.0
2024-10-14 00:00:00,24.8,94,2.82,0.0
2024-10-14 01:00:00,24.6,94,4.09,0.0
2024-10-14 02:00:00,24.3,94,1.15,0.0
2024-10-14 03:00:00,24.7,92,1.57,0.0
2024-10-14 04:00:00,24.2,95,1.02,0.0
2024-10-14 05:00:00,24.3,94,0.7,0.0
2024-10-14 06:00:00,24.4,95,2.46,0.0
2024-10-14 07:00:00,25.0,94,1.71,48.0
2024-10-14 08:00:00,26.3,89,1.47,231.0
2024-10-14 09:00:00,27.8,84,1.65,445.0
2024-10-14 10:00:00,29.3,77,1.5,628.0
2024-10-14 11:00:00,30.5,72,0.91,741.0
2024-10-14 12:00:00,31.4,70,0.0,825.0
2024-10-14 13:00:00,31.6,71,1.23,827.0
2024-10-14 14:00:00,30.6,77,3.61,719.0
2024-10-14 15:00:00,29.7,79,4.0,565.0
2024-10-14 16:00:00,29.0,80,4.44,345.0
2024-10-14 17:00:00,28.5,81,3.84,152.0
2024-10-14 18:00:00,26.3,94,1.59,23.0
2024-10-14 19:00:00,25.3,94,2.62,0.0
2024-10-14 20:00:00,25.4,92,1.9,0.0
2024-10-14 21:00:00,25.3,94,1.67,0.0
2024-10-14 22:00:00,25.3,95,0.87,0.0
2024-10-14 23:00:00,25.0,97,1.01,0.0
2024-10-15 00:00:00,25.1,97,0.97,0.0
2024-10-15 01:00:00,24.8,97,1.05,0.0
2024-10-15 02:00:00,25.5,93,0.67,0.0
2024-10-15 03:00:00,24.9,94,1.05,0.0
2024-10-15 04:00:00,25.2,93,1.03,0.0
2024-10-15 05:00:00,25.2,95,1.39,0.0
2024-10-15 06:00:00,24.4,95,1.87,0.0
2024-10-15 07:00:00,25.1,91,2.35,37.0
2024-10-15 08:00:00,25.9,89,2.39,140.0
2024-10-15 09:00:00,27.1,84,1.94,244.0
2024-10-15 10:00:00,28.1,79,2.15,368.0
2024-10-15 11:00:00,29.2,75,2.21,605.0
2024-10-15 12:00:00,29.6,75,2.5,757.0
2024-10-15 13:00:00,29.2,77,2.09,539.0
2024-10-15 14:00:00,29.1,77,2.65,509.0
2024-10-15 15:00:00,28.9,76,3.3,380.0
2024-10-15 16:00:00,28.5,77,3.12,260.0
2024-10-15 17:00:00,28.1,80,1.9,153.0
2024-10-15 18:00:00,27.7,86,0.96,17.0
2024-10-15 19:00:00,26.9,90,1.9,0.0
2024-10-15 20:00:00,26.4,92,1.72,0.0
2024-10-15 21:00:00,26.0,94,0.99,0.0
2024-10-15 22:00:00,25.8,95,1.0,0.0
2024-10-15 23:00:00,25.6,96,1.2,0.0
2024-10-16 00:00:00,26.6,91,0.78,0.0
2024-10-16 01:00:00,25.6,96,0.93,0.0
2024-10-16 02:00:00,25.8,94,2.38,0.0
2024-10-16 03:00:00,25.4,94,0.85,0.0
2024-10-16 04:00:00,24.8,96,2.66,0.0
2024-10-16 05:00:00,24.7,95,0.9,0.0
2024-10-16 06:00:00,25.5,88,2.55,0.0
2024-10-16 07:00:00,25.9,90,1.17,33.0
2024-10-16 08:00:00,26.5,90,1.82,105.0
2024-10-16 09:00:00,27.2,88,2.44,224.0
2024-10-16 10:00:00,28.6,79,1.8,543.0
2024-10-16 11:00:00,28.8,79,1.22,398.0
2024-10-16 12:00:00,28.8,79,1.17,296.0
2024-10-16 13:00:00,29.8,75,0.59,533.0
2024-10-16 14:00:00,30.7,74,2.37,633.0
2024-10-16 15:00:00,30.3,78,3.26,586.0
2024-10-16 16:00:00,29.3,80,3.47,399.0
2024-10-16 17:00:00,28.7,82,2.92,175.0
2024-10-16 18:00:00,28.2,85,1.79,25.0
2024-10-16 19:00:00,28.0,87,1.97,0.0
2024-10-16 20:00:00,26.4,95,2.44,0.0
2024-10-16 21:00:00,26.1,95,1.52,0.0
2024-10-16 22:00:00,26.0,96,1.15,0.0
2024-10-16 23:00:00,25.7,96,0.68,0.0
2024-10-17 00:00:00,25.6,97,0.85,0.0
2024-10-17 01:00:00,25.5,96,0.87,0.0
2024-10-17 02:00:00,25.3,96,1.15,0.0
2024-10-17 03:00:00,25.8,94,1.26,0.0
2024-10-17 04:00:00,25.8,95,1.48,0.0
2024-10-17 05:00:00,25.4,97,1.31,0.0
2024-10-17 06:00:00,26.3,96,2.75,0.0
2024-10-17 07:00:00,26.5,93,2.48,15.0
2024-10-17 08:00:00,26.6,91,2.39,50.0
2024-10-17 09:00:00,26.5,94,2.6,58.0
2024-10-17 10:00:00,26.9,92,1.55,94.0
2024-10-17 11:00:00,27.4,89,1.67,181.0
2024-10-17 12:00:00,28.3,86,1.52,380.0
2024-10-17 13:00:00,28.4,85,0.8,267.0
2024-10-17 14:00:00,29.0,81,2.11,352.0
2024-10-17 15:00:00,28.6,82,2.8,211.0
2024-10-17 16:00:00,28.5,84,3.41,302.0
2024-10-17 17:00:00,28.0,84,2.61,171.0
2024-10-17 18:00:00,28.3,89,2.73,25.0
2024-10-17 19:00:00,27.9,91,1.98,0.0
2024-10-17 20:00:00,27.9,90,3.18,0.0
2024-10-17 21:00:00,27.6,91,2.8,0.0
2024-10-17 22:00:00,27.3,92,1.4,0.0
2024-10-17 23:00:00,26.7,95,1.17,0.0
2024-10-18 00:00:00,26.3,95,1.28,0.0
2024-10-18 01:00:00,26.1,95,1.55,0.0
2024-10-18 02:00:00,26.8,93,0.92,0.0
2024-10-18 03:00:00,25.7,97,1.97,0.0
2024-10-18 04:00:00,26.0,93,1.46,0.0
2024-10-18 05:00:00,25.7,93,1.3,0.0
2024-10-18 06:00:00,25.9,92,0.9,0.0
2024-10-18 07:00:00,26.9,89,0.91,30.0
2024-10-18 08:00:00,28.0,86,1.74,120.0
2024-10-18 09:00:00,29.0,76,3.12,261.0
2024-10-18 10:00:00,30.1,73,2.72,473.0
2024-10-18 11:00:00,31.0,70,3.22,615.0
2024-10-18 12:00:00,31.9,67,2.42,667.0
2024-10-18 13:00:00,31.7,70,2.02,659.0
2024-10-18 14:00:00,30.6,76,3.35,626.0
2024-10-18 15:00:00,29.8,78,2.37,404.0
2024-10-18 16:00:00,29.1,79,3.31,255.0
2024-10-18 17:00:00,28.3,83,2.47,96.0
2024-10-18 18:00:00,28.3,82,2.67,20.0
2024-10-18 19:00:00,26.8,87,2.04,0.0
2024-10-18 20:00:00,25.8,93,2.04,0.0
2024-10-18 21:00:00,25.0,95,3.15,0.0
2024-10-18 22:00:00,24.7,92,3.71,0.0
2024-10-18 23:00:00,24.8,91,2.05,0.0
2024-10-19 00:00:00,24.5,94,2.39,0.0
2024-10-19 01:00:00,24.4,94,2.05,0.0
2024-10-19 02:00:00,24.0,96,0.8,0.0
2024-10-19 03:00:00,24.1,96,1.19,0.0
2024-10-19 04:00:00,24.2,96,1.22,0.0
2024-10-19 05:00:00,24.1,96,1.45,0.0
2024-10-19 06:00:00,24.8,95,0.95,0.0
2024-10-19 07:00:00,25.5,92,0.74,44.0
2024-10-19 08:00:00,26.5,89,1.13,213.0
2024-10-19 09:00:00,27.9,84,1.05,426.0
2024-10-19 10:00:00,29.0,77,1.5,610.0
2024-10-19 11:00:00,29.4,75,2.0,671.0
2024-10-19 12:00:00,29.9,73,1.78,717.0
2024-10-19 13:00:00,30.1,71,2.65,761.0
2024-10-19 14:00:00,28.3,79,2.48,636.0
2024-10-19 15:00:00,27.8,84,2.5,314.0
2024-10-19 16:00:00,27.7,85,1.36,241.0
2024-10-19 17:00:00,27.5,86,1.52,133.0
2024-10-19 18:00:00,27.1,90,0.49,19.0
2024-10-19 19:00:00,25.8,94,3.03,0.0
2024-10-19 20:00:00,25.5,93,2.11,0.0
2024-10-19 21:00:00,24.8,94,3.35,0.0
2024-10-19 22:00:00,24.6,92,2.83,0.0
2024-10-19 23:00:00,24.6,92,1.55,0.0
2024-10-20 00:00:00,24.3,92,1.93,0.0
2024-10-20 01:00:00,24.3,92,1.36,0.0
2024-10-20 02:00:00,24.0,94,0.76,0.0
2024-10-20 03:00:00,24.3,94,1.72,0.0
2024-10-20 04:00:00,24.1,95,1.48,0.0
2024-10-20 05:00:00,24.2,95,0.9,0.0
2024-10-20 06:00:00,24.5,93,1.48,0.0
2024-10-20 07:00:00,25.2,91,1.5,42.0
2024-10-20 08:00:00,26.5,86,1.11,211.0
2024-10-20 09:00:00,28.0,80,0.85,416.0
2024-10-20 10:00:00,29.1,75,1.55,603.0
2024-10-20 11:00:00,29.6,72,1.9,712.0
2024-10-20 12:00:00,29.7,74,2.05,730.0
2024-10-20 13:00:00,29.8,73,2.27,710.0
2024-10-20 14:00:00,29.4,76,2.12,566.0
2024-10-20 15:00:00,28.3,79,2.16,370.0
2024-10-20 16:00:00,28.4,81,1.36,277.0
2024-10-20 17:00:00,28.0,80,0.49,148.0
2024-10-20 18:00:00,26.5,89,1.48,18.0
2024-10-20 19:00:00,25.9,94,2.02,0.0
2024-10-20 20:00:00,25.3,95,2.24,0.0
2024-10-20 21:00:00,25.1,94,1.39,0.0
2024-10-20 22:00:00,24.9,94,1.75,0.0
2024-10-20 23:00:00,24.7,93,1.42,0.0
2024-10-21 00:00:00,24.6,93,1.72,0.0
2024-10-21 01:00:00,24.6,92,1.23,0.0
2024-10-21 02:00:00,24.1,96,1.99,0.0
2024-10-21 03:00:00,24.0,95,1.59,0.0
2024-10-21 04:00:00,23.9,94,0.36,0.0
2024-10-21 05:00:00,23.9,95,1.01,0.0
2024-10-21 06:00:00,24.8,96,1.34,0.0
2024-10-21 07:00:00,26.1,90,2.08,43.0
2024-10-21 08:00:00,27.0,83,2.19,178.0
2024-10-21 09:00:00,28.1,77,1.72,368.0
2024-10-21 10:00:00,29.3,71,1.12,582.0
2024-10-21 11:00:00,30.0,70,1.46,695.0
2024-10-21 12:00:00,30.4,69,0.97,769.0
2024-10-21 13:00:00,30.0,72,1.76,735.0
2024-10-21 14:00:00,29.7,73,2.43,622.0
2024-10-21 15:00:00,29.5,76,1.55,490.0
2024-10-21 16:00:00,29.1,77,0.92,348.0
2024-10-21 17:00:00,28.6,79,1.3,155.0
2024-10-21 18:00:00,27.9,84,1.28,21.0
2024-10-21 19:00:00,27.2,87,2.46,0.0
2024-10-21 20:00:00,26.6,91,1.98,0.0
2024-10-21 21:00:00,25.6,94,1.67,0.0
2024-10-21 22:00:00,25.1,95,0.71,0.0
2024-10-21 23:00:00,25.4,92,1.65,0.0
2024-10-22 00:00:00,25.1,94,1.64,0.0
2024-10-22 01:00:00,25.0,95,0.99,0.0
2024-10-22 02:00:00,23.9,97,2.27,0.0
2024-10-22 03:00:00,23.6,96,1.27,0.0
2024-10-22 04:00:00,24.0,94,0.74,0.0
2024-10-22 05:00:00,23.6,95,0.9,0.0
2024-10-22 06:00:00,24.8,89,1.32,0.0
2024-10-22 07:00:00,24.5,92,3.06,30.0
2024-10-22 08:00:00,25.3,92,2.47,176.0
2024-10-22 09:00:00,26.9,86,1.7,357.0
2024-10-22 10:00:00,28.4,79,1.3,575.0
2024-10-22 11:00:00,29.6,75,0.76,739.0
2024-10-22 12:00:00,30.3,74,1.14,808.0
2024-10-22 13:00:00,30.2,75,2.47,797.0
2024-10-22 14:00:00,29.7,76,3.11,715.0
2024-10-22 15:00:00,29.3,74,3.42,552.0
2024-10-22 16:00:00,28.6,77,3.41,364.0
2024-10-22 17:00:00,28.2,80,3.26,165.0
2024-10-22 18:00:00,28.1,83,2.35,19.0
2024-10-22 19:00:00,27.1,90,1.03,0.0
2024-10-22 20:00:00,26.6,92,1.05,0.0
2024-10-22 21:00:00,25.9,94,1.03,0.0
2024-10-22 22:00:00,25.6,94,1.15,0.0
2024-10-22 23:00:00,25.3,95,1.21,0.0
2024-10-23 00:00:00,25.0,96,0.97,0.0
2024-10-23 01:00:00,24.7,97,0.75,0.0
2024-10-23 02:00:00,24.6,96,0.93,0.0
2024-10-23 03:00:00,24.3,96,1.19,0.0
2024-10-23 04:00:00,24.3,95,1.71,0.0
2024-10-23 05:00:00,24.2,95,1.24,0.0
2024-10-23 06:00:00,24.8,92,1.93,0.0
2024-10-23 07:00:00,24.9,93,0.6,40.0
2024-10-23 08:00:00,25.9,91,3.02,214.0
2024-10-23 09:00:00,27.1,86,2.67,400.0
2024-10-23 10:00:00,28.8,81,2.16,605.0
2024-10-23 11:00:00,30.1,76,1.91,740.0
2024-10-23 12:00:00,31.2,71,1.4,810.0
2024-10-23 13:00:00,31.4,71,2.02,803.0
2024-10-23 14:00:00,30.7,76,3.34,716.0
2024-10-23 15:00:00,30.2,77,3.69,543.0
2024-10-23 16:00:00,29.3,77,4.11,351.0
2024-10-23 17:00:00,28.8,79,3.72,163.0
2024-10-23 18:00:00,28.3,81,3.35,20.0
2024-10-23 19:00:00,28.0,83,3.31,0.0
2024-10-23 20:00:00,27.7,85,3.29,0.0
2024-10-23 21:00:00,27.5,84,2.64,0.0
2024-10-23 22:00:00,27.3,84,2.23,0.0
2024-10-23 23:00:00,26.5,86,1.46,0.0
2024-10-24 00:00:00,25.7,90,1.7,0.0
2024-10-24 01:00:00,25.5,90,1.34,0.0
2024-10-24 02:00:00,25.3,90,1.79,0.0
2024-10-24 03:00:00,25.1,90,2.02,0.0
2024-10-24 04:00:00,24.9,90,1.84,0.0
2024-10-24 05:00:00,24.5,91,1.63,0.0
2024-10-24 06:00:00,24.9,84,2.06,0.0
2024-10-24 07:00:00,25.5,84,2.09,43.0
2024-10-24 08:00:00,27.0,83,1.8,224.0
2024-10-24 09:00:00,28.9,77,1.79,437.0
2024-10-24 10:00:00,30.5,72,1.2,623.0
2024-10-24 11:00:00,31.8,61,1.03,756.0
2024-10-24 12:00:00,32.5,56,0.86,810.0
2024-10-24 13:00:00,32.3,53,1.43,742.0
2024-10-24 14:00:00,32.2,53,1.39,612.0
2024-10-24 15:00:00,31.7,59,2.3,498.0
2024-10-24 16:00:00,30.7,69,2.69,330.0
2024-10-24 17:00:00,29.7,77,2.62,165.0
2024-10-24 18:00:00,28.5,79,3.84,20.0
2024-10-24 19:00:00,28.3,76,3.85,0.0
2024-10-24 20:00:00,27.8,70,3.65,0.0
2024-10-24 21:00:00,27.6,65,4.15,0.0
2024-10-24 22:00:00,27.3,68,4.0,0.0
2024-10-24 23:00:00,27.1,66,3.06,0.0
2024-10-25 00:00:00,26.1,70,1.99,0.0
2024-10-25 01:00:00,24.4,79,1.97,0.0
2024-10-25 02:00:00,23.7,82,1.9,0.0
2024-10-25 03:00:00,23.4,82,1.7,0.0
2024-10-25 04:00:00,23.0,83,1.73,0.0
2024-10-25 05:00:00,22.6,84,1.52,0.0
2024-10-25 06:00:00,23.3,81,1.45,0.0
2024-10-25 07:00:00,24.4,78,1.74,43.0
2024-10-25 08:00:00,26.0,77,1.8,220.0
2024-10-25 09:00:00,28.0,72,1.55,445.0
2024-10-25 10:00:00,29.5,69,1.12,632.0
2024-10-25 11:00:00,30.6,67,0.45,764.0
2024-10-25 12:00:00,31.1,67,1.2,828.0
2024-10-25 13:00:00,31.0,68,2.5,818.0
2024-10-25 14:00:00,30.6,68,3.01,729.0
2024-10-25 15:00:00,30.3,64,3.39,583.0
2024-10-25 16:00:00,29.8,67,3.47,376.0
2024-10-25 17:00:00,28.9,72,3.12,174.0
2024-10-25 18:00:00,28.3,74,3.29,20.0
2024-10-25 19:00:00,27.6,78,3.32,0.0
2024-10-25 20:00:00,27.0,80,3.06,0.0
2024-10-25 21:00:00,26.5,79,2.88,0.0
2024-10-25 22:00:00,26.3,74,3.06,0.0
2024-10-25 23:00:00,25.5,73,2.28,0.0
2024-10-26 00:00:00,23.9,78,1.7,0.0
2024-10-26 01:00:00,22.9,78,1.7,0.0
2024-10-26 02:00:00,22.5,74,1.93,0.0
2024-10-26 03:00:00,22.5,70,2.24,0.0
2024-10-26 04:00:00,22.4,69,2.34,0.0
2024-10-26 05:00:00,22.2,69,2.27,0.0
2024-10-26 06:00:00,22.1,75,1.44,0.0
2024-10-26 07:00:00,22.9,76,1.74,42.0
2024-10-26 08:00:00,24.7,78,1.87,217.0
2024-10-26 09:00:00,27.3,72,1.46,442.0
2024-10-26 10:00:00,29.4,67,1.37,632.0
2024-10-26 11:00:00,30.9,61,1.43,762.0
2024-10-26 12:00:00,32.0,54,1.5,823.0
2024-10-26 13:00:00,32.5,49,1.43,796.0
2024-10-26 14:00:00,32.5,49,1.78,707.0
2024-10-26 15:00:00,31.1,63,3.89,571.0
2024-10-26 16:00:00,30.1,63,4.55,377.0
2024-10-26 17:00:00,29.3,67,3.9,172.0
2024-10-26 18:00:00,28.4,68,4.03,19.0
2024-10-26 19:00:00,27.8,75,4.48,0.0
2024-10-26 20:00:00,27.6,73,4.72,0.0
2024-10-26 21:00:00,27.3,67,4.29,0.0
2024-10-26 22:00:00,26.7,69,3.71,0.0
2024-10-26 23:00:00,26.4,72,3.27,0.0
2024-10-27 00:00:00,25.8,74,2.47,0.0
2024-10-27 01:00:00,24.8,80,1.82,0.0
2024-10-27 02:00:00,23.5,86,1.8,0.0
2024-10-27 03:00:00,22.9,88,1.68,0.0
2024-10-27 04:00:00,22.6,87,1.49,0.0
2024-10-27 05:00:00,22.1,88,1.5,0.0
2024-10-27 06:00:00,22.7,87,1.23,0.0
2024-10-27 07:00:00,23.7,84,1.68,41.0
2024-10-27 08:00:00,25.5,82,1.11,215.0
2024-10-27 09:00:00,27.9,72,0.79,439.0
2024-10-27 10:00:00,29.8,65,0.58,626.0
2024-10-27 11:00:00,31.0,61,0.89,758.0
2024-10-27 12:00:00,31.6,61,2.06,821.0
2024-10-27 13:00:00,31.3,65,3.54,810.0
2024-10-27 14:00:00,30.8,67,4.19,728.0
2024-10-27 15:00:00,30.3,67,4.42,558.0
2024-10-27 16:00:00,29.9,70,4.35,353.0
2024-10-27 17:00:00,29.0,75,4.04,167.0
2024-10-27 18:00:00,28.2,80,4.04,18.0
2024-10-27 19:00:00,28.0,80,4.42,0.0
2024-10-27 20:00:00,27.7,82,4.41,0.0
2024-10-27 21:00:00,27.0,86,2.61,0.0
2024-10-27 22:00:00,25.3,92,1.52,0.0
2024-10-27 23:00:00,24.8,91,1.48,0.0
2024-10-28 00:00:00,25.4,86,1.17,0.0
2024-10-28 01:00:00,23.9,90,2.26,0.0
2024-10-28 02:00:00,24.2,88,2.01,0.0
2024-10-28 03:00:00,23.8,90,1.47,0.0
2024-10-28 04:00:00,23.7,91,0.92,0.0
2024-10-28 05:00:00,23.1,94,0.6,0.0
2024-10-28 06:00:00,23.7,92,1.05,0.0
2024-10-28 07:00:00,23.8,93,1.89,34.0
2024-10-28 08:00:00,25.6,90,1.66,186.0
2024-10-28 09:00:00,28.3,77,1.59,418.0
2024-10-28 10:00:00,30.1,70,1.09,615.0
2024-10-28 11:00:00,31.3,65,1.44,748.0
2024-10-28 12:00:00,31.8,63,2.22,815.0
2024-10-28 13:00:00,31.6,66,3.22,809.0
2024-10-28 14:00:00,30.9,68,3.63,710.0
2024-10-28 15:00:00,30.3,71,3.62,514.0
2024-10-28 16:00:00,29.9,77,3.69,348.0
2024-10-28 17:00:00,29.3,83,4.05,160.0
2024-10-28 18:00:00,28.3,86,4.49,17.0
2024-10-28 19:00:00,28.0,86,3.24,0.0
2024-10-28 20:00:00,27.5,88,2.12,0.0
2024-10-28 21:00:00,25.7,93,1.75,0.0
2024-10-28 22:00:00,25.9,95,1.44,0.0
2024-10-28 23:00:00,25.7,94,1.16,0.0
2024-10-29 00:00:00,26.0,94,0.85,0.0
2024-10-29 01:00:00,25.1,96,0.56,0.0
2024-10-29 02:00:00,25.0,95,0.41,0.0
2024-10-29 03:00:00,24.8,96,0.45,0.0
2024-10-29 04:00:00,24.6,96,0.9,0.0
2024-10-29 05:00:00,24.5,96,1.03,0.0
2024-10-29 06:00:00,24.9,93,1.79,0.0
2024-10-29 07:00:00,25.5,94,2.17,32.0
2024-10-29 08:00:00,27.0,90,1.46,193.0
2024-10-29 09:00:00,28.6,84,1.2,418.0
2024-10-29 10:00:00,30.0,78,0.78,605.0
2024-10-29 11:00:00,31.1,73,0.82,739.0
2024-10-29 12:00:00,31.2,75,2.4,803.0
2024-10-29 13:00:00,30.6,79,2.77,791.0
2024-10-29 14:00:00,30.2,79,2.65,596.0
2024-10-29 15:00:00,30.5,76,3.3,499.0
2024-10-29 16:00:00,29.7,78,3.81,341.0
2024-10-29 17:00:00,29.2,81,2.75,150.0
2024-10-29 18:00:00,28.3,84,3.01,15.0
2024-10-29 19:00:00,28.0,88,2.16,0.0
2024-10-29 20:00:00,28.0,89,1.66,0.0
2024-10-29 21:00:00,27.2,93,1.42,0.0
2024-10-29 22:00:00,27.3,93,2.2,0.0
2024-10-29 23:00:00,26.4,94,1.77,0.0
2024-10-30 00:00:00,25.5,95,1.51,0.0
2024-10-30 01:00:00,24.9,96,1.35,0.0
2024-10-30 02:00:00,24.5,96,1.16,0.0
2024-10-30 03:00:00,24.4,96,1.22,0.0
2024-10-30 04:00:00,24.2,95,1.08,0.0
2024-10-30 05:00:00,24.1,95,1.16,0.0
2024-10-30 06:00:00,24.7,96,1.19,0.0
2024-10-30 07:00:00,25.3,94,1.79,37.0
2024-10-30 08:00:00,26.6,92,1.66,199.0
2024-10-30 09:00:00,28.5,85,1.52,420.0
2024-10-30 10:00:00,30.1,75,1.42,608.0
2024-10-30 11:00:00,31.4,65,1.25,737.0
2024-10-30 12:00:00,32.3,56,0.82,787.0
2024-10-30 13:00:00,32.7,51,0.35,739.0
2024-10-30 14:00:00,31.7,63,2.26,623.0
2024-10-30 15:00:00,30.7,74,3.17,508.0
2024-10-30 16:00:00,30.3,74,3.25,340.0
2024-10-30 17:00:00,29.5,77,2.76,147.0
2024-10-30 18:00:00,28.6,80,3.36,15.0
2024-10-30 19:00:00,28.2,85,3.46,0.0
2024-10-30 20:00:00,27.7,85,2.4,0.0
2024-10-30 21:00:00,26.8,84,1.47,0.0
2024-10-30 22:00:00,26.2,85,1.57,0.0
2024-10-30 23:00:00,25.5,88,1.46,0.0
2024-10-31 00:00:00,26.8,82,0.81,0.0
2024-10-31 01:00:00,26.4,84,0.86,0.0
2024-10-31 02:00:00,24.7,93,1.32,0.0
2024-10-31 03:00:00,24.6,95,1.08,0.0
2024-10-31 04:00:00,24.4,96,0.91,0.0
2024-10-31 05:00:00,24.1,95,0.79,0.0
2024-10-31 06:00:00,24.9,90,1.62,0.0
2024-10-31 07:00:00,25.6,87,1.87,37.0
2024-10-31 08:00:00,27.5,80,1.36,209.0
2024-10-31 09:00:00,29.6,71,1.26,416.0
2024-10-31 10:00:00,31.0,65,1.19,597.0
2024-10-31 11:00:00,32.0,60,0.76,726.0
2024-10-31 12:00:00,32.4,59,1.2,788.0
2024-10-31 13:00:00,32.1,64,2.42,778.0
2024-10-31 14:00:00,31.6,65,3.49,685.0
2024-10-31 15:00:00,31.2,65,2.8,480.0
2024-10-31 16:00:00,30.5,69,3.52,321.0
2024-10-31 17:00:00,29.6,72,3.55,145.0
2024-10-31 18:00:00,29.4,72,4.06,14.0
2024-10-31 19:00:00,29.1,68,4.23,0.0
2024-10-31 20:00:00,28.8,64,3.82,0.0
2024-10-31 21:00:00,28.6,66,3.65,0.0
2024-10-31 22:00:00,28.1,66,2.15,0.0
2024-10-31 23:00:00,26.6,76,1.48,0.0
2024-11-01 00:00:00,25.8,83,1.54,0.0
2024-11-01 01:00:00,26.2,83,1.57,0.0
2024-11-01 02:00:00,25.7,87,1.98,0.0
2024-11-01 03:00:00,25.7,91,1.45,0.0
2024-11-01 04:00:00,25.5,93,1.54,0.0
2024-11-01 05:00:00,25.3,95,1.86,0.0
2024-11-01 06:00:00,24.5,86,1.3,0.0
2024-11-01 07:00:00,25.6,83,1.22,35.0
2024-11-01 08:00:00,27.2,82,1.08,194.0
2024-11-01 09:00:00,28.9,81,0.76,410.0
2024-11-01 10:00:00,30.4,75,1.49,593.0
2024-11-01 11:00:00,31.1,73,2.26,722.0
2024-11-01 12:00:00,31.3,71,2.28,785.0
2024-11-01 13:00:00,31.2,72,2.23,703.0
2024-11-01 14:00:00,31.1,75,2.95,621.0
2024-11-01 15:00:00,30.4,78,3.91,481.0
2024-11-01 16:00:00,30.2,78,3.71,329.0
2024-11-01 17:00:00,29.5,81,3.59,148.0
2024-11-01 18:00:00,28.9,83,3.9,14.0
2024-11-01 19:00:00,28.6,83,3.86,0.0
2024-11-01 20:00:00,28.3,76,2.95,0.0
2024-11-01 21:00:00,27.2,82,2.0,0.0
2024-11-01 22:00:00,26.2,87,1.41,0.0
2024-11-01 23:00:00,25.8,90,1.17,0.0
2024-11-02 00:00:00,25.5,91,1.25,0.0
2024-11-02 01:00:00,25.2,94,1.22,0.0
2024-11-02 02:00:00,25.0,94,1.42,0.0
2024-11-02 03:00:00,24.4,96,1.38,0.0
2024-11-02 04:00:00,24.6,96,1.08,0.0
2024-11-02 05:00:00,24.2,96,1.36,0.0
2024-11-02 06:00:00,25.0,96,1.39,0.0
2024-11-02 07:00:00,25.1,97,1.97,29.0
2024-11-02 08:00:00,26.3,92,1.69,177.0
2024-11-02 09:00:00,28.7,79,1.61,411.0
2024-11-02 10:00:00,30.8,64,1.37,604.0
2024-11-02 11:00:00,32.1,56,0.83,734.0
2024-11-02 12:00:00,32.8,54,0.14,798.0
2024-11-02 13:00:00,33.1,52,1.32,791.0
2024-11-02 14:00:00,32.0,64,3.27,675.0
2024-11-02 15:00:00,31.3,68,3.46,534.0
2024-11-02 16:00:00,30.7,67,3.59,364.0
2024-11-02 17:00:00,29.6,69,4.09,159.0
2024-11-02 18:00:00,29.0,68,4.85,14.0
2024-11-02 19:00:00,28.7,66,4.81,0.0
2024-11-02 20:00:00,28.5,64,4.58,0.0
2024-11-02 21:00:00,27.9,62,3.16,0.0
2024-11-02 22:00:00,25.7,72,2.33,0.0
2024-11-02 23:00:00,27.1,60,1.7,0.0
2024-11-03 00:00:00,26.2,67,1.62,0.0
2024-11-03 01:00:00,26.6,65,1.35,0.0
2024-11-03 02:00:00,24.5,76,1.64,0.0
2024-11-03 03:00:00,23.2,81,1.86,0.0
2024-11-03 04:00:00,22.4,81,1.64,0.0
2024-11-03 05:00:00,22.3,80,1.6,0.0
2024-11-03 06:00:00,23.3,76,2.06,0.0
2024-11-03 07:00:00,24.4,74,1.97,36.0
2024-11-03 08:00:00,26.6,72,1.95,212.0
2024-11-03 09:00:00,29.4,63,1.65,423.0
2024-11-03 10:00:00,31.8,50,2.51,606.0
2024-11-03 11:00:00,32.9,46,2.77,737.0
2024-11-03 12:00:00,33.9,40,1.88,801.0
2024-11-03 13:00:00,34.2,36,0.42,791.0
2024-11-03 14:00:00,33.0,50,2.75,710.0
2024-11-03 15:00:00,32.0,62,3.47,562.0
2024-11-03 16:00:00,31.3,66,3.53,368.0
2024-11-03 17:00:00,30.0,72,3.82,157.0
2024-11-03 18:00:00,28.7,74,4.61,14.0
2024-11-03 19:00:00,28.2,69,4.04,0.0
2024-11-03 20:00:00,27.8,69,3.94,0.0
2024-11-03 21:00:00,27.3,63,3.18,0.0
2024-11-03 22:00:00,26.6,61,2.41,0.0
2024-11-03 23:00:00,25.8,61,1.9,0.0
2024-11-04 00:00:00,24.1,70,2.4,0.0
2024-11-04 01:00:00,24.7,67,2.02,0.0
2024-11-04 02:00:00,23.5,74,2.54,0.0
2024-11-04 03:00:00,23.0,76,2.27,0.0
2024-11-04 04:00:00,22.8,76,1.74,0.0
2024-11-04 05:00:00,22.9,75,2.16,0.0
2024-11-04 06:00:00,23.3,74,2.35,0.0
2024-11-04 07:00:00,24.2,72,2.51,35.0
2024-11-04 08:00:00,26.5,69,2.31,210.0
2024-11-04 09:00:00,29.3,61,1.88,421.0
2024-11-04 10:00:00,31.6,50,1.9,606.0
2024-11-04 11:00:00,33.0,42,2.15,736.0
2024-11-04 12:00:00,33.9,36,1.63,799.0
2024-11-04 13:00:00,34.1,35,1.66,777.0
2024-11-04 14:00:00,33.8,35,1.75,675.0
2024-11-04 15:00:00,33.7,35,1.76,547.0
2024-11-04 16:00:00,31.2,60,5.46,362.0
2024-11-04 17:00:00,30.1,57,4.85,154.0
2024-11-04 18:00:00,28.9,65,3.42,13.0
2024-11-04 19:00:00,28.4,66,3.91,0.0
2024-11-04 20:00:00,27.9,61,3.75,0.0
2024-11-04 21:00:00,27.6,62,3.42,0.0
2024-11-04 22:00:00,26.2,65,1.96,0.0
2024-11-04 23:00:00,24.9,70,1.72,0.0
2024-11-05 00:00:00,24.6,76,1.63,0.0
2024-11-05 01:00:00,26.1,67,1.38,0.0
2024-11-05 02:00:00,24.0,79,1.76,0.0
2024-11-05 03:00:00,23.1,84,1.94,0.0
2024-11-05 04:00:00,22.8,81,1.42,0.0
2024-11-05 05:00:00,22.7,78,1.84,0.0
2024-11-05 06:00:00,23.9,71,2.85,0.0
2024-11-05 07:00:00,24.3,71,3.22,35.0
2024-11-05 08:00:00,26.4,69,3.25,208.0
2024-11-05 09:00:00,29.5,59,2.77,420.0
2024-11-05 10:00:00,32.0,47,3.32,604.0
2024-11-05 11:00:00,33.5,37,3.65,735.0
2024-11-05 12:00:00,34.0,35,3.01,800.0
2024-11-05 13:00:00,34.2,34,2.2,790.0
2024-11-05 14:00:00,34.3,34,1.45,707.0
2024-11-05 15:00:00,33.9,34,1.63,554.0
2024-11-05 16:00:00,32.8,42,1.66,358.0
2024-11-05 17:00:00,30.4,62,1.28,151.0
2024-11-05 18:00:00,29.1,62,4.38,13.0
2024-11-05 19:00:00,28.8,64,4.27,0.0
2024-11-05 20:00:00,28.4,62,3.89,0.0
2024-11-05 21:00:00,27.8,63,2.85,0.0
2024-11-05 22:00:00,26.6,65,1.83,0.0
2024-11-05 23:00:00,25.0,72,2.73,0.0
2024-11-06 00:00:00,24.5,71,1.86,0.0
2024-11-06 01:00:00,24.7,71,1.49,0.0
2024-11-06 02:00:00,24.7,70,1.41,0.0
2024-11-06 03:00:00,23.8,75,1.6,0.0
2024-11-06 04:00:00,22.5,82,1.98,0.0
2024-11-06 05:00:00,22.0,84,1.57,0.0
2024-11-06 06:00:00,22.9,78,1.67,0.0
2024-11-06 07:00:00,23.7,75,2.31,34.0
2024-11-06 08:00:00,26.2,70,2.16,206.0
2024-11-06 09:00:00,29.1,60,1.89,417.0
2024-11-06 10:00:00,31.5,49,1.62,600.0
2024-11-06 11:00:00,32.9,43,1.13,731.0
2024-11-06 12:00:00,33.7,36,0.21,796.0
2024-11-06 13:00:00,33.7,37,1.61,788.0
2024-11-06 14:00:00,33.3,42,3.02,707.0
2024-11-06 15:00:00,32.4,48,3.83,559.0
2024-11-06 16:00:00,31.5,53,3.96,363.0
2024-11-06 17:00:00,29.9,61,3.78,153.0
2024-11-06 18:00:00,28.9,61,4.18,12.0
2024-11-06 19:00:00,29.0,50,4.9,0.0
2024-11-06 20:00:00,28.7,47,4.92,0.0
2024-11-06 21:00:00,27.7,60,4.32,0.0
2024-11-06 22:00:00,26.9,69,3.43,0.0
2024-11-06 23:00:00,26.2,71,2.65,0.0
2024-11-07 00:00:00,24.7,70,1.94,0.0
2024-11-07 01:00:00,23.7,68,1.97,0.0
2024-11-07 02:00:00,23.0,66,2.22,0.0
2024-11-07 03:00:00,22.7,63,2.33,0.0
2024-11-07 04:00:00,22.3,63,2.05,0.0
2024-11-07 05:00:00,21.6,66,1.84,0.0
2024-11-07 06:00:00,22.3,65,2.27,0.0
2024-11-07 07:00:00,23.0,65,2.67,34.0
2024-11-07 08:00:00,25.3,64,2.8,209.0
2024-11-07 09:00:00,28.4,56,2.37,421.0
2024-11-07 10:00:00,31.0,46,1.69,604.0
2024-11-07 11:00:00,32.4,42,1.42,735.0
2024-11-07 12:00:00,33.2,37,0.63,800.0
2024-11-07 13:00:00,33.5,35,0.92,791.0
2024-11-07 14:00:00,33.5,36,2.27,707.0
2024-11-07 15:00:00,32.5,45,3.72,557.0
2024-11-07 16:00:00,31.4,52,3.74,361.0
2024-11-07 17:00:00,29.7,62,4.47,151.0
2024-11-07 18:00:00,28.5,66,4.1,12.0
2024-11-07 19:00:00,28.1,63,3.87,0.0
2024-11-07 20:00:00,27.8,59,3.51,0.0
2024-11-07 21:00:00,27.0,58,2.85,0.0
2024-11-07 22:00:00,26.5,58,2.9,0.0
2024-11-07 23:00:00,25.8,58,2.04,0.0
2024-11-08 00:00:00,23.7,68,2.2,0.0
2024-11-08 01:00:00,23.2,71,2.24,0.0
2024-11-08 02:00:00,22.5,74,2.06,0.0
2024-11-08 03:00:00,22.4,76,1.77,0.0
2024-11-08 04:00:00,22.2,76,2.41,0.0
2024-11-08 05:00:00,22.4,72,2.73,0.0
2024-11-08 06:00:00,22.7,70,2.68,0.0
2024-11-08 07:00:00,23.4,66,2.86,32.0
2024-11-08 08:00:00,25.5,63,2.75,205.0
2024-11-08 09:00:00,28.3,57,2.57,415.0
2024-11-08 10:00:00,31.0,47,2.05,598.0
2024-11-08 11:00:00,32.5,42,2.16,730.0
2024-11-08 12:00:00,33.5,37,1.65,796.0
2024-11-08 13:00:00,33.8,35,1.5,785.0
2024-11-08 14:00:00,33.6,36,2.15,700.0
2024-11-08 15:00:00,33.5,36,2.56,549.0
2024-11-08 16:00:00,33.1,36,2.33,350.0
2024-11-08 17:00:00,30.4,60,4.77,148.0
2024-11-08 18:00:00,28.7,69,4.56,12.0
2024-11-08 19:00:00,28.4,67,4.2,0.0
2024-11-08 20:00:00,28.1,64,4.05,0.0
2024-11-08 21:00:00,27.8,56,4.05,0.0
2024-11-08 22:00:00,27.5,59,4.25,0.0
2024-11-08 23:00:00,27.2,60,3.59,0.0
2024-11-09 00:00:00,25.7,67,1.73,0.0
2024-11-09 01:00:00,24.0,75,1.85,0.0
2024-11-09 02:00:00,23.2,77,1.92,0.0
2024-11-09 03:00:00,22.7,76,1.69,0.0
2024-11-09 04:00:00,22.6,72,1.77,0.0
2024-11-09 05:00:00,22.0,72,1.78,0.0
2024-11-09 06:00:00,22.7,65,2.22,0.0
2024-11-09 07:00:00,23.3,65,2.85,32.0
2024-11-09 08:00:00,25.8,61,2.94,204.0
2024-11-09 09:00:00,28.7,53,2.77,414.0
2024-11-09 10:00:00,31.0,43,2.89,598.0
2024-11-09 11:00:00,32.6,34,2.96,731.0
2024-11-09 12:00:00,33.4,32,3.51,795.0
2024-11-09 13:00:00,33.7,32,4.09,783.0
2024-11-09 14:00:00,34.0,30,4.04,697.0
2024-11-09 15:00:00,34.1,27,4.28,539.0
2024-11-09 16:00:00,32.2,39,4.43,355.0
2024-11-09 17:00:00,29.8,59,4.98,137.0
2024-11-09 18:00:00,28.6,61,2.97,11.0
2024-11-09 19:00:00,28.1,61,2.89,0.0
2024-11-09 20:00:00,27.7,67,3.22,0.0
2024-11-09 21:00:00,27.4,70,3.04,0.0
2024-11-09 22:00:00,26.9,73,2.82,0.0
2024-11-09 23:00:00,26.2,72,2.55,0.0
2024-11-10 00:00:00,24.9,73,1.82,0.0
2024-11-10 01:00:00,23.4,79,1.56,0.0
2024-11-10 02:00:00,22.5,81,1.6,0.0
2024-11-10 03:00:00,21.7,84,1.89,0.0
2024-11-10 04:00:00,22.3,74,1.75,0.0
2024-11-10 05:00:00,22.2,70,1.91,0.0
2024-11-10 06:00:00,22.6,65,2.36,0.0
2024-11-10 07:00:00,23.1,63,3.0,31.0
2024-11-10 08:00:00,25.3,61,3.05,200.0
2024-11-10 09:00:00,28.5,52,2.76,408.0
2024-11-10 10:00:00,31.2,44,3.0,590.0
2024-11-10 11:00:00,32.8,37,2.66,719.0
2024-11-10 12:00:00,33.6,32,1.46,783.0
2024-11-10 13:00:00,33.7,31,1.35,779.0
2024-11-10 14:00:00,33.5,31,1.95,683.0
2024-11-10 15:00:00,33.2,32,2.44,515.0
2024-11-10 16:00:00,31.8,47,4.4,354.0
2024-11-10 17:00:00,29.9,54,5.13,145.0
2024-11-10 18:00:00,29.0,55,5.38,11.0
2024-11-10 19:00:00,28.8,53,5.65,0.0
2024-11-10 20:00:00,28.4,59,4.99,0.0
2024-11-10 21:00:00,27.7,61,3.94,0.0
2024-11-10 22:00:00,26.6,59,3.05,0.0
2024-11-10 23:00:00,25.7,55,2.55,0.0
2024-11-11 00:00:00,25.5,48,2.97,0.0
2024-11-11 01:00:00,25.3,44,3.28,0.0
2024-11-11 02:00:00,24.9,45,3.4,0.0
2024-11-11 03:00:00,24.3,48,3.3,0.0
2024-11-11 04:00:00,23.9,50,3.09,0.0
2024-11-11 05:00:00,23.5,52,2.73,0.0
2024-11-11 06:00:00,22.9,57,2.33,0.0
2024-11-11 07:00:00,23.3,60,2.64,30.0
2024-11-11 08:00:00,25.6,58,2.7,199.0
2024-11-11 09:00:00,28.5,50,2.72,409.0
2024-11-11 10:00:00,31.0,42,2.9,595.0
2024-11-11 11:00:00,32.4,33,3.11,728.0
2024-11-11 12:00:00,33.0,31,2.6,791.0
2024-11-11 13:00:00,33.3,31,2.51,782.0
2024-11-11 14:00:00,33.3,30,2.62,699.0
2024-11-11 15:00:00,33.1,31,2.42,552.0
2024-11-11 16:00:00,32.2,35,3.16,358.0
2024-11-11 17:00:00,29.8,44,4.76,148.0
2024-11-11 18:00:00,29.0,43,5.21,11.0
2024-11-11 19:00:00,28.4,47,5.71,0.0
2024-11-11 20:00:00,28.2,50,5.11,0.0
2024-11-11 21:00:00,27.4,62,4.68,0.0
2024-11-11 22:00:00,26.8,67,3.61,0.0
2024-11-11 23:00:00,25.9,70,2.09,0.0
2024-11-12 00:00:00,24.6,73,1.51,0.0
2024-11-12 01:00:00,23.8,74,1.64,0.0
2024-11-12 02:00:00,23.5,74,2.31,0.0
2024-11-12 03:00:00,23.2,72,2.28,0.0
2024-11-12 04:00:00,23.0,69,2.47,0.0
2024-11-12 05:00:00,22.6,68,2.67,0.0
2024-11-12 06:00:00,22.3,66,2.47,0.0
2024-11-12 07:00:00,22.7,64,2.84,29.0
2024-11-12 08:00:00,25.0,62,2.82,196.0
2024-11-12 09:00:00,28.0,52,2.82,406.0
2024-11-12 10:00:00,30.5,42,3.47,591.0
2024-11-12 11:00:00,31.9,35,3.72,723.0
2024-11-12 12:00:00,32.8,33,3.06,788.0
2024-11-12 13:00:00,33.3,31,1.98,779.0
2024-11-12 14:00:00,33.5,31,1.54,696.0
2024-11-12 15:00:00,33.2,31,2.2,549.0
2024-11-12 16:00:00,32.4,34,2.74,356.0
2024-11-12 17:00:00,30.0,49,4.98,147.0
2024-11-12 18:00:00,30.7,44,2.2,11.0
2024-11-12 19:00:00,30.1,42,2.14,0.0
2024-11-12 20:00:00,28.8,51,2.82,0.0
2024-11-12 21:00:00,28.0,60,2.55,0.0
2024-11-12 22:00:00,27.4,63,2.06,0.0
2024-11-12 23:00:00,26.7,62,1.77,0.0
2024-11-13 00:00:00,26.2,55,2.61,0.0
2024-11-13 01:00:00,25.4,52,2.94,0.0
2024-11-13 02:00:00,24.7,53,2.67,0.0
2024-11-13 03:00:00,24.4,51,2.59,0.0
2024-11-13 04:00:00,23.9,52,2.54,0.0
2024-11-13 05:00:00,23.4,53,2.43,0.0
2024-11-13 06:00:00,23.4,54,2.44,0.0
2024-11-13 07:00:00,23.6,54,2.69,28.0
2024-11-13 08:00:00,25.2,50,2.38,195.0
2024-11-13 09:00:00,28.4,42,2.2,404.0
2024-11-13 10:00:00,31.2,35,2.4,587.0
2024-11-13 11:00:00,32.9,32,2.6,717.0
2024-11-13 12:00:00,34.2,30,2.25,782.0
2024-11-13 13:00:00,34.8,29,0.76,772.0
2024-11-13 14:00:00,34.7,30,1.33,690.0
2024-11-13 15:00:00,34.0,35,2.71,544.0
2024-11-13 16:00:00,32.5,41,3.49,351.0
2024-11-13 17:00:00,31.1,48,3.2,144.0
2024-11-13 18:00:00,30.2,60,2.38,10.0
2024-11-13 19:00:00,29.1,67,2.8,0.0
2024-11-13 20:00:00,28.6,62,2.74,0.0
2024-11-13 21:00:00,28.1,60,2.34,0.0
2024-11-13 22:00:00,27.5,60,1.76,0.0
2024-11-13 23:00:00,26.7,62,1.24,0.0
2024-11-14 00:00:00,26.0,63,1.42,0.0
2024-11-14 01:00:00,25.6,62,1.59,0.0
2024-11-14 02:00:00,25.1,61,1.88,0.0
2024-11-14 03:00:00,24.4,59,2.06,0.0
2024-11-14 04:00:00,24.0,57,2.24,0.0
2024-11-14 05:00:00,23.7,55,2.27,0.0
2024-11-14 06:00:00,23.0,61,2.06,0.0
2024-11-14 07:00:00,23.2,60,2.37,27.0
2024-11-14 08:00:00,25.2,54,2.7,194.0
2024-11-14 09:00:00,28.8,45,2.09,404.0
2024-11-14 10:00:00,31.8,36,2.43,586.0
2024-11-14 11:00:00,33.6,34,2.47,718.0
2024-11-14 12:00:00,34.9,31,1.61,783.0
2024-11-14 13:00:00,35.4,28,0.35,773.0
2024-11-14 14:00:00,35.4,27,0.99,690.0
2024-11-14 15:00:00,35.2,29,1.64,542.0
2024-11-14 16:00:00,34.3,31,2.19,351.0
2024-11-14 17:00:00,32.6,42,2.6,145.0
2024-11-14 18:00:00,32.5,29,2.95,10.0
2024-11-14 19:00:00,31.0,41,2.96,0.0
2024-11-14 20:00:00,29.5,51,2.1,0.0
2024-11-14 21:00:00,28.8,52,2.16,0.0
2024-11-14 22:00:00,28.1,51,1.86,0.0
2024-11-14 23:00:00,27.5,49,1.03,0.0
2024-11-15 00:00:00,26.9,50,0.76,0.0
2024-11-15 01:00:00,26.6,51,1.16,0.0
2024-11-15 02:00:00,26.0,53,1.16,0.0
2024-11-15 03:00:00,25.5,55,1.22,0.0
2024-11-15 04:00:00,25.2,56,1.25,0.0
2024-11-15 05:00:00,25.1,58,1.41,0.0
2024-11-15 06:00:00,25.5,59,1.7,0.0
2024-11-15 07:00:00,25.9,60,2.06,21.0
2024-11-15 08:00:00,27.8,58,1.65,171.0
2024-11-15 09:00:00,30.6,50,1.83,376.0
2024-11-15 10:00:00,32.3,46,2.13,548.0
2024-11-15 11:00:00,33.5,42,2.1,680.0
2024-11-15 12:00:00,33.9,41,2.11,691.0
2024-11-15 13:00:00,33.8,41,1.83,637.0
2024-11-15 14:00:00,33.5,43,1.81,612.0
2024-11-15 15:00:00,32.2,53,2.93,472.0
2024-11-15 16:00:00,31.3,58,2.82,316.0
2024-11-15 17:00:00,30.3,64,2.7,128.0
2024-11-15 18:00:00,29.6,69,2.19,9.0
2024-11-15 19:00:00,29.1,73,1.43,0.0
2024-11-15 20:00:00,28.8,76,1.3,0.0
2024-11-15 21:00:00,28.4,80,1.45,0.0
2024-11-15 22:00:00,28.0,83,1.28,0.0
2024-11-15 23:00:00,27.5,84,1.26,0.0
2024-11-16 00:00:00,27.2,83,0.79,0.0
2024-11-16 01:00:00,27.0,82,0.72,0.0
2024-11-16 02:00:00,26.7,82,1.01,0.0
2024-11-16 03:00:00,26.3,81,1.2,0.0
2024-11-16 04:00:00,25.9,79,1.56,0.0
2024-11-16 05:00:00,25.5,78,1.51,0.0
2024-11-16 06:00:00,25.4,78,1.57,0.0
2024-11-16 07:00:00,25.5,77,1.72,23.0
2024-11-16 08:00:00,27.3,68,1.53,173.0
2024-11-16 09:00:00,29.9,57,1.64,369.0
2024-11-16 10:00:00,31.9,48,1.43,536.0
2024-11-16 11:00:00,33.2,43,1.03,674.0
2024-11-16 12:00:00,34.1,40,0.89,737.0
2024-11-16 13:00:00,34.4,39,1.65,715.0
2024-11-16 14:00:00,33.6,44,3.17,590.0
2024-11-16 15:00:00,32.7,49,3.94,493.0
2024-11-16 16:00:00,32.0,51,3.65,327.0
2024-11-16 17:00:00,30.5,58,3.33,133.0
2024-11-16 18:00:00,29.8,66,2.52,9.0
2024-11-16 19:00:00,29.1,72,2.44,0.0
2024-11-16 20:00:00,28.7,72,2.67,0.0
2024-11-16 21:00:00,28.3,69,2.5,0.0
2024-11-16 22:00:00,28.0,68,1.79,0.0
2024-11-16 23:00:00,27.8,68,1.32,0.0
2024-11-17 00:00:00,27.4,69,1.19,0.0
2024-11-17 01:00:00,27.1,70,1.03,0.0
2024-11-17 02:00:00,26.8,71,1.03,0.0
2024-11-17 03:00:00,26.4,72,1.02,0.0
2024-11-17 04:00:00,26.1,72,1.56,0.0
2024-11-17 05:00:00,25.7,72,1.84,0.0
2024-11-17 06:00:00,26.0,71,1.98,0.0
2024-11-17 07:00:00,26.0,72,2.29,23.0
2024-11-17 08:00:00,27.4,67,1.87,176.0
2024-11-17 09:00:00,30.1,54,1.71,378.0
2024-11-17 10:00:00,32.6,40,2.65,557.0
2024-11-17 11:00:00,34.3,35,2.88,686.0
2024-11-17 12:00:00,35.3,32,2.26,749.0
2024-11-17 13:00:00,35.8,30,0.71,742.0
2024-11-17 14:00:00,35.8,31,1.64,665.0
2024-11-17 15:00:00,34.0,42,4.02,472.0
2024-11-17 16:00:00,33.3,41,3.4,328.0
2024-11-17 17:00:00,31.3,59,3.38,137.0
2024-11-17 18:00:00,30.6,57,2.88,9.0
2024-11-17 19:00:00,29.0,74,3.1,0.0
2024-11-17 20:00:00,28.7,71,2.73,0.0
2024-11-17 21:00:00,28.5,67,2.68,0.0
2024-11-17 22:00:00,28.2,67,2.22,0.0
2024-11-17 23:00:00,27.7,67,1.45,0.0
2024-11-18 00:00:00,26.8,70,0.76,0.0
2024-11-18 01:00:00,26.4,71,0.58,0.0
2024-11-18 02:00:00,26.0,73,1.38,0.0
2024-11-18 03:00:00,25.1,76,1.21,0.0
2024-11-18 04:00:00,24.6,75,1.64,0.0
2024-11-18 05:00:00,24.6,68,2.45,0.0
2024-11-18 06:00:00,24.2,68,2.11,0.0
2024-11-18 07:00:00,24.5,62,2.32,24.0
2024-11-18 08:00:00,26.0,56,2.22,183.0
2024-11-18 09:00:00,29.2,44,2.11,391.0
2024-11-18 10:00:00,31.6,35,2.25,573.0
2024-11-18 11:00:00,33.3,30,2.2,704.0
2024-11-18 12:00:00,34.5,26,2.14,768.0
2024-11-18 13:00:00,34.8,25,2.38,760.0
2024-11-18 14:00:00,34.4,25,2.35,681.0
2024-11-18 15:00:00,34.1,27,1.77,537.0
2024-11-18 16:00:00,32.5,41,2.62,345.0
2024-11-18 17:00:00,31.1,51,3.1,139.0
2024-11-18 18:00:00,29.7,66,3.0,9.0
2024-11-18 19:00:00,29.0,71,3.05,0.0
2024-11-18 20:00:00,28.8,57,3.41,0.0
2024-11-18 21:00:00,28.3,45,3.15,0.0
2024-11-18 22:00:00,27.6,43,2.51,0.0
2024-11-18 23:00:00,26.9,44,1.72,0.0
2024-11-19 00:00:00,26.1,46,1.34,0.0
2024-11-19 01:00:00,25.2,48,1.66,0.0
2024-11-19 02:00:00,24.2,51,1.57,0.0
2024-11-19 03:00:00,23.7,53,1.48,0.0
2024-11-19 04:00:00,23.4,53,1.77,0.0
2024-11-19 05:00:00,22.9,56,1.9,0.0
2024-11-19 06:00:00,22.1,60,1.68,0.0
2024-11-19 07:00:00,22.3,59,2.09,23.0
2024-11-19 08:00:00,24.2,55,2.55,184.0
2024-11-19 09:00:00,27.5,43,2.1,393.0
2024-11-19 10:00:00,30.4,34,2.45,578.0
2024-11-19 11:00:00,32.3,27,2.15,710.0
2024-11-19 12:00:00,33.4,23,1.0,776.0
2024-11-19 13:00:00,33.9,22,1.08,767.0
2024-11-19 14:00:00,33.6,23,2.12,687.0
2024-11-19 15:00:00,32.9,25,2.52,542.0
2024-11-19 16:00:00,32.0,32,2.88,347.0
2024-11-19 17:00:00,30.1,47,3.59,140.0
2024-11-19 18:00:00,29.0,53,3.42,9.0
2024-11-19 19:00:00,28.2,52,3.79,0.0
2024-11-19 20:00:00,27.6,55,3.92,0.0
2024-11-19 21:00:00,27.2,53,3.2,0.0
2024-11-19 22:00:00,26.3,54,1.92,0.0
2024-11-19 23:00:00,25.5,56,1.22,0.0
2024-11-20 00:00:00,24.8,58,1.22,0.0
2024-11-20 01:00:00,24.3,59,2.14,0.0
2024-11-20 02:00:00,23.7,54,2.23,0.0
2024-11-20 03:00:00,23.1,53,2.09,0.0
2024-11-20 04:00:00,22.7,53,2.04,0.0
2024-11-20 05:00:00,22.4,54,2.12,0.0
2024-11-20 06:00:00,22.1,55,2.18,0.0
2024-11-20 07:00:00,22.0,55,2.1,23.0
2024-11-20 08:00:00,23.5,52,1.81,182.0
2024-11-20 09:00:00,26.8,41,1.9,391.0
2024-11-20 10:00:00,29.3,34,2.85,575.0
2024-11-20 11:00:00,31.2,29,2.61,707.0
2024-11-20 12:00:00,32.4,26,2.12,773.0
2024-11-20 13:00:00,33.0,24,1.41,765.0
2024-11-20 14:00:00,33.1,24,1.17,684.0
2024-11-20 15:00:00,32.0,31,2.67,539.0
2024-11-20 16:00:00,30.4,38,3.64,348.0
2024-11-20 17:00:00,29.4,37,3.06,141.0
2024-11-20 18:00:00,28.3,54,2.8,9.0
2024-11-20 19:00:00,27.6,56,3.76,0.0
2024-11-20 20:00:00,26.9,60,3.48,0.0
2024-11-20 21:00:00,26.7,59,3.24,0.0
2024-11-20 22:00:00,26.1,62,2.44,0.0
2024-11-20 23:00:00,25.3,62,1.7,0.0
2024-11-21 00:00:00,24.5,63,1.38,0.0
2024-11-21 01:00:00,23.9,65,1.52,0.0
2024-11-21 02:00:00,23.4,66,1.41,0.0
2024-11-21 03:00:00,22.6,68,1.82,0.0
2024-11-21 04:00:00,21.8,69,2.0,0.0
2024-11-21 05:00:00,21.4,65,1.98,0.0
2024-11-21 06:00:00,21.6,63,1.96,0.0
2024-11-21 07:00:00,21.6,59,2.43,22.0
2024-11-21 08:00:00,23.1,53,2.37,180.0
2024-11-21 09:00:00,26.4,43,2.06,389.0
2024-11-21 10:00:00,29.5,35,2.08,574.0
2024-11-21 11:00:00,31.5,28,1.91,707.0
2024-11-21 12:00:00,32.7,23,0.88,774.0
2024-11-21 13:00:00,33.1,22,0.72,766.0
2024-11-21 14:00:00,32.7,26,2.02,686.0
2024-11-21 15:00:00,31.7,32,3.27,540.0
2024-11-21 16:00:00,30.7,31,3.56,347.0
2024-11-21 17:00:00,29.4,38,3.4,141.0
2024-11-21 18:00:00,28.2,53,3.45,9.0
2024-11-21 19:00:00,27.6,53,2.89,0.0
2024-11-21 20:00:00,26.9,55,2.74,0.0
2024-11-21 21:00:00,26.4,54,2.66,0.0
2024-11-21 22:00:00,25.7,55,2.02,0.0
2024-11-21 23:00:00,24.9,58,1.12,0.0
2024-11-22 00:00:00,24.1,63,0.87,0.0
2024-11-22 01:00:00,23.5,66,0.78,0.0
2024-11-22 02:00:00,23.1,67,0.91,0.0
2024-11-22 03:00:00,22.5,70,0.89,0.0
2024-11-22 04:00:00,21.9,71,1.35,0.0
2024-11-22 05:00:00,21.2,71,1.67,0.0
2024-11-22 06:00:00,20.9,69,1.9,0.0
2024-11-22 07:00:00,21.4,65,1.95,21.0
2024-11-22 08:00:00,23.5,57,2.19,177.0
2024-11-22 09:00:00,26.7,45,1.68,384.0
2024-11-22 10:00:00,29.8,36,1.67,568.0
2024-11-22 11:00:00,31.6,31,1.31,700.0
2024-11-22 12:00:00,32.6,27,0.72,766.0
2024-11-22 13:00:00,32.7,28,1.57,760.0
2024-11-22 14:00:00,32.1,33,2.59,680.0
2024-11-22 15:00:00,30.9,41,3.5,536.0
2024-11-22 16:00:00,30.1,37,3.08,346.0
2024-11-22 17:00:00,29.0,41,2.48,141.0
2024-11-22 18:00:00,27.8,57,2.58,9.0
2024-11-22 19:00:00,27.1,65,2.88,0.0
2024-11-22 20:00:00,26.7,69,3.09,0.0
2024-11-22 21:00:00,26.4,64,2.78,0.0
2024-11-22 22:00:00,25.9,62,2.57,0.0
2024-11-22 23:00:00,25.4,63,2.02,0.0
2024-11-23 00:00:00,24.3,67,0.85,0.0
2024-11-23 01:00:00,23.7,71,0.56,0.0
2024-11-23 02:00:00,23.7,72,0.05,0.0
2024-11-23 03:00:00,23.1,73,0.25,0.0
2024-11-23 04:00:00,22.6,75,0.92,0.0
2024-11-23 05:00:00,21.9,77,1.19,0.0
2024-11-23 06:00:00,21.6,73,1.38,0.0
2024-11-23 07:00:00,21.7,70,1.91,19.0
2024-11-23 08:00:00,23.4,63,1.79,172.0
2024-11-23 09:00:00,26.5,48,1.46,377.0
2024-11-23 10:00:00,29.4,39,1.61,559.0
2024-11-23 11:00:00,31.2,34,1.52,689.0
2024-11-23 12:00:00,31.9,32,2.11,754.0
2024-11-23 13:00:00,32.0,32,2.34,748.0
2024-11-23 14:00:00,31.8,32,2.53,672.0
2024-11-23 15:00:00,31.0,35,2.69,533.0
2024-11-23 16:00:00,29.9,41,2.5,345.0
2024-11-23 17:00:00,28.6,49,2.28,139.0
2024-11-23 18:00:00,27.9,55,2.41,9.0
2024-11-23 19:00:00,27.2,62,2.8,0.0
2024-11-23 20:00:00,26.6,66,2.53,0.0
2024-11-23 21:00:00,26.0,66,2.52,0.0
2024-11-23 22:00:00,25.5,60,2.14,0.0
2024-11-23 23:00:00,25.2,56,1.54,0.0
2024-11-24 00:00:00,24.5,59,1.05,0.0
2024-11-24 01:00:00,24.0,65,0.49,0.0
2024-11-24 02:00:00,23.6,66,0.55,0.0
2024-11-24 03:00:00,23.3,67,0.27,0.0
2024-11-24 04:00:00,22.7,71,0.36,0.0
2024-11-24 05:00:00,22.1,73,0.57,0.0
2024-11-24 06:00:00,21.7,76,0.81,0.0
2024-11-24 07:00:00,22.1,73,1.46,19.0
2024-11-24 08:00:00,23.9,67,1.54,166.0
2024-11-24 09:00:00,26.9,54,1.52,373.0
2024-11-24 10:00:00,29.6,41,1.88,556.0
2024-11-24 11:00:00,31.4,34,1.77,687.0
2024-11-24 12:00:00,32.5,30,1.38,753.0
2024-11-24 13:00:00,33.0,29,0.92,748.0
2024-11-24 14:00:00,32.7,31,1.55,669.0
2024-11-24 15:00:00,31.8,38,2.87,528.0
2024-11-24 16:00:00,30.7,41,3.12,339.0
2024-11-24 17:00:00,29.6,46,2.77,137.0
2024-11-24 18:00:00,28.1,61,2.78,9.0
2024-11-24 19:00:00,27.3,67,3.33,0.0
2024-11-24 20:00:00,26.7,68,3.18,0.0
2024-11-24 21:00:00,26.4,62,2.7,0.0
2024-11-24 22:00:00,26.1,58,1.95,0.0
2024-11-24 23:00:00,25.6,59,1.85,0.0
2024-11-25 00:00:00,25.1,61,1.37,0.0
2024-11-25 01:00:00,24.5,63,1.14,0.0
2024-11-25 02:00:00,23.8,66,1.1,0.0
2024-11-25 03:00:00,23.1,69,1.48,0.0
2024-11-25 04:00:00,22.1,73,1.48,0.0
2024-11-25 05:00:00,21.5,76,1.66,0.0
2024-11-25 06:00:00,21.4,75,1.72,0.0
2024-11-25 07:00:00,21.5,70,2.15,18.0
2024-11-25 08:00:00,23.1,60,1.97,167.0
2024-11-25 09:00:00,26.2,48,1.94,374.0
2024-11-25 10:00:00,29.1,36,2.06,556.0
2024-11-25 11:00:00,31.0,30,1.96,685.0
2024-11-25 12:00:00,32.3,26,1.56,755.0
2024-11-25 13:00:00,32.9,24,2.15,751.0
2024-11-25 14:00:00,32.6,25,2.31,671.0
2024-11-25 15:00:00,32.5,25,2.3,530.0
2024-11-25 16:00:00,31.0,37,3.05,342.0
2024-11-25 17:00:00,29.1,51,3.54,137.0
2024-11-25 18:00:00,27.6,60,3.43,9.0
2024-11-25 19:00:00,27.0,65,3.6,0.0
2024-11-25 20:00:00,26.8,67,3.11,0.0
2024-11-25 21:00:00,26.0,67,1.91,0.0
2024-11-25 22:00:00,25.5,65,1.95,0.0
2024-11-25 23:00:00,25.3,56,1.96,0.0
2024-11-26 00:00:00,24.7,55,2.18,0.0
2024-11-26 01:00:00,23.7,55,1.35,0.0
2024-11-26 02:00:00,22.7,57,1.19,0.0
2024-11-26 03:00:00,21.9,56,1.54,0.0
2024-11-26 04:00:00,21.4,55,2.13,0.0
2024-11-26 05:00:00,21.2,55,2.56,0.0
2024-11-26 06:00:00,20.7,53,2.46,0.0
2024-11-26 07:00:00,20.9,53,2.57,17.0
2024-11-26 08:00:00,22.5,49,2.64,167.0
2024-11-26 09:00:00,25.6,42,2.18,373.0
2024-11-26 10:00:00,28.5,35,2.35,556.0
2024-11-26 11:00:00,30.5,29,2.16,687.0
2024-11-26 12:00:00,31.8,24,0.9,757.0
2024-11-26 13:00:00,32.3,22,1.31,748.0
2024-11-26 14:00:00,32.3,21,1.63,675.0
2024-11-26 15:00:00,32.1,22,1.83,531.0
2024-11-26 16:00:00,30.7,31,2.98,343.0
2024-11-26 17:00:00,29.1,45,3.0,138.0
2024-11-26 18:00:00,27.9,51,3.76,9.0
2024-11-26 19:00:00,27.1,62,3.58,0.0
2024-11-26 20:00:00,26.6,66,2.59,0.0
2024-11-26 21:00:00,26.1,60,1.78,0.0
2024-11-26 22:00:00,26.1,39,2.07,0.0
2024-11-26 23:00:00,25.2,37,1.86,0.0
2024-11-27 00:00:00,24.2,39,2.4,0.0
2024-11-27 01:00:00,23.4,41,2.49,0.0
2024-11-27 02:00:00,22.9,44,2.65,0.0
2024-11-27 03:00:00,22.5,47,2.86,0.0
2024-11-27 04:00:00,22.0,48,2.62,0.0
2024-11-27 05:00:00,21.4,50,2.48,0.0
2024-11-27 06:00:00,20.5,52,1.95,0.0
2024-11-27 07:00:00,20.4,53,2.01,17.0
2024-11-27 08:00:00,22.0,49,2.58,167.0
2024-11-27 09:00:00,25.4,39,1.99,375.0
2024-11-27 10:00:00,28.4,30,2.36,560.0
2024-11-27 11:00:00,30.3,25,2.47,696.0
2024-11-27 12:00:00,31.9,20,1.96,765.0
2024-11-27 13:00:00,32.6,19,0.65,758.0
2024-11-27 14:00:00,32.5,19,1.12,681.0
2024-11-27 15:00:00,32.1,21,2.03,539.0
2024-11-27 16:00:00,31.2,25,2.66,348.0
2024-11-27 17:00:00,28.4,47,3.57,141.0
2024-11-27 18:00:00,27.6,53,3.64,9.0
2024-11-27 19:00:00,26.7,59,3.4,0.0
2024-11-27 20:00:00,26.4,64,2.94,0.0
2024-11-27 21:00:00,25.8,65,1.69,0.0
2024-11-27 22:00:00,25.2,61,1.88,0.0
2024-11-27 23:00:00,24.9,46,1.95,0.0
2024-11-28 00:00:00,24.2,43,2.09,0.0
2024-11-28 01:00:00,23.4,42,2.61,0.0
2024-11-28 02:00:00,23.0,43,2.91,0.0
2024-11-28 03:00:00,22.5,46,3.14,0.0
2024-11-28 04:00:00,22.1,48,2.99,0.0
2024-11-28 05:00:00,21.5,50,2.69,0.0
2024-11-28 06:00:00,20.1,54,1.96,0.0
2024-11-28 07:00:00,19.9,55,1.88,16.0
2024-11-28 08:00:00,21.5,51,2.58,163.0
2024-11-28 09:00:00,25.0,41,1.93,370.0
2024-11-28 10:00:00,27.8,33,2.21,555.0
2024-11-28 11:00:00,29.9,27,2.39,688.0
2024-11-28 12:00:00,31.4,23,2.24,758.0
2024-11-28 13:00:00,31.9,21,1.49,754.0
2024-11-28 14:00:00,32.0,21,1.0,677.0
2024-11-28 15:00:00,32.1,21,1.4,535.0
2024-11-28 16:00:00,31.8,21,1.93,344.0
2024-11-28 17:00:00,30.5,23,2.12,140.0
2024-11-28 18:00:00,29.4,25,2.38,9.0
2024-11-28 19:00:00,28.4,27,2.45,0.0
2024-11-28 20:00:00,27.8,29,2.87,0.0
2024-11-28 21:00:00,26.8,31,2.52,0.0
2024-11-28 22:00:00,26.1,32,2.37,0.0
2024-11-28 23:00:00,25.1,34,3.08,0.0
2024-11-29 00:00:00,23.8,37,2.87,0.0
2024-11-29 01:00:00,23.1,40,2.83,0.0
2024-11-29 02:00:00,22.5,41,2.65,0.0
2024-11-29 03:00:00,22.0,43,2.62,0.0
2024-11-29 04:00:00,21.6,43,2.85,0.0
2024-11-29 05:00:00,21.3,44,2.74,0.0
2024-11-29 06:00:00,20.5,48,2.13,0.0
2024-11-29 07:00:00,20.3,49,2.48,16.0
2024-11-29 08:00:00,21.5,46,2.42,162.0
2024-11-29 09:00:00,24.1,40,2.04,369.0
2024-11-29 10:00:00,27.0,32,1.64,554.0
2024-11-29 11:00:00,29.2,25,1.65,690.0
2024-11-29 12:00:00,30.7,21,0.9,760.0
2024-11-29 13:00:00,31.4,20,1.03,756.0
2024-11-29 14:00:00,31.1,21,2.23,681.0
2024-11-29 15:00:00,30.9,21,2.37,538.0
2024-11-29 16:00:00,28.7,43,3.54,348.0
2024-11-29 17:00:00,27.3,50,4.0,140.0
2024-11-29 18:00:00,26.4,57,3.69,9.0
2024-11-29 19:00:00,26.1,60,3.42,0.0
2024-11-29 20:00:00,25.7,61,2.92,0.0
2024-11-29 21:00:00,25.0,58,1.92,0.0
2024-11-29 22:00:00,23.7,61,0.98,0.0
2024-11-29 23:00:00,23.6,55,2.64,0.0
2024-11-30 00:00:00,23.3,42,3.08,0.0
2024-11-30 01:00:00,22.6,43,3.16,0.0
2024-11-30 02:00:00,22.0,44,2.89,0.0
2024-11-30 03:00:00,21.4,46,2.73,0.0
2024-11-30 04:00:00,20.8,48,2.71,0.0
2024-11-30 05:00:00,20.3,50,2.61,0.0
2024-11-30 06:00:00,20.1,50,2.59,0.0
2024-11-30 07:00:00,19.9,51,2.47,15.0
2024-11-30 08:00:00,21.3,47,2.02,161.0
2024-11-30 09:00:00,24.2,40,1.54,367.0
2024-11-30 10:00:00,27.3,33,1.27,549.0
2024-11-30 11:00:00,29.7,29,0.9,684.0
2024-11-30 12:00:00,31.1,26,0.57,751.0
2024-11-30 13:00:00,31.4,25,1.77,750.0
2024-11-30 14:00:00,31.0,30,2.92,674.0
2024-11-30 15:00:00,30.1,36,3.38,534.0
2024-11-30 16:00:00,29.1,39,3.29,345.0
2024-11-30 17:00:00,27.6,45,3.23,140.0
2024-11-30 18:00:00,26.6,54,2.6,9.0
2024-11-30 19:00:00,26.0,51,2.57,0.0
2024-11-30 20:00:00,25.4,51,3.06,0.0
2024-11-30 21:00:00,24.8,50,2.29,0.0
2024-11-30 22:00:00,24.1,52,1.68,0.0
2024-11-30 23:00:00,23.6,53,1.35,0.0
2024-12-01 00:00:00,22.5,60,0.72,0.0
2024-12-01 01:00:00,22.2,61,0.43,0.0
2024-12-01 02:00:00,21.4,62,0.9,0.0
2024-12-01 03:00:00,21.0,61,1.63,0.0
2024-12-01 04:00:00,20.5,61,2.3,0.0
2024-12-01 05:00:00,20.5,59,2.58,0.0
2024-12-01 06:00:00,20.8,55,2.69,0.0
2024-12-01 07:00:00,21.0,54,2.73,13.0
2024-12-01 08:00:00,22.3,52,2.57,139.0
2024-12-01 09:00:00,25.2,46,2.05,336.0
2024-12-01 10:00:00,28.5,40,2.13,513.0
2024-12-01 11:00:00,30.9,36,1.82,656.0
2024-12-01 12:00:00,32.1,34,1.11,725.0
2024-12-01 13:00:00,32.6,32,1.06,724.0
2024-12-01 14:00:00,32.3,35,2.33,655.0
2024-12-01 15:00:00,30.9,44,3.57,519.0
2024-12-01 16:00:00,29.8,44,3.68,334.0
2024-12-01 17:00:00,28.2,50,3.3,136.0
2024-12-01 18:00:00,27.2,60,2.96,9.0
2024-12-01 19:00:00,26.7,62,3.17,0.0
2024-12-01 20:00:00,26.3,63,3.44,0.0
2024-12-01 21:00:00,26.0,60,3.22,0.0
2024-12-01 22:00:00,25.7,58,2.67,0.0
2024-12-01 23:00:00,25.2,59,2.31,0.0
2024-12-02 00:00:00,24.7,60,1.9,0.0
2024-12-02 01:00:00,24.3,60,1.35,0.0
2024-12-02 02:00:00,23.8,62,1.31,0.0
2024-12-02 03:00:00,23.2,63,1.6,0.0
2024-12-02 04:00:00,22.8,64,2.0,0.0
2024-12-02 05:00:00,23.0,64,2.08,0.0
2024-12-02 06:00:00,23.2,64,2.02,0.0
2024-12-02 07:00:00,23.6,64,2.27,12.0
2024-12-02 08:00:00,25.1,60,2.37,131.0
2024-12-02 09:00:00,28.0,51,2.33,317.0
2024-12-02 10:00:00,30.4,46,2.44,483.0
2024-12-02 11:00:00,32.2,44,1.65,629.0
2024-12-02 12:00:00,33.1,42,0.64,685.0
2024-12-02 13:00:00,33.8,39,0.46,690.0
2024-12-02 14:00:00,33.5,40,1.32,554.0
2024-12-02 15:00:00,32.5,47,2.32,453.0
2024-12-02 16:00:00,30.6,58,3.43,293.0
2024-12-02 17:00:00,29.3,58,3.22,126.0
2024-12-02 18:00:00,28.8,61,3.16,8.0
2024-12-02 19:00:00,27.8,65,2.86,0.0
2024-12-02 20:00:00,27.8,65,2.93,0.0
2024-12-02 21:00:00,27.6,64,3.08,0.0
2024-12-02 22:00:00,27.2,63,2.72,0.0
2024-12-02 23:00:00,26.9,62,1.99,0.0
2024-12-03 00:00:00,26.6,63,1.42,0.0
2024-12-03 01:00:00,26.5,63,1.66,0.0
2024-12-03 02:00:00,26.2,64,1.67,0.0
2024-12-03 03:00:00,25.9,66,1.98,0.0
2024-12-03 04:00:00,25.7,67,2.18,0.0
2024-12-03 05:00:00,25.6,67,2.6,0.0
2024-12-03 06:00:00,26.1,65,2.75,0.0
2024-12-03 07:00:00,26.2,65,2.8,11.0
2024-12-03 08:00:00,27.5,61,2.37,128.0
2024-12-03 09:00:00,29.8,55,2.33,319.0
2024-12-03 10:00:00,31.6,50,2.42,492.0
2024-12-03 11:00:00,32.6,48,2.16,624.0
2024-12-03 12:00:00,33.3,45,1.01,683.0
2024-12-03 13:00:00,33.6,45,0.53,614.0
2024-12-03 14:00:00,33.0,49,2.49,569.0
2024-12-03 15:00:00,32.1,55,3.48,464.0
2024-12-03 16:00:00,30.7,56,4.02,280.0
2024-12-03 17:00:00,29.6,59,3.34,109.0
2024-12-03 18:00:00,28.7,64,3.16,5.0
2024-12-03 19:00:00,28.8,62,3.12,0.0
2024-12-03 20:00:00,28.6,64,3.08,0.0
2024-12-03 21:00:00,28.3,65,3.44,0.0
2024-12-03 22:00:00,28.1,65,3.05,0.0
2024-12-03 23:00:00,28.0,64,2.72,0.0
2024-12-04 00:00:00,27.9,65,2.72,0.0
2024-12-04 01:00:00,27.9,65,2.86,0.0
2024-12-04 02:00:00,27.5,67,2.48,0.0
2024-12-04 03:00:00,27.1,69,2.04,0.0
2024-12-04 04:00:00,26.6,72,1.67,0.0
2024-12-04 05:00:00,26.5,73,1.75,0.0
2024-12-04 06:00:00,27.2,71,1.92,0.0
2024-12-04 07:00:00,27.2,71,2.01,6.0
2024-12-04 08:00:00,27.8,69,1.98,65.0
2024-12-04 09:00:00,30.2,60,2.3,310.0
2024-12-04 10:00:00,31.8,53,2.82,488.0
2024-12-04 11:00:00,33.1,49,2.52,619.0
2024-12-04 12:00:00,33.9,47,1.59,690.0
2024-12-04 13:00:00,34.2,45,0.3,644.0
2024-12-04 14:00:00,33.7,46,1.98,541.0
2024-12-04 15:00:00,32.4,54,3.4,427.0
2024-12-04 16:00:00,30.8,61,3.72,269.0
2024-12-04 17:00:00,30.1,65,2.88,106.0
2024-12-04 18:00:00,29.0,74,2.59,8.0
2024-12-04 19:00:00,28.6,76,2.47,0.0
2024-12-04 20:00:00,28.2,79,1.46,0.0
2024-12-04 21:00:00,27.9,83,0.83,0.0
2024-12-04 22:00:00,27.7,85,1.58,0.0
2024-12-04 23:00:00,28.0,78,1.46,0.0
2024-12-05 00:00:00,27.5,78,0.54,0.0
2024-12-05 01:00:00,26.8,85,2.88,0.0
2024-12-05 02:00:00,26.5,85,1.91,0.0
2024-12-05 03:00:00,26.2,88,1.35,0.0
2024-12-05 04:00:00,26.1,89,0.89,0.0
2024-12-05 05:00:00,25.8,91,0.93,0.0
2024-12-05 06:00:00,26.7,78,1.91,0.0
2024-12-05 07:00:00,26.7,77,1.97,10.0
2024-12-05 08:00:00,28.1,69,1.63,132.0
2024-12-05 09:00:00,30.8,57,1.81,319.0
2024-12-05 10:00:00,32.9,47,2.27,490.0
2024-12-05 11:00:00,34.2,40,1.59,623.0
2024-12-05 12:00:00,34.3,39,1.56,663.0
2024-12-05 13:00:00,33.2,48,2.72,658.0
2024-12-05 14:00:00,32.2,55,2.72,557.0
2024-12-05 15:00:00,32.0,55,2.53,475.0
2024-12-05 16:00:00,31.4,56,2.66,314.0
2024-12-05 17:00:00,30.3,60,2.45,128.0
2024-12-05 18:00:00,29.1,74,2.18,9.0
2024-12-05 19:00:00,28.6,77,2.19,0.0
2024-12-05 20:00:00,28.5,76,2.39,0.0
2024-12-05 21:00:00,28.2,76,2.0,0.0
2024-12-05 22:00:00,28.1,75,2.06,0.0
2024-12-05 23:00:00,27.8,72,1.7,0.0
2024-12-06 00:00:00,27.3,73,1.41,0.0
2024-12-06 01:00:00,26.9,74,1.36,0.0
2024-12-06 02:00:00,26.4,75,1.23,0.0
2024-12-06 03:00:00,25.8,80,0.81,0.0
2024-12-06 04:00:00,25.5,81,0.75,0.0
2024-12-06 05:00:00,25.2,82,0.92,0.0
2024-12-06 06:00:00,25.6,82,0.79,0.0
2024-12-06 07:00:00,25.7,82,1.15,10.0
2024-12-06 08:00:00,27.1,73,0.87,130.0
2024-12-06 09:00:00,29.2,63,0.8,319.0
2024-12-06 10:00:00,30.8,56,0.68,494.0
2024-12-06 11:00:00,31.9,53,1.14,622.0
2024-12-06 12:00:00,32.6,51,1.8,692.0
2024-12-06 13:00:00,32.7,51,2.53,692.0
2024-12-06 14:00:00,32.1,53,3.16,626.0
2024-12-06 15:00:00,31.5,55,3.31,496.0
2024-12-06 16:00:00,30.5,57,3.22,321.0
2024-12-06 17:00:00,29.3,62,3.08,131.0
2024-12-06 18:00:00,28.5,69,3.09,9.0
2024-12-06 19:00:00,28.4,65,3.06,0.0
2024-12-06 20:00:00,28.2,61,3.57,0.0
2024-12-06 21:00:00,27.9,58,3.21,0.0
2024-12-06 22:00:00,27.5,57,2.95,0.0
2024-12-06 23:00:00,27.2,57,2.65,0.0
2024-12-07 00:00:00,26.8,58,2.45,0.0
2024-12-07 01:00:00,26.4,59,2.56,0.0
2024-12-07 02:00:00,26.0,59,2.71,0.0
2024-12-07 03:00:00,25.8,60,2.8,0.0
2024-12-07 04:00:00,25.5,60,2.55,0.0
2024-12-07 05:00:00,25.3,59,2.37,0.0
2024-12-07 06:00:00,24.3,68,2.1,0.0
2024-12-07 07:00:00,24.3,66,1.87,10.0
2024-12-07 08:00:00,25.6,62,1.9,134.0
2024-12-07 09:00:00,27.6,54,2.29,327.0
2024-12-07 10:00:00,29.8,46,2.53,506.0
2024-12-07 11:00:00,31.2,38,2.94,639.0
2024-12-07 12:00:00,32.3,32,3.0,711.0
2024-12-07 13:00:00,32.8,29,2.94,714.0
2024-12-07 14:00:00,32.5,29,3.36,646.0
2024-12-07 15:00:00,31.3,35,4.14,514.0
2024-12-07 16:00:00,29.9,42,4.33,335.0
2024-12-07 17:00:00,28.8,46,3.4,138.0
2024-12-07 18:00:00,27.7,55,2.54,10.0
2024-12-07 19:00:00,26.9,58,2.46,0.0
2024-12-07 20:00:00,26.2,59,2.83,0.0
2024-12-07 21:00:00,25.7,56,2.88,0.0
2024-12-07 22:00:00,25.3,53,2.55,0.0
2024-12-07 23:00:00,24.5,53,2.15,0.0
2024-12-08 00:00:00,23.8,52,2.16,0.0
2024-12-08 01:00:00,23.2,48,2.45,0.0
2024-12-08 02:00:00,22.9,45,2.5,0.0
2024-12-08 03:00:00,22.5,44,2.33,0.0
2024-12-08 04:00:00,22.0,46,1.66,0.0
2024-12-08 05:00:00,21.2,50,1.35,0.0
2024-12-08 06:00:00,21.9,51,2.05,0.0
2024-12-08 07:00:00,22.1,51,2.45,9.0
2024-12-08 08:00:00,23.5,48,2.36,136.0
2024-12-08 09:00:00,25.9,40,2.28,333.0
2024-12-08 10:00:00,27.9,31,3.29,515.0
2024-12-08 11:00:00,29.2,27,3.3,651.0
2024-12-08 12:00:00,30.3,25,3.01,723.0
2024-12-08 13:00:00,30.9,24,2.8,728.0
2024-12-08 14:00:00,31.1,24,2.82,662.0
2024-12-08 15:00:00,30.5,27,3.32,530.0
2024-12-08 16:00:00,29.2,35,3.62,346.0
2024-12-08 17:00:00,27.4,46,3.76,145.0
2024-12-08 18:00:00,26.6,52,3.59,11.0
2024-12-08 19:00:00,25.4,54,3.42,0.0
2024-12-08 20:00:00,24.4,57,3.18,0.0
2024-12-08 21:00:00,23.6,58,2.85,0.0
2024-12-08 22:00:00,22.9,59,2.8,0.0
2024-12-08 23:00:00,22.5,59,2.7,0.0
2024-12-09 00:00:00,22.1,58,2.5,0.0
2024-12-09 01:00:00,21.8,58,2.65,0.0
2024-12-09 02:00:00,21.8,54,2.96,0.0
2024-12-09 03:00:00,21.7,51,2.93,0.0
2024-12-09 04:00:00,21.3,49,3.07,0.0
2024-12-09 05:00:00,21.1,47,3.46,0.0
2024-12-09 06:00:00,20.6,45,3.91,0.0
2024-12-09 07:00:00,20.4,44,3.66,10.0
2024-12-09 08:00:00,21.6,39,2.86,144.0
2024-12-09 09:00:00,23.9,32,3.03,350.0
2024-12-09 10:00:00,26.0,26,3.44,531.0
2024-12-09 11:00:00,27.9,22,3.42,660.0
2024-12-09 12:00:00,29.3,20,3.15,699.0
2024-12-09 13:00:00,30.2,20,2.76,656.0
2024-12-09 14:00:00,30.9,19,2.8,596.0
2024-12-09 15:00:00,30.9,19,3.21,505.0
2024-12-09 16:00:00,30.2,22,3.67,346.0
2024-12-09 17:00:00,28.7,28,3.78,150.0
2024-12-09 18:00:00,26.7,38,4.49,11.0
2024-12-09 19:00:00,25.3,38,4.3,0.0
2024-12-09 20:00:00,24.4,35,4.05,0.0
2024-12-09 21:00:00,23.9,35,3.6,0.0
2024-12-09 22:00:00,23.4,36,2.85,0.0
2024-12-09 23:00:00,23.0,39,2.75,0.0
2024-12-10 00:00:00,22.6,42,2.55,0.0
2024-12-10 01:00:00,22.1,44,2.56,0.0
2024-12-10 02:00:00,21.6,46,2.42,0.0
2024-12-10 03:00:00,21.2,48,2.55,0.0
2024-12-10 04:00:00,21.0,49,2.58,0.0
2024-12-10 05:00:00,20.7,50,2.25,0.0
2024-12-10 06:00:00,20.4,51,2.15,0.0
2024-12-10 07:00:00,20.4,51,2.12,8.0
2024-12-10 08:00:00,21.6,48,1.5,132.0
2024-12-10 09:00:00,24.0,43,1.26,327.0
2024-12-10 10:00:00,27.0,37,1.03,508.0
2024-12-10 11:00:00,29.4,31,0.74,644.0
2024-12-10 12:00:00,30.9,30,0.29,715.0
2024-12-10 13:00:00,31.4,31,1.46,716.0
2024-12-10 14:00:00,30.9,36,2.68,645.0
2024-12-10 15:00:00,30.2,41,2.98,513.0
2024-12-10 16:00:00,29.0,47,3.05,334.0
2024-12-10 17:00:00,27.5,53,2.87,139.0
2024-12-10 18:00:00,26.3,64,2.86,10.0
2024-12-10 19:00:00,25.8,67,2.69,0.0
2024-12-10 20:00:00,25.6,65,2.95,0.0
2024-12-10 21:00:00,25.4,60,2.26,0.0
2024-12-10 22:00:00,24.8,58,1.07,0.0
2024-12-10 23:00:00,24.2,60,0.67,0.0
2024-12-11 00:00:00,23.8,61,0.87,0.0
2024-12-11 01:00:00,23.4,60,1.36,0.0
2024-12-11 02:00:00,22.5,63,1.01,0.0
2024-12-11 03:00:00,22.0,64,1.21,0.0
2024-12-11 04:00:00,21.6,67,1.55,0.0
2024-12-11 05:00:00,21.2,69,1.72,0.0
2024-12-11 06:00:00,21.5,70,2.19,0.0
2024-12-11 07:00:00,21.4,70,2.38,8.0
2024-12-11 08:00:00,22.9,63,2.83,129.0
2024-12-11 09:00:00,26.2,51,2.29,324.0
2024-12-11 10:00:00,29.2,41,2.49,504.0
2024-12-11 11:00:00,31.3,37,2.31,638.0
2024-12-11 12:00:00,32.9,32,1.69,709.0
2024-12-11 13:00:00,33.6,29,0.18,711.0
2024-12-11 14:00:00,33.1,31,2.04,644.0
2024-12-11 15:00:00,31.8,39,3.42,513.0
2024-12-11 16:00:00,30.3,50,3.18,334.0
2024-12-11 17:00:00,28.6,59,2.81,140.0
2024-12-11 18:00:00,27.8,66,2.42,11.0
2024-12-11 19:00:00,26.6,70,2.44,0.0
2024-12-11 20:00:00,25.7,71,2.45,0.0
2024-12-11 21:00:00,25.4,66,2.29,0.0
2024-12-11 22:00:00,24.9,65,2.2,0.0
2024-12-11 23:00:00,24.2,66,1.73,0.0
2024-12-12 00:00:00,23.3,70,1.14,0.0
2024-12-12 01:00:00,22.6,74,0.92,0.0
2024-12-12 02:00:00,22.2,76,0.66,0.0
2024-12-12 03:00:00,21.8,76,0.95,0.0
2024-12-12 04:00:00,21.4,77,1.06,0.0
2024-12-12 05:00:00,20.6,80,0.97,0.0
2024-12-12 06:00:00,20.7,76,1.19,0.0
2024-12-12 07:00:00,20.5,73,1.42,8.0
2024-12-12 08:00:00,22.4,64,1.52,128.0
2024-12-12 09:00:00,25.4,52,1.43,323.0
2024-12-12 10:00:00,28.6,41,1.23,506.0
2024-12-12 11:00:00,30.6,35,0.55,642.0
2024-12-12 12:00:00,31.1,34,1.61,716.0
2024-12-12 13:00:00,30.9,39,2.92,719.0
2024-12-12 14:00:00,30.4,43,3.57,651.0
2024-12-12 15:00:00,29.8,45,3.93,521.0
2024-12-12 16:00:00,28.7,52,4.02,342.0
2024-12-12 17:00:00,27.2,58,3.51,145.0
2024-12-12 18:00:00,26.2,66,3.25,11.0
2024-12-12 19:00:00,25.4,68,3.72,0.0
2024-12-12 20:00:00,25.2,63,3.85,0.0
2024-12-12 21:00:00,24.8,61,2.97,0.0
2024-12-12 22:00:00,24.7,59,2.87,0.0
2024-12-12 23:00:00,24.3,59,2.95,0.0
2024-12-13 00:00:00,23.8,60,2.69,0.0
2024-12-13 01:00:00,23.4,60,1.88,0.0
2024-12-13 02:00:00,22.8,62,1.82,0.0
2024-12-13 03:00:00,22.3,62,2.16,0.0
2024-12-13 04:00:00,22.0,62,2.41,0.0
2024-12-13 05:00:00,21.7,61,2.56,0.0
2024-12-13 06:00:00,21.3,62,2.69,0.0
2024-12-13 07:00:00,21.2,61,2.95,7.0
2024-12-13 08:00:00,22.1,58,2.66,128.0
2024-12-13 09:00:00,24.3,50,2.26,325.0
2024-12-13 10:00:00,27.2,41,2.24,509.0
2024-12-13 11:00:00,29.5,33,2.7,649.0
2024-12-13 12:00:00,31.3,27,2.47,723.0
2024-12-13 13:00:00,32.2,23,1.24,728.0
2024-12-13 14:00:00,32.3,23,1.41,662.0
2024-12-13 15:00:00,32.1,23,1.9,530.0
2024-12-13 16:00:00,30.1,38,3.33,348.0
2024-12-13 17:00:00,28.0,54,3.29,144.0
2024-12-13 18:00:00,26.9,64,3.33,12.0
2024-12-13 19:00:00,25.9,73,2.93,0.0
2024-12-13 20:00:00,25.8,66,2.45,0.0
2024-12-13 21:00:00,25.5,57,2.46,0.0
2024-12-13 22:00:00,25.1,47,2.42,0.0
2024-12-13 23:00:00,24.7,45,2.13,0.0
2024-12-14 00:00:00,24.0,46,2.34,0.0
2024-12-14 01:00:00,23.2,47,2.75,0.0
2024-12-14 02:00:00,22.4,49,2.93,0.0
2024-12-14 03:00:00,21.9,51,2.87,0.0
2024-12-14 04:00:00,21.3,53,2.68,0.0
2024-12-14 05:00:00,20.7,56,2.62,0.0
2024-12-14 06:00:00,20.3,56,2.57,0.0
2024-12-14 07:00:00,20.1,57,2.73,7.0
2024-12-14 08:00:00,21.4,54,2.28,128.0
2024-12-14 09:00:00,24.1,46,2.18,323.0
2024-12-14 10:00:00,27.3,35,2.49,504.0
2024-12-14 11:00:00,29.8,28,2.62,653.0
2024-12-14 12:00:00,31.6,24,2.11,729.0
2024-12-14 13:00:00,32.7,21,1.14,732.0
2024-12-14 14:00:00,32.9,21,0.16,665.0
2024-12-14 15:00:00,32.5,22,1.04,529.0
2024-12-14 16:00:00,31.3,30,2.33,350.0
2024-12-14 17:00:00,29.3,44,2.37,149.0
2024-12-14 18:00:00,28.5,39,2.9,12.0
2024-12-14 19:00:00,26.8,50,3.2,0.0
2024-12-14 20:00:00,25.9,52,2.71,0.0
2024-12-14 21:00:00,25.3,55,1.95,0.0
2024-12-14 22:00:00,24.6,54,1.46,0.0
2024-12-14 23:00:00,24.2,51,1.88,0.0
2024-12-15 00:00:00,23.1,51,1.55,0.0
2024-12-15 01:00:00,22.2,51,1.79,0.0
2024-12-15 02:00:00,21.4,52,1.83,0.0
2024-12-15 03:00:00,20.8,53,2.04,0.0
2024-12-15 04:00:00,20.3,53,2.06,0.0
2024-12-15 05:00:00,19.9,53,2.19,0.0
2024-12-15 06:00:00,19.2,58,2.1,0.0
2024-12-15 07:00:00,19.0,56,2.37,7.0
2024-12-15 08:00:00,20.5,50,2.73,126.0
2024-12-15 09:00:00,23.7,39,1.85,325.0
2024-12-15 10:00:00,27.3,29,1.87,511.0
2024-12-15 11:00:00,30.3,22,1.83,651.0
2024-12-15 12:00:00,32.3,19,1.27,727.0
2024-12-15 13:00:00,33.2,18,0.43,729.0
2024-12-15 14:00:00,33.2,19,1.16,666.0
2024-12-15 15:00:00,32.4,26,2.37,535.0
2024-12-15 16:00:00,30.8,35,2.56,353.0
2024-12-15 17:00:00,28.8,48,2.55,151.0
2024-12-15 18:00:00,27.7,53,2.69,13.0
2024-12-15 19:00:00,26.6,49,2.78,0.0
2024-12-15 20:00:00,25.8,49,2.85,0.0
2024-12-15 21:00:00,25.5,49,1.96,0.0
2024-12-15 22:00:00,24.1,56,0.8,0.0
2024-12-15 23:00:00,24.2,58,0.21,0.0
2024-12-16 00:00:00,23.2,58,0.72,0.0
2024-12-16 01:00:00,22.1,61,0.85,0.0
2024-12-16 02:00:00,21.1,65,0.92,0.0
2024-12-16 03:00:00,20.5,64,1.25,0.0
2024-12-16 04:00:00,19.7,63,1.19,0.0
2024-12-16 05:00:00,19.1,63,1.35,0.0
2024-12-16 06:00:00,18.8,60,1.58,0.0
2024-12-16 07:00:00,18.3,61,1.79,6.0
2024-12-16 08:00:00,19.5,56,2.26,128.0
2024-12-16 09:00:00,22.8,45,1.88,331.0
2024-12-16 10:00:00,26.9,30,1.38,521.0
2024-12-16 11:00:00,29.8,20,1.22,664.0
2024-12-16 12:00:00,31.6,16,0.56,744.0
2024-12-16 13:00:00,32.4,16,0.47,749.0
2024-12-16 14:00:00,32.3,19,1.65,679.0
2024-12-16 15:00:00,30.8,29,2.88,543.0
2024-12-16 16:00:00,29.7,30,2.66,357.0
2024-12-16 17:00:00,28.2,35,2.34,154.0
2024-12-16 18:00:00,27.2,46,2.57,13.0
2024-12-16 19:00:00,26.0,46,2.87,0.0
2024-12-16 20:00:00,25.1,48,3.3,0.0
2024-12-16 21:00:00,24.7,47,3.27,0.0
2024-12-16 22:00:00,24.1,42,2.25,0.0
2024-12-16 23:00:00,23.5,40,1.45,0.0
2024-12-17 00:00:00,22.1,46,0.96,0.0
2024-12-17 01:00:00,21.4,51,0.73,0.0
2024-12-17 02:00:00,20.6,54,0.85,0.0
2024-12-17 03:00:00,19.8,57,0.76,0.0
2024-12-17 04:00:00,18.9,61,0.81,0.0
2024-12-17 05:00:00,18.1,66,0.93,0.0
2024-12-17 06:00:00,17.9,70,0.6,0.0
2024-12-17 07:00:00,17.8,70,0.76,6.0
2024-12-17 08:00:00,19.8,61,1.33,122.0
2024-12-17 09:00:00,22.6,49,1.2,327.0
2024-12-17 10:00:00,26.3,34,1.3,517.0
2024-12-17 11:00:00,29.3,26,0.5,658.0
2024-12-17 12:00:00,30.7,23,1.11,736.0
2024-12-17 13:00:00,30.8,26,1.99,738.0
2024-12-17 14:00:00,30.7,30,2.21,672.0
2024-12-17 15:00:00,30.0,35,2.76,539.0
2024-12-17 16:00:00,28.5,41,2.9,359.0
2024-12-17 17:00:00,27.1,45,2.73,154.0
2024-12-17 18:00:00,25.6,54,3.43,14.0
2024-12-17 19:00:00,24.8,55,3.39,0.0
2024-12-17 20:00:00,24.4,52,2.72,0.0
2024-12-17 21:00:00,23.7,54,1.59,0.0
2024-12-17 22:00:00,22.8,58,0.97,0.0
2024-12-17 23:00:00,22.6,60,1.32,0.0
2024-12-18 00:00:00,21.8,63,1.0,0.0
2024-12-18 01:00:00,21.5,64,1.61,0.0
2024-12-18 02:00:00,20.7,67,1.24,0.0
2024-12-18 03:00:00,19.9,71,1.12,0.0
2024-12-18 04:00:00,19.0,74,0.96,0.0
2024-12-18 05:00:00,18.2,78,0.96,0.0
2024-12-18 06:00:00,18.2,76,1.4,0.0
2024-12-18 07:00:00,18.5,71,1.79,6.0
2024-12-18 08:00:00,20.3,61,2.15,122.0
2024-12-18 09:00:00,23.3,50,1.85,322.0
2024-12-18 10:00:00,27.1,37,1.36,510.0
2024-12-18 11:00:00,30.1,28,1.19,651.0
2024-12-18 12:00:00,31.8,23,0.85,729.0
2024-12-18 13:00:00,32.2,23,1.35,736.0
2024-12-18 14:00:00,31.9,25,2.04,670.0
2024-12-18 15:00:00,30.8,31,2.41,540.0
2024-12-18 16:00:00,29.2,38,2.54,360.0
2024-12-18 17:00:00,27.4,49,2.51,157.0
2024-12-18 18:00:00,25.7,67,2.91,14.0
2024-12-18 19:00:00,24.9,71,2.95,0.0
2024-12-18 20:00:00,24.2,71,2.8,0.0
2024-12-18 21:00:00,23.5,72,2.26,0.0
2024-12-18 22:00:00,22.7,71,1.26,0.0
2024-12-18 23:00:00,21.9,74,0.72,0.0
2024-12-19 00:00:00,21.8,74,0.16,0.0
2024-12-19 01:00:00,21.3,75,0.16,0.0
2024-12-19 02:00:00,20.8,77,0.22,0.0
2024-12-19 03:00:00,20.2,80,0.35,0.0
2024-12-19 04:00:00,19.5,83,0.57,0.0
2024-12-19 05:00:00,18.9,84,0.85,0.0
2024-12-19 06:00:00,18.3,89,0.65,0.0
2024-12-19 07:00:00,17.9,89,1.17,5.0
2024-12-19 08:00:00,19.4,80,1.36,108.0
2024-12-19 09:00:00,22.7,63,0.87,311.0
2024-12-19 10:00:00,26.2,47,0.47,504.0
2024-12-19 11:00:00,28.7,37,0.74,646.0
2024-12-19 12:00:00,29.7,34,1.82,723.0
2024-12-19 13:00:00,29.5,36,2.68,729.0
2024-12-19 14:00:00,29.2,40,2.87,664.0
2024-12-19 15:00:00,28.7,43,2.97,534.0
2024-12-19 16:00:00,27.6,48,2.98,354.0
2024-12-19 17:00:00,26.0,60,2.65,155.0
2024-12-19 18:00:00,24.9,76,3.16,14.0
2024-12-19 19:00:00,24.4,83,3.08,0.0
2024-12-19 20:00:00,23.8,86,2.75,0.0
2024-12-19 21:00:00,23.2,87,2.1,0.0
2024-12-19 22:00:00,22.7,89,1.53,0.0
2024-12-19 23:00:00,21.9,90,0.94,0.0
2024-12-20 00:00:00,21.2,90,0.8,0.0
2024-12-20 01:00:00,20.8,88,0.8,0.0
2024-12-20 02:00:00,20.4,86,0.85,0.0
2024-12-20 03:00:00,20.0,86,0.75,0.0
2024-12-20 04:00:00,20.0,82,0.91,0.0
2024-12-20 05:00:00,20.0,79,1.13,0.0
2024-12-20 06:00:00,19.9,79,1.44,0.0
2024-12-20 07:00:00,19.6,81,1.54,4.0
2024-12-20 08:00:00,20.6,78,1.59,103.0
2024-12-20 09:00:00,23.4,71,1.19,299.0
2024-12-20 10:00:00,25.8,62,1.28,487.0
2024-12-20 11:00:00,27.5,52,1.45,627.0
2024-12-20 12:00:00,28.2,50,2.22,704.0
2024-12-20 13:00:00,27.9,52,3.13,707.0
2024-12-20 14:00:00,27.5,51,3.56,650.0
2024-12-20 15:00:00,26.8,53,3.67,524.0
2024-12-20 16:00:00,25.9,60,3.61,348.0
2024-12-20 17:00:00,25.0,64,3.24,152.0
2024-12-20 18:00:00,24.3,70,2.84,15.0
2024-12-20 19:00:00,24.0,71,2.6,0.0
2024-12-20 20:00:00,23.6,74,2.23,0.0
2024-12-20 21:00:00,23.1,78,1.9,0.0
2024-12-20 22:00:00,22.5,82,1.45,0.0
2024-12-20 23:00:00,21.6,85,0.9,0.0
2024-12-21 00:00:00,21.0,86,0.76,0.0
2024-12-21 01:00:00,20.6,86,0.66,0.0
2024-12-21 02:00:00,20.3,84,0.65,0.0
2024-12-21 03:00:00,20.0,83,0.76,0.0
2024-12-21 04:00:00,19.5,85,0.78,0.0
2024-12-21 05:00:00,19.2,87,0.87,0.0
2024-12-21 06:00:00,19.7,93,0.65,0.0
2024-12-21 07:00:00,19.7,94,0.92,4.0
2024-12-21 08:00:00,21.1,86,0.97,106.0
2024-12-21 09:00:00,23.6,75,0.86,296.0
2024-12-21 10:00:00,25.7,65,0.73,480.0
2024-12-21 11:00:00,27.2,56,1.3,619.0
2024-12-21 12:00:00,27.9,54,2.09,695.0
2024-12-21 13:00:00,27.8,56,2.66,703.0
2024-12-21 14:00:00,27.4,58,2.92,641.0
2024-12-21 15:00:00,26.9,61,2.93,515.0
2024-12-21 16:00:00,26.3,64,2.7,342.0
2024-12-21 17:00:00,25.5,68,2.34,149.0
2024-12-21 18:00:00,25.1,71,2.22,15.0
2024-12-21 19:00:00,24.8,72,1.53,0.0
2024-12-21 20:00:00,24.3,76,0.93,0.0
2024-12-21 21:00:00,23.8,79,1.0,0.0
2024-12-21 22:00:00,23.3,81,1.21,0.0
2024-12-21 23:00:00,22.8,84,1.46,0.0
2024-12-22 00:00:00,22.5,85,1.32,0.0
2024-12-22 01:00:00,22.2,85,1.2,0.0
2024-12-22 02:00:00,21.8,87,1.13,0.0
2024-12-22 03:00:00,21.4,88,1.17,0.0
2024-12-22 04:00:00,21.1,89,1.31,0.0
2024-12-22 05:00:00,20.9,90,1.35,0.0
2024-12-22 06:00:00,20.9,90,1.18,0.0
2024-12-22 07:00:00,20.9,89,1.07,4.0
2024-12-22 08:00:00,22.2,83,0.6,99.0
2024-12-22 09:00:00,24.5,73,0.61,281.0
2024-12-22 10:00:00,26.3,65,1.01,465.0
2024-12-22 11:00:00,27.5,59,2.09,603.0
2024-12-22 12:00:00,27.8,58,2.57,639.0
2024-12-22 13:00:00,27.5,60,3.15,621.0
2024-12-22 14:00:00,26.9,63,3.32,573.0
2024-12-22 15:00:00,26.6,65,3.21,480.0
2024-12-22 16:00:00,26.0,66,2.89,317.0
2024-12-22 17:00:00,25.4,69,2.62,138.0
2024-12-22 18:00:00,24.8,76,1.9,13.0
2024-12-22 19:00:00,24.6,78,1.45,0.0
2024-12-22 20:00:00,24.2,81,1.41,0.0
2024-12-22 21:00:00,23.8,83,1.77,0.0
2024-12-22 22:00:00,23.3,85,1.55,0.0
2024-12-22 23:00:00,22.8,87,1.51,0.0
2024-12-23 00:00:00,22.4,88,1.52,0.0
2024-12-23 01:00:00,22.3,86,1.72,0.0
2024-12-23 02:00:00,21.9,85,2.3,0.0
2024-12-23 03:00:00,21.6,83,2.16,0.0
2024-12-23 04:00:00,21.4,84,1.83,0.0
2024-12-23 05:00:00,21.2,84,1.61,0.0
2024-12-23 06:00:00,21.7,88,0.97,0.0
2024-12-23 07:00:00,21.7,88,1.25,3.0
2024-12-23 08:00:00,22.7,80,1.17,78.0
2024-12-23 09:00:00,24.5,71,1.18,254.0
2024-12-23 10:00:00,25.9,63,1.36,408.0
2024-12-23 11:00:00,26.6,59,2.25,486.0
2024-12-23 12:00:00,27.3,56,3.11,634.0
2024-12-23 13:00:00,26.7,60,4.09,624.0
2024-12-23 14:00:00,26.2,61,3.89,576.0
2024-12-23 15:00:00,25.9,62,3.89,485.0
2024-12-23 16:00:00,25.5,61,4.07,324.0
2024-12-23 17:00:00,24.8,62,3.96,135.0
2024-12-23 18:00:00,24.7,65,3.53,14.0
2024-12-23 19:00:00,24.4,65,3.08,0.0
2024-12-23 20:00:00,24.1,64,2.94,0.0
2024-12-23 21:00:00,23.6,63,2.55,0.0
2024-12-23 22:00:00,23.1,64,2.35,0.0
2024-12-23 23:00:00,22.7,65,2.05,0.0
2024-12-24 00:00:00,22.3,66,1.97,0.0
2024-12-24 01:00:00,22.0,66,1.91,0.0
2024-12-24 02:00:00,21.6,67,1.81,0.0
2024-12-24 03:00:00,21.2,68,1.8,0.0
2024-12-24 04:00:00,21.2,67,2.34,0.0
2024-12-24 05:00:00,21.1,68,3.02,0.0
2024-12-24 06:00:00,20.7,73,2.7,0.0
2024-12-24 07:00:00,20.6,72,2.41,4.0
2024-12-24 08:00:00,21.6,68,1.83,97.0
2024-12-24 09:00:00,23.6,60,1.63,268.0
2024-12-24 10:00:00,25.4,55,1.41,345.0
2024-12-24 11:00:00,27.4,50,1.48,585.0
2024-12-24 12:00:00,28.3,48,2.52,666.0
2024-12-24 13:00:00,28.5,47,3.61,692.0
2024-12-24 14:00:00,28.2,46,4.46,629.0
2024-12-24 15:00:00,27.5,48,4.48,488.0
2024-12-24 16:00:00,26.5,53,4.38,326.0
2024-12-24 17:00:00,25.5,59,4.19,146.0
2024-12-24 18:00:00,24.6,64,3.81,15.0
2024-12-24 19:00:00,24.1,65,3.64,0.0
2024-12-24 20:00:00,23.7,62,3.68,0.0
2024-12-24 21:00:00,23.6,58,3.46,0.0
2024-12-24 22:00:00,23.2,57,3.4,0.0
2024-12-24 23:00:00,22.9,57,3.1,0.0
2024-12-25 00:00:00,22.4,59,3.05,0.0
2024-12-25 01:00:00,22.1,60,2.85,0.0
2024-12-25 02:00:00,22.0,59,2.65,0.0
2024-12-25 03:00:00,21.9,59,2.56,0.0
2024-12-25 04:00:00,21.6,60,2.82,0.0
2024-12-25 05:00:00,21.3,61,2.5,0.0
2024-12-25 06:00:00,20.5,65,2.84,0.0
2024-12-25 07:00:00,20.3,65,2.71,3.0
2024-12-25 08:00:00,21.2,61,1.72,103.0
2024-12-25 09:00:00,23.1,55,1.2,290.0
2024-12-25 10:00:00,25.6,51,1.01,470.0
2024-12-25 11:00:00,27.6,48,1.14,609.0
2024-12-25 12:00:00,28.7,46,1.98,689.0
2024-12-25 13:00:00,28.7,47,2.85,700.0
2024-12-25 14:00:00,28.3,50,3.58,641.0
2024-12-25 15:00:00,27.4,54,3.92,518.0
2024-12-25 16:00:00,26.6,58,3.79,347.0
2024-12-25 17:00:00,25.5,64,3.88,156.0
2024-12-25 18:00:00,24.3,73,3.8,17.0
2024-12-25 19:00:00,23.8,77,3.67,0.0
2024-12-25 20:00:00,23.5,76,3.57,0.0
2024-12-25 21:00:00,23.5,75,3.43,0.0
2024-12-25 22:00:00,23.3,74,2.76,0.0
2024-12-25 23:00:00,23.0,73,2.51,0.0
2024-12-26 00:00:00,23.1,71,2.35,0.0
2024-12-26 01:00:00,23.1,69,2.21,0.0
2024-12-26 02:00:00,23.1,68,2.64,0.0
2024-12-26 03:00:00,23.1,69,2.61,0.0
2024-12-26 04:00:00,22.7,71,2.42,0.0
2024-12-26 05:00:00,22.4,73,1.87,0.0
2024-12-26 06:00:00,21.8,75,0.99,0.0
2024-12-26 07:00:00,21.5,77,1.3,3.0
2024-12-26 08:00:00,22.9,70,1.38,93.0
2024-12-26 09:00:00,25.0,63,1.18,267.0
2024-12-26 10:00:00,27.3,56,0.8,461.0
2024-12-26 11:00:00,28.9,51,1.04,601.0
2024-12-26 12:00:00,29.6,51,2.04,680.0
2024-12-26 13:00:00,29.1,56,3.0,679.0
2024-12-26 14:00:00,28.9,57,2.98,615.0
2024-12-26 15:00:00,28.2,60,3.21,470.0
2024-12-26 16:00:00,27.3,65,3.08,316.0
2024-12-26 17:00:00,26.2,70,3.32,145.0
2024-12-26 18:00:00,24.8,78,3.58,17.0
2024-12-26 19:00:00,24.5,79,3.13,0.0
2024-12-26 20:00:00,24.2,79,2.84,0.0
2024-12-26 21:00:00,24.0,78,2.7,0.0
2024-12-26 22:00:00,23.7,79,2.63,0.0
2024-12-26 23:00:00,23.4,79,2.1,0.0
2024-12-27 00:00:00,23.0,80,1.91,0.0
2024-12-27 01:00:00,22.7,80,1.76,0.0
2024-12-27 02:00:00,22.6,80,1.99,0.0
2024-12-27 03:00:00,22.5,80,2.26,0.0
2024-12-27 04:00:00,22.3,80,2.0,0.0
2024-12-27 05:00:00,22.1,81,1.65,0.0
2024-12-27 06:00:00,21.8,77,1.47,0.0
2024-12-27 07:00:00,21.7,78,1.7,3.0
2024-12-27 08:00:00,23.2,72,1.52,98.0
2024-12-27 09:00:00,25.2,66,1.6,280.0
2024-12-27 10:00:00,27.1,58,1.95,460.0
2024-12-27 11:00:00,28.0,58,2.33,583.0
2024-12-27 12:00:00,28.2,60,2.95,662.0
2024-12-27 13:00:00,28.1,59,3.65,683.0
2024-12-27 14:00:00,27.9,55,4.04,625.0
2024-12-27 15:00:00,27.5,53,3.96,502.0
2024-12-27 16:00:00,27.0,55,3.84,338.0
2024-12-27 17:00:00,25.9,63,3.65,154.0
2024-12-27 18:00:00,24.9,76,3.34,17.0
2024-12-27 19:00:00,24.6,77,2.87,0.0
2024-12-27 20:00:00,24.2,78,2.67,0.0
2024-12-27 21:00:00,24.1,76,2.5,0.0
2024-12-27 22:00:00,23.9,73,2.29,0.0
2024-12-27 23:00:00,23.8,70,2.06,0.0
2024-12-28 00:00:00,23.5,70,1.79,0.0
2024-12-28 01:00:00,23.2,71,1.35,0.0
2024-12-28 02:00:00,22.8,73,1.27,0.0
2024-12-28 03:00:00,22.4,75,1.17,0.0
2024-12-28 04:00:00,22.0,78,0.99,0.0
2024-12-28 05:00:00,21.7,80,1.13,0.0
2024-12-28 06:00:00,22.2,75,1.12,0.0
2024-12-28 07:00:00,22.1,77,1.05,2.0
2024-12-28 08:00:00,23.1,73,1.2,84.0
2024-12-28 09:00:00,25.0,64,1.0,236.0
2024-12-28 10:00:00,26.3,61,1.18,342.0
2024-12-28 11:00:00,27.8,56,1.22,476.0
2024-12-28 12:00:00,29.5,49,1.26,611.0
2024-12-28 13:00:00,29.9,50,2.13,665.0
2024-12-28 14:00:00,29.1,56,3.38,611.0
2024-12-28 15:00:00,28.0,60,3.9,486.0
2024-12-28 16:00:00,27.4,61,3.54,331.0
2024-12-28 17:00:00,26.5,65,3.22,151.0
2024-12-28 18:00:00,25.4,74,2.69,18.0
2024-12-28 19:00:00,25.1,77,2.41,0.0
2024-12-28 20:00:00,24.7,77,2.45,0.0
2024-12-28 21:00:00,24.5,75,2.77,0.0
2024-12-28 22:00:00,24.3,74,2.71,0.0
2024-12-28 23:00:00,24.0,74,2.66,0.0
2024-12-29 00:00:00,23.7,74,2.66,0.0
2024-12-29 01:00:00,23.4,74,2.65,0.0
2024-12-29 02:00:00,23.2,74,2.7,0.0
2024-12-29 03:00:00,22.9,75,2.85,0.0
2024-12-29 04:00:00,22.7,75,2.43,0.0
2024-12-29 05:00:00,22.3,77,2.26,0.0
2024-12-29 06:00:00,22.2,81,1.68,0.0
2024-12-29 07:00:00,22.3,81,1.49,2.0
2024-12-29 08:00:00,23.1,78,1.07,63.0
2024-12-29 09:00:00,24.9,71,1.15,232.0
2024-12-29 10:00:00,27.4,63,0.96,459.0
2024-12-29 11:00:00,29.2,57,0.65,600.0
2024-12-29 12:00:00,30.3,54,1.33,680.0
2024-12-29 13:00:00,30.4,55,2.19,698.0
2024-12-29 14:00:00,29.8,60,2.98,634.0
2024-12-29 15:00:00,28.9,62,3.2,502.0
2024-12-29 16:00:00,28.1,64,3.26,339.0
2024-12-29 17:00:00,27.0,68,3.01,149.0
2024-12-29 18:00:00,26.1,73,3.04,18.0
2024-12-29 19:00:00,25.9,72,3.24,0.0
2024-12-29 20:00:00,25.8,71,3.37,0.0
2024-12-29 21:00:00,25.8,65,3.42,0.0
2024-12-29 22:00:00,25.6,64,3.12,0.0
2024-12-29 23:00:00,25.4,64,2.94,0.0
2024-12-30 00:00:00,25.0,65,3.07,0.0
2024-12-30 01:00:00,24.8,66,2.72,0.0
2024-12-30 02:00:00,24.6,66,2.39,0.0
2024-12-30 03:00:00,24.3,68,2.09,0.0
2024-12-30 04:00:00,23.9,70,2.02,0.0
2024-12-30 05:00:00,23.6,72,1.75,0.0
2024-12-30 06:00:00,23.4,73,1.63,0.0
2024-12-30 07:00:00,23.4,74,1.88,3.0
2024-12-30 08:00:00,24.6,70,2.05,97.0
2024-12-30 09:00:00,26.8,63,1.54,282.0
2024-12-30 10:00:00,29.7,53,1.32,465.0
2024-12-30 11:00:00,31.6,45,0.78,607.0
2024-12-30 12:00:00,32.6,40,0.61,690.0
2024-12-30 13:00:00,32.5,43,2.33,704.0
2024-12-30 14:00:00,31.4,53,3.0,634.0
2024-12-30 15:00:00,30.5,55,3.13,523.0
2024-12-30 16:00:00,29.6,53,3.01,351.0
2024-12-30 17:00:00,28.3,59,3.04,165.0
2024-12-30 18:00:00,27.0,70,3.25,20.0
2024-12-30 19:00:00,26.3,74,3.13,0.0
2024-12-30 20:00:00,25.8,74,2.96,0.0
2024-12-30 21:00:00,25.8,70,2.85,0.0
2024-12-30 22:00:00,25.8,68,2.37,0.0
2024-12-30 23:00:00,25.5,69,2.28,0.0
2024-12-31 00:00:00,25.1,70,2.11,0.0
2024-12-31 01:00:00,24.7,72,1.8,0.0
2024-12-31 02:00:00,24.4,73,1.92,0.0
2024-12-31 03:00:00,24.1,73,2.02,0.0
2024-12-31 04:00:00,23.7,74,1.93,0.0
2024-12-31 05:00:00,23.3,76,1.7,0.0
2024-12-31 06:00:00,23.0,77,1.66,0.0
2024-12-31 07:00:00,22.8,77,1.79,2.0
2024-12-31 08:00:00,24.1,72,2.12,97.0
2024-12-31 09:00:00,26.9,61,1.7,285.0
2024-12-31 10:00:00,30.2,47,1.59,470.0
2024-12-31 11:00:00,32.1,38,0.67,614.0
2024-12-31 12:00:00,33.0,34,0.45,697.0
2024-12-31 13:00:00,33.2,33,1.86,711.0
2024-12-31 14:00:00,32.3,41,3.08,655.0
2024-12-31 15:00:00,31.4,43,3.39,535.0
2024-12-31 16:00:00,30.5,43,3.29,363.0
2024-12-31 17:00:00,29.2,48,2.65,168.0
2024-12-31 18:00:00,27.0,64,2.84,21.0
2024-12-31 19:00:00,26.4,69,3.24,0.0
2024-12-31 20:00:00,26.7,64,3.45,0.0
2024-12-31 21:00:00,26.6,60,2.85,0.0
2024-12-31 22:00:00,26.5,59,2.19,0.0
2024-12-31 23:00:00,26.1,61,1.93,0.0
2025-01-01 00:00:00,25.8,65,1.95,0.0
2025-01-01 01:00:00,25.4,68,2.42,0.0
2025-01-01 02:00:00,25.2,69,2.51,0.0
2025-01-01 03:00:00,24.8,70,2.04,0.0
2025-01-01 04:00:00,24.2,71,1.84,0.0
2025-01-01 05:00:00,23.7,73,1.74,0.0
2025-01-01 06:00:00,22.8,78,1.86,0.0
2025-01-01 07:00:00,22.4,78,1.93,2.0
2025-01-01 08:00:00,23.5,72,1.67,98.0
2025-01-01 09:00:00,26.1,60,1.35,287.0
2025-01-01 10:00:00,28.8,49,1.03,473.0
2025-01-01 11:00:00,31.0,41,0.32,618.0
2025-01-01 12:00:00,32.0,38,0.92,703.0
2025-01-01 13:00:00,32.4,37,1.83,720.0
2025-01-01 14:00:00,31.8,42,2.66,663.0
2025-01-01 15:00:00,30.6,50,3.15,540.0
2025-01-01 16:00:00,29.0,56,3.58,367.0
2025-01-01 17:00:00,27.6,59,3.26,171.0
2025-01-01 18:00:00,26.4,71,3.37,22.0
2025-01-01 19:00:00,26.0,74,3.58,0.0
2025-01-01 20:00:00,26.0,69,3.58,0.0
2025-01-01 21:00:00,26.3,60,3.33,0.0
2025-01-01 22:00:00,26.1,59,2.85,0.0
2025-01-01 23:00:00,25.7,61,2.7,0.0
2025-01-02 00:00:00,25.2,62,2.17,0.0
2025-01-02 01:00:00,24.4,65,1.0,0.0
2025-01-02 02:00:00,23.6,70,0.74,0.0
2025-01-02 03:00:00,23.3,71,1.33,0.0
2025-01-02 04:00:00,22.6,75,1.77,0.0
2025-01-02 05:00:00,22.0,79,1.98,0.0
2025-01-02 06:00:00,21.4,81,2.13,0.0
2025-01-02 07:00:00,21.3,82,2.1,2.0
2025-01-02 08:00:00,22.7,76,1.98,100.0
2025-01-02 09:00:00,25.4,63,1.3,293.0
2025-01-02 10:00:00,28.5,49,1.19,482.0
2025-01-02 11:00:00,30.9,40,0.92,630.0
2025-01-02 12:00:00,32.3,34,1.01,716.0
2025-01-02 13:00:00,32.8,33,1.74,732.0
2025-01-02 14:00:00,32.5,38,2.55,676.0
2025-01-02 15:00:00,31.6,43,3.33,552.0
2025-01-02 16:00:00,30.3,50,3.54,376.0
2025-01-02 17:00:00,29.0,50,3.68,177.0
2025-01-02 18:00:00,27.3,62,3.65,23.0
2025-01-02 19:00:00,26.9,61,4.08,0.0
2025-01-02 20:00:00,27.2,52,4.19,0.0
2025-01-02 21:00:00,27.0,52,3.8,0.0
2025-01-02 22:00:00,26.6,54,3.25,0.0
2025-01-02 23:00:00,26.1,55,2.04,0.0
2025-01-03 00:00:00,25.0,59,1.53,0.0
2025-01-03 01:00:00,24.1,62,1.57,0.0
2025-01-03 02:00:00,23.3,65,1.76,0.0
2025-01-03 03:00:00,22.6,66,1.67,0.0
2025-01-03 04:00:00,22.1,67,1.51,0.0
2025-01-03 05:00:00,21.7,68,1.39,0.0
2025-01-03 06:00:00,21.5,67,1.55,0.0
2025-01-03 07:00:00,21.2,68,1.57,2.0
2025-01-03 08:00:00,22.3,63,2.15,100.0
2025-01-03 09:00:00,25.5,51,1.71,297.0
2025-01-03 10:00:00,28.9,38,1.65,488.0
2025-01-03 11:00:00,31.3,31,1.6,637.0
2025-01-03 12:00:00,33.0,26,0.56,724.0
2025-01-03 13:00:00,33.4,25,1.19,741.0
2025-01-03 14:00:00,32.6,33,2.78,685.0
2025-01-03 15:00:00,31.5,38,2.94,560.0
2025-01-03 16:00:00,30.6,41,3.05,384.0
2025-01-03 17:00:00,28.8,48,2.84,183.0
2025-01-03 18:00:00,27.1,62,3.19,25.0
2025-01-03 19:00:00,25.7,67,3.42,0.0
2025-01-03 20:00:00,26.0,55,3.81,0.0
2025-01-03 21:00:00,26.2,46,3.46,0.0
2025-01-03 22:00:00,25.7,47,2.95,0.0
2025-01-03 23:00:00,24.8,50,1.79,0.0
2025-01-04 00:00:00,23.7,53,1.19,0.0
2025-01-04 01:00:00,22.9,55,1.04,0.0
2025-01-04 02:00:00,22.2,59,0.6,0.0
2025-01-04 03:00:00,21.4,62,0.35,0.0
2025-01-04 04:00:00,20.6,64,0.65,0.0
2025-01-04 05:00:00,20.1,63,0.93,0.0
2025-01-04 06:00:00,19.3,62,1.04,0.0
2025-01-04 07:00:00,19.3,62,1.72,2.0
2025-01-04 08:00:00,21.1,54,2.3,103.0
2025-01-04 09:00:00,24.4,44,2.12,305.0
2025-01-04 10:00:00,28.6,29,1.41,499.0
2025-01-04 11:00:00,31.5,21,1.73,650.0
2025-01-04 12:00:00,32.9,16,0.82,738.0
2025-01-04 13:00:00,32.9,18,1.75,753.0
2025-01-04 14:00:00,31.0,33,3.31,695.0
2025-01-04 15:00:00,30.0,32,3.04,570.0
2025-01-04 16:00:00,29.6,32,2.3,394.0
2025-01-04 17:00:00,28.4,39,2.42,189.0
2025-01-04 18:00:00,26.5,54,2.42,26.0
2025-01-04 19:00:00,25.7,60,2.43,0.0
2025-01-04 20:00:00,24.9,63,2.02,0.0
2025-01-04 21:00:00,24.3,58,1.17,0.0
2025-01-04 22:00:00,23.6,57,0.96,0.0
2025-01-04 23:00:00,23.4,57,0.65,0.0
2025-01-05 00:00:00,22.7,61,0.86,0.0
2025-01-05 01:00:00,22.3,65,0.85,0.0
2025-01-05 02:00:00,22.0,67,1.05,0.0
2025-01-05 03:00:00,21.6,69,1.22,0.0
2025-01-05 04:00:00,21.6,71,1.71,0.0
2025-01-05 05:00:00,21.3,73,1.51,0.0
2025-01-05 06:00:00,21.5,72,1.55,0.0
2025-01-05 07:00:00,21.3,73,1.55,2.0
2025-01-05 08:00:00,22.4,65,1.77,85.0
2025-01-05 09:00:00,24.4,50,1.38,253.0
2025-01-05 10:00:00,26.3,43,1.44,397.0
2025-01-05 11:00:00,26.9,41,1.36,340.0
2025-01-05 12:00:00,28.4,39,1.53,539.0
2025-01-05 13:00:00,29.1,41,2.22,595.0
2025-01-05 14:00:00,29.2,47,2.94,652.0
2025-01-05 15:00:00,27.8,58,3.26,390.0
2025-01-05 16:00:00,26.6,65,3.61,272.0
2025-01-05 17:00:00,25.4,67,3.75,156.0
2025-01-05 18:00:00,24.8,72,3.5,15.0
2025-01-05 19:00:00,24.5,75,3.09,0.0
2025-01-05 20:00:00,24.3,76,2.95,0.0
2025-01-05 21:00:00,24.3,71,3.16,0.0
2025-01-05 22:00:00,24.2,65,2.99,0.0
2025-01-05 23:00:00,23.6,66,3.09,0.0
2025-01-06 00:00:00,22.7,72,2.8,0.0
2025-01-06 01:00:00,22.1,78,2.8,0.0
2025-01-06 02:00:00,21.8,82,2.84,0.0
2025-01-06 03:00:00,21.5,80,2.76,0.0
2025-01-06 04:00:00,21.2,76,2.76,0.0
2025-01-06 05:00:00,21.1,69,3.37,0.0
2025-01-06 06:00:00,20.4,65,3.56,0.0
2025-01-06 07:00:00,20.0,66,3.06,2.0
2025-01-06 08:00:00,21.0,63,2.8,98.0
2025-01-06 09:00:00,22.8,56,2.9,293.0
2025-01-06 10:00:00,25.1,48,2.9,486.0
2025-01-06 11:00:00,27.3,41,3.09,635.0
2025-01-06 12:00:00,29.0,35,3.24,723.0
2025-01-06 13:00:00,29.9,32,3.44,741.0
2025-01-06 14:00:00,29.8,34,4.08,688.0
2025-01-06 15:00:00,28.8,41,4.58,566.0
2025-01-06 16:00:00,27.4,51,4.55,392.0
2025-01-06 17:00:00,26.0,58,4.17,190.0
2025-01-06 18:00:00,24.2,67,4.09,28.0
2025-01-06 19:00:00,23.5,64,4.1,0.0
2025-01-06 20:00:00,23.0,61,3.9,0.0
2025-01-06 21:00:00,22.5,59,3.57,0.0
2025-01-06 22:00:00,21.8,60,3.36,0.0
2025-01-06 23:00:00,21.3,59,3.57,0.0
2025-01-07 00:00:00,20.9,56,3.37,0.0
2025-01-07 01:00:00,20.6,54,2.95,0.0
2025-01-07 02:00:00,20.2,54,2.55,0.0
2025-01-07 03:00:00,19.9,54,2.3,0.0
2025-01-07 04:00:00,19.6,56,2.25,0.0
2025-01-07 05:00:00,19.3,57,2.2,0.0
2025-01-07 06:00:00,18.7,64,1.92,0.0
2025-01-07 07:00:00,18.5,66,1.83,2.0
2025-01-07 08:00:00,19.7,62,1.68,97.0
2025-01-07 09:00:00,22.3,55,1.42,291.0
2025-01-07 10:00:00,25.4,48,1.57,483.0
2025-01-07 11:00:00,28.2,41,1.52,632.0
2025-01-07 12:00:00,30.3,35,1.35,722.0
2025-01-07 13:00:00,31.4,32,1.36,741.0
2025-01-07 14:00:00,31.4,34,2.31,688.0
2025-01-07 15:00:00,30.1,45,3.31,567.0
2025-01-07 16:00:00,29.0,53,3.55,393.0
2025-01-07 17:00:00,27.4,66,3.3,192.0
2025-01-07 18:00:00,26.6,73,3.39,29.0
2025-01-07 19:00:00,26.1,64,3.4,0.0
2025-01-07 20:00:00,26.1,53,4.6,0.0
2025-01-07 21:00:00,25.6,47,3.97,0.0
2025-01-07 22:00:00,25.0,49,3.47,0.0
2025-01-07 23:00:00,24.5,51,3.24,0.0
2025-01-08 00:00:00,24.1,53,3.15,0.0
2025-01-08 01:00:00,23.6,56,3.22,0.0
2025-01-08 02:00:00,23.0,58,3.12,0.0
2025-01-08 03:00:00,22.3,61,2.91,0.0
2025-01-08 04:00:00,21.7,63,2.62,0.0
2025-01-08 05:00:00,21.2,65,2.32,0.0
2025-01-08 06:00:00,20.5,68,1.98,0.0
2025-01-08 07:00:00,20.0,70,1.63,2.0
2025-01-08 08:00:00,20.9,67,1.03,97.0
2025-01-08 09:00:00,23.3,58,0.92,293.0
2025-01-08 10:00:00,26.4,47,0.86,485.0
2025-01-08 11:00:00,29.0,39,0.56,634.0
2025-01-08 12:00:00,30.4,36,0.93,723.0
2025-01-08 13:00:00,30.6,38,2.39,741.0
2025-01-08 14:00:00,30.0,43,3.04,686.0
2025-01-08 15:00:00,29.3,45,3.21,567.0
2025-01-08 16:00:00,28.4,46,3.19,396.0
2025-01-08 17:00:00,27.2,49,2.81,193.0
2025-01-08 18:00:00,25.8,61,2.79,30.0
2025-01-08 19:00:00,25.2,64,2.88,0.0
2025-01-08 20:00:00,25.1,60,3.02,0.0
2025-01-08 21:00:00,25.2,53,2.79,0.0
2025-01-08 22:00:00,25.3,47,2.71,0.0
2025-01-08 23:00:00,25.1,43,2.64,0.0
2025-01-09 00:00:00,24.2,44,2.27,0.0
2025-01-09 01:00:00,23.2,48,2.39,0.0
2025-01-09 02:00:00,22.4,52,2.01,0.0
2025-01-09 03:00:00,21.8,54,1.77,0.0
2025-01-09 04:00:00,21.4,55,2.09,0.0
2025-01-09 05:00:00,20.9,56,2.12,0.0
2025-01-09 06:00:00,20.6,58,2.5,0.0
2025-01-09 07:00:00,20.4,58,2.68,2.0
2025-01-09 08:00:00,21.5,54,2.9,98.0
2025-01-09 09:00:00,24.2,46,2.51,293.0
2025-01-09 10:00:00,27.3,35,2.47,486.0
2025-01-09 11:00:00,29.7,31,2.1,637.0
2025-01-09 12:00:00,31.5,27,1.33,724.0
2025-01-09 13:00:00,32.0,25,0.52,744.0
2025-01-09 14:00:00,32.0,26,1.7,693.0
2025-01-09 15:00:00,31.4,29,2.55,574.0
2025-01-09 16:00:00,30.1,35,3.12,400.0
2025-01-09 17:00:00,28.5,39,2.89,197.0
2025-01-09 18:00:00,26.8,51,2.98,31.0
2025-01-09 19:00:00,25.6,59,3.18,0.0
2025-01-09 20:00:00,25.1,59,3.29,0.0
2025-01-09 21:00:00,25.1,53,2.89,0.0
2025-01-09 22:00:00,24.4,54,1.93,0.0
2025-01-09 23:00:00,23.5,56,1.36,0.0
2025-01-10 00:00:00,22.9,56,1.17,0.0
2025-01-10 01:00:00,22.5,56,1.13,0.0
2025-01-10 02:00:00,22.2,57,1.5,0.0
2025-01-10 03:00:00,21.6,58,1.57,0.0
2025-01-10 04:00:00,20.8,61,1.49,0.0
2025-01-10 05:00:00,20.4,63,1.36,0.0
2025-01-10 06:00:00,21.1,56,2.0,0.0
2025-01-10 07:00:00,20.5,57,1.83,2.0
2025-01-10 08:00:00,21.6,54,1.83,96.0
2025-01-10 09:00:00,24.3,47,1.52,291.0
2025-01-10 10:00:00,27.2,38,1.3,483.0
2025-01-10 11:00:00,29.4,33,0.92,633.0
2025-01-10 12:00:00,30.8,29,0.65,722.0
2025-01-10 13:00:00,31.3,28,1.28,743.0
2025-01-10 14:00:00,31.1,29,2.17,687.0
2025-01-10 15:00:00,30.4,32,2.61,568.0
2025-01-10 16:00:00,29.5,34,2.54,395.0
2025-01-10 17:00:00,28.1,38,2.66,195.0
2025-01-10 18:00:00,26.3,54,2.43,32.0
2025-01-10 19:00:00,25.7,62,2.52,0.0
2025-01-10 20:00:00,25.3,66,2.55,0.0
2025-01-10 21:00:00,24.7,71,0.97,0.0
2025-01-10 22:00:00,24.0,72,1.02,0.0
2025-01-10 23:00:00,23.5,69,1.95,0.0
2025-01-11 00:00:00,22.8,70,0.54,0.0
2025-01-11 01:00:00,22.2,70,0.6,0.0
2025-01-11 02:00:00,21.8,69,0.82,0.0
2025-01-11 03:00:00,21.4,68,0.85,0.0
2025-01-11 04:00:00,20.9,69,0.83,0.0
2025-01-11 05:00:00,20.5,70,0.89,0.0
2025-01-11 06:00:00,20.8,71,1.3,0.0
2025-01-11 07:00:00,20.7,72,1.34,2.0
2025-01-11 08:00:00,22.2,67,1.63,91.0
2025-01-11 09:00:00,24.3,60,1.66,274.0
2025-01-11 10:00:00,26.5,49,2.29,464.0
2025-01-11 11:00:00,27.9,43,2.44,608.0
2025-01-11 12:00:00,28.6,44,2.87,711.0
2025-01-11 13:00:00,28.3,50,3.59,734.0
2025-01-11 14:00:00,28.0,49,4.0,684.0
2025-01-11 15:00:00,27.6,46,4.21,568.0
2025-01-11 16:00:00,27.1,46,4.1,398.0
2025-01-11 17:00:00,25.9,52,3.83,196.0
2025-01-11 18:00:00,24.4,68,3.4,32.0
2025-01-11 19:00:00,23.7,76,3.44,0.0
2025-01-11 20:00:00,23.4,77,3.4,0.0
2025-01-11 21:00:00,23.1,77,3.36,0.0
2025-01-11 22:00:00,22.9,75,2.96,0.0
2025-01-11 23:00:00,22.5,78,2.4,0.0
2025-01-12 00:00:00,21.9,80,1.9,0.0
2025-01-12 01:00:00,21.3,79,1.77,0.0
2025-01-12 02:00:00,20.7,77,1.71,0.0
2025-01-12 03:00:00,20.6,76,2.46,0.0
2025-01-12 04:00:00,20.8,76,2.66,0.0
2025-01-12 05:00:00,20.9,75,2.6,0.0
2025-01-12 06:00:00,20.8,79,3.02,0.0
2025-01-12 07:00:00,20.8,76,3.36,2.0
2025-01-12 08:00:00,21.6,69,2.6,93.0
2025-01-12 09:00:00,23.4,58,2.09,286.0
2025-01-12 10:00:00,25.7,49,1.76,478.0
2025-01-12 11:00:00,28.1,41,1.86,629.0
2025-01-12 12:00:00,29.5,36,2.33,720.0
2025-01-12 13:00:00,30.0,37,3.02,741.0
2025-01-12 14:00:00,29.7,42,3.82,690.0
2025-01-12 15:00:00,29.0,46,4.21,572.0
2025-01-12 16:00:00,28.2,48,4.37,400.0
2025-01-12 17:00:00,26.8,53,4.01,200.0
2025-01-12 18:00:00,25.1,67,3.83,33.0
2025-01-12 19:00:00,24.5,68,3.77,0.0
2025-01-12 20:00:00,24.6,58,3.82,0.0
2025-01-12 21:00:00,24.3,53,3.45,0.0
2025-01-12 22:00:00,24.1,52,3.35,0.0
2025-01-12 23:00:00,23.7,50,3.01,0.0
2025-01-13 00:00:00,23.3,50,2.38,0.0
2025-01-13 01:00:00,23.0,53,1.75,0.0
2025-01-13 02:00:00,22.5,58,1.57,0.0
2025-01-13 03:00:00,22.2,62,1.77,0.0
2025-01-13 04:00:00,22.0,66,2.02,0.0
2025-01-13 05:00:00,22.1,67,2.37,0.0
2025-01-13 06:00:00,22.3,66,3.05,0.0
2025-01-13 07:00:00,22.1,67,3.11,2.0
2025-01-13 08:00:00,23.1,64,2.87,92.0
2025-01-13 09:00:00,25.4,56,2.87,284.0
2025-01-13 10:00:00,28.2,47,2.84,474.0
2025-01-13 11:00:00,30.4,41,2.8,625.0
2025-01-13 12:00:00,32.0,37,1.74,716.0
2025-01-13 13:00:00,32.7,35,0.35,735.0
2025-01-13 14:00:00,32.4,37,2.62,680.0
2025-01-13 15:00:00,30.6,48,3.73,564.0
2025-01-13 16:00:00,29.3,52,3.89,397.0
2025-01-13 17:00:00,28.2,55,3.38,201.0
2025-01-13 18:00:00,26.5,67,3.21,35.0
2025-01-13 19:00:00,25.9,67,3.59,0.0
2025-01-13 20:00:00,25.7,63,3.27,0.0
2025-01-13 21:00:00,25.7,59,3.35,0.0
2025-01-13 22:00:00,25.7,54,2.04,0.0
2025-01-13 23:00:00,24.8,59,0.27,0.0
2025-01-14 00:00:00,24.0,60,0.63,0.0
2025-01-14 01:00:00,23.6,60,0.94,0.0
2025-01-14 02:00:00,22.9,63,0.81,0.0
2025-01-14 03:00:00,22.4,64,0.94,0.0
2025-01-14 04:00:00,22.1,63,1.14,0.0
2025-01-14 05:00:00,21.6,66,1.01,0.0
2025-01-14 06:00:00,22.3,65,1.85,0.0
2025-01-14 07:00:00,22.6,64,2.06,2.0
2025-01-14 08:00:00,24.1,58,2.08,88.0
2025-01-14 09:00:00,26.7,51,1.69,280.0
2025-01-14 10:00:00,29.3,42,2.05,470.0
2025-01-14 11:00:00,31.5,36,2.13,624.0
2025-01-14 12:00:00,32.6,33,2.23,716.0
2025-01-14 13:00:00,32.9,33,2.29,736.0
2025-01-14 14:00:00,32.1,37,2.78,682.0
2025-01-14 15:00:00,30.6,45,3.05,567.0
2025-01-14 16:00:00,29.2,52,2.89,402.0
2025-01-14 17:00:00,28.0,57,2.62,202.0
2025-01-14 18:00:00,26.3,68,3.33,35.0
2025-01-14 19:00:00,25.3,72,3.29,0.0
2025-01-14 20:00:00,24.7,74,2.57,0.0
2025-01-14 21:00:00,24.6,69,2.15,0.0
2025-01-14 22:00:00,24.6,67,1.84,0.0
2025-01-14 23:00:00,24.5,67,1.57,0.0
2025-01-15 00:00:00,24.0,69,0.83,0.0
2025-01-15 01:00:00,23.7,70,0.85,0.0
2025-01-15 02:00:00,23.3,71,0.86,0.0
2025-01-15 03:00:00,23.0,72,0.92,0.0
2025-01-15 04:00:00,22.7,74,0.76,0.0
2025-01-15 05:00:00,22.6,75,0.62,0.0
2025-01-15 06:00:00,21.9,77,0.71,0.0
2025-01-15 07:00:00,22.1,78,1.43,2.0
2025-01-15 08:00:00,23.4,74,1.78,89.0
2025-01-15 09:00:00,25.6,65,1.33,279.0
2025-01-15 10:00:00,27.7,54,0.84,466.0
2025-01-15 11:00:00,29.3,49,0.94,617.0
2025-01-15 12:00:00,30.2,47,1.74,709.0
2025-01-15 13:00:00,29.6,52,3.25,732.0
2025-01-15 14:00:00,28.6,55,3.98,681.0
2025-01-15 15:00:00,27.9,57,4.45,568.0
2025-01-15 16:00:00,27.1,61,4.35,400.0
2025-01-15 17:00:00,26.1,67,3.72,202.0
2025-01-15 18:00:00,24.7,75,3.46,36.0
2025-01-15 19:00:00,24.0,80,3.34,0.0
2025-01-15 20:00:00,23.8,78,2.87,0.0
2025-01-15 21:00:00,23.6,72,2.26,0.0
2025-01-15 22:00:00,23.4,71,1.89,0.0
2025-01-15 23:00:00,23.2,70,1.7,0.0
2025-01-16 00:00:00,22.9,70,1.48,0.0
2025-01-16 01:00:00,22.6,71,2.11,0.0
2025-01-16 02:00:00,22.2,74,2.77,0.0
2025-01-16 03:00:00,21.8,75,3.12,0.0
2025-01-16 04:00:00,21.4,75,3.1,0.0
2025-01-16 05:00:00,21.0,76,2.84,0.0
2025-01-16 06:00:00,20.4,79,2.75,0.0
2025-01-16 07:00:00,20.2,80,3.05,2.0
2025-01-16 08:00:00,21.3,74,2.85,93.0
2025-01-16 09:00:00,23.5,65,2.21,286.0
2025-01-16 10:00:00,26.0,57,2.0,479.0
2025-01-16 11:00:00,28.3,50,2.3,629.0
2025-01-16 12:00:00,29.6,46,2.92,721.0
2025-01-16 13:00:00,29.7,47,3.94,743.0
2025-01-16 14:00:00,29.2,51,4.53,694.0
2025-01-16 15:00:00,28.6,55,4.69,576.0
2025-01-16 16:00:00,27.7,60,4.55,407.0
2025-01-16 17:00:00,26.5,65,4.29,207.0
2025-01-16 18:00:00,24.9,74,3.92,38.0
2025-01-16 19:00:00,24.3,76,3.53,0.0
2025-01-16 20:00:00,24.3,69,3.6,0.0
2025-01-16 21:00:00,24.4,64,3.5,0.0
2025-01-16 22:00:00,24.3,63,2.98,0.0
2025-01-16 23:00:00,24.1,63,3.11,0.0
2025-01-17 00:00:00,23.8,63,2.89,0.0
2025-01-17 01:00:00,23.6,63,2.52,0.0
2025-01-17 02:00:00,23.3,64,1.97,0.0
2025-01-17 03:00:00,23.1,66,2.61,0.0
2025-01-17 04:00:00,23.1,66,2.48,0.0
2025-01-17 05:00:00,23.2,67,2.8,0.0
2025-01-17 06:00:00,23.0,71,2.41,0.0
2025-01-17 07:00:00,22.9,71,2.66,1.0
2025-01-17 08:00:00,23.9,67,2.53,91.0
2025-01-17 09:00:00,26.2,59,1.83,282.0
2025-01-17 10:00:00,29.1,47,1.71,475.0
2025-01-17 11:00:00,31.2,40,1.51,628.0
2025-01-17 12:00:00,32.7,35,0.61,723.0
2025-01-17 13:00:00,33.4,32,1.1,748.0
2025-01-17 14:00:00,32.4,40,2.97,684.0
2025-01-17 15:00:00,30.7,49,3.48,530.0
2025-01-17 16:00:00,29.3,54,4.15,399.0
2025-01-17 17:00:00,27.7,57,3.75,204.0
2025-01-17 18:00:00,26.2,69,3.15,39.0
2025-01-17 19:00:00,25.4,75,2.52,0.0
2025-01-17 20:00:00,25.4,73,2.76,0.0
2025-01-17 21:00:00,25.1,72,3.53,0.0
2025-01-17 22:00:00,25.2,66,2.66,0.0
2025-01-17 23:00:00,25.4,62,2.35,0.0
2025-01-18 00:00:00,25.4,59,1.99,0.0
2025-01-18 01:00:00,24.5,60,1.41,0.0
2025-01-18 02:00:00,23.8,60,1.45,0.0
2025-01-18 03:00:00,23.6,58,1.93,0.0
2025-01-18 04:00:00,23.4,57,2.09,0.0
2025-01-18 05:00:00,23.1,57,1.92,0.0
2025-01-18 06:00:00,22.5,60,1.57,0.0
2025-01-18 07:00:00,22.2,59,1.94,2.0
2025-01-18 08:00:00,23.9,52,2.55,97.0
2025-01-18 09:00:00,26.6,42,2.26,297.0
2025-01-18 10:00:00,29.3,34,3.15,495.0
2025-01-18 11:00:00,31.7,28,3.26,651.0
2025-01-18 12:00:00,33.4,23,2.85,746.0
2025-01-18 13:00:00,34.0,21,1.28,772.0
2025-01-18 14:00:00,33.7,21,1.44,723.0
2025-01-18 15:00:00,33.3,23,1.87,604.0
2025-01-18 16:00:00,32.9,25,2.12,428.0
2025-01-18 17:00:00,31.4,32,2.77,222.0
2025-01-18 18:00:00,27.2,63,4.14,42.0
2025-01-18 19:00:00,26.1,61,3.89,0.0
2025-01-18 20:00:00,25.8,60,3.8,0.0
2025-01-18 21:00:00,25.9,51,3.39,0.0
2025-01-18 22:00:00,25.2,54,2.21,0.0
2025-01-18 23:00:00,24.7,56,1.7,0.0
2025-01-19 00:00:00,24.0,57,1.39,0.0
2025-01-19 01:00:00,23.6,57,1.3,0.0
2025-01-19 02:00:00,23.3,56,1.55,0.0
2025-01-19 03:00:00,22.5,57,1.14,0.0
2025-01-19 04:00:00,21.9,58,1.08,0.0
2025-01-19 05:00:00,21.5,58,1.55,0.0
2025-01-19 06:00:00,21.3,59,1.95,0.0
2025-01-19 07:00:00,21.0,60,1.91,2.0
2025-01-19 08:00:00,22.3,55,2.11,96.0
2025-01-19 09:00:00,25.2,46,1.74,295.0
2025-01-19 10:00:00,28.7,36,1.42,493.0
2025-01-19 11:00:00,31.0,31,1.17,649.0
2025-01-19 12:00:00,32.9,26,0.1,745.0
2025-01-19 13:00:00,33.2,25,1.18,770.0
2025-01-19 14:00:00,33.1,26,2.6,722.0
2025-01-19 15:00:00,31.9,32,3.57,605.0
2025-01-19 16:00:00,30.7,35,3.42,431.0
2025-01-19 17:00:00,29.0,42,3.18,224.0
2025-01-19 18:00:00,27.3,53,3.18,44.0
2025-01-19 19:00:00,26.7,55,3.51,0.0
2025-01-19 20:00:00,26.4,49,3.65,0.0
2025-01-19 21:00:00,26.1,46,3.25,0.0
2025-01-19 22:00:00,25.6,46,2.4,0.0
2025-01-19 23:00:00,24.8,46,1.25,0.0
2025-01-20 00:00:00,24.5,46,1.4,0.0
2025-01-20 01:00:00,23.6,50,0.98,0.0
2025-01-20 02:00:00,23.0,51,1.0,0.0
2025-01-20 03:00:00,22.3,54,1.03,0.0
2025-01-20 04:00:00,21.8,56,0.94,0.0
2025-01-20 05:00:00,21.3,58,1.01,0.0
2025-01-20 06:00:00,21.2,60,1.03,0.0
2025-01-20 07:00:00,20.9,62,1.2,2.0
2025-01-20 08:00:00,22.2,58,1.67,96.0
2025-01-20 09:00:00,25.1,49,1.34,294.0
2025-01-20 10:00:00,28.6,38,0.93,493.0
2025-01-20 11:00:00,31.2,29,0.61,648.0
2025-01-20 12:00:00,32.7,26,0.29,746.0
2025-01-20 13:00:00,33.2,25,1.45,771.0
2025-01-20 14:00:00,32.6,30,2.83,723.0
2025-01-20 15:00:00,31.6,33,3.42,606.0
2025-01-20 16:00:00,30.5,35,3.19,432.0
2025-01-20 17:00:00,29.1,41,3.05,226.0
2025-01-20 18:00:00,27.5,53,2.89,45.0
2025-01-20 19:00:00,26.9,53,3.45,0.0
2025-01-20 20:00:00,26.4,49,3.56,0.0
2025-01-20 21:00:00,26.0,48,3.39,0.0
2025-01-20 22:00:00,25.7,48,2.95,0.0
2025-01-20 23:00:00,25.3,47,1.93,0.0
2025-01-21 00:00:00,24.5,47,1.51,0.0
2025-01-21 01:00:00,24.2,48,1.63,0.0
2025-01-21 02:00:00,23.3,53,1.2,0.0
2025-01-21 03:00:00,22.4,56,0.94,0.0
2025-01-21 04:00:00,21.9,58,0.96,0.0
2025-01-21 05:00:00,21.3,60,1.1,0.0
2025-01-21 06:00:00,21.3,68,1.53,0.0
2025-01-21 07:00:00,20.9,69,1.65,2.0
2025-01-21 08:00:00,22.2,63,1.41,97.0
2025-01-21 09:00:00,24.6,53,0.99,298.0
2025-01-21 10:00:00,27.8,43,0.65,497.0
2025-01-21 11:00:00,30.1,35,0.53,653.0
2025-01-21 12:00:00,31.4,32,1.21,750.0
2025-01-21 13:00:00,31.3,36,2.62,774.0
2025-01-21 14:00:00,31.0,40,3.0,725.0
2025-01-21 15:00:00,30.7,39,2.95,609.0
2025-01-21 16:00:00,30.0,40,3.05,436.0
2025-01-21 17:00:00,28.6,44,3.3,230.0
2025-01-21 18:00:00,26.6,62,2.83,47.0
2025-01-21 19:00:00,26.0,62,3.34,0.0
2025-01-21 20:00:00,25.7,58,3.28,0.0
2025-01-21 21:00:00,25.3,58,2.93,0.0
2025-01-21 22:00:00,25.0,54,2.11,0.0
2025-01-21 23:00:00,24.4,53,1.18,0.0
2025-01-22 00:00:00,24.3,52,1.67,0.0
2025-01-22 01:00:00,23.8,53,2.1,0.0
2025-01-22 02:00:00,23.3,55,1.87,0.0
2025-01-22 03:00:00,22.8,57,1.76,0.0
2025-01-22 04:00:00,22.2,59,1.65,0.0
2025-01-22 05:00:00,21.3,62,1.12,0.0
2025-01-22 06:00:00,20.6,70,0.81,0.0
2025-01-22 07:00:00,20.4,71,0.76,2.0
2025-01-22 08:00:00,22.3,62,0.87,98.0
2025-01-22 09:00:00,24.9,53,0.86,299.0
2025-01-22 10:00:00,27.7,45,1.08,497.0
2025-01-22 11:00:00,29.8,39,1.06,654.0
2025-01-22 12:00:00,31.1,36,1.57,750.0
2025-01-22 13:00:00,31.4,38,2.26,776.0
2025-01-22 14:00:00,30.9,42,2.93,729.0
2025-01-22 15:00:00,29.7,46,3.75,612.0
2025-01-22 16:00:00,28.5,49,4.17,438.0
2025-01-22 17:00:00,27.3,57,3.95,231.0
2025-01-22 18:00:00,26.1,64,3.89,48.0
2025-01-22 19:00:00,25.8,59,3.91,0.0
2025-01-22 20:00:00,25.7,54,4.01,0.0
2025-01-22 21:00:00,25.3,51,3.36,0.0
2025-01-22 22:00:00,25.0,50,2.76,0.0
2025-01-22 23:00:00,24.6,50,2.6,0.0
2025-01-23 00:00:00,24.2,52,2.75,0.0
2025-01-23 01:00:00,23.9,53,2.9,0.0
2025-01-23 02:00:00,23.7,55,2.82,0.0
2025-01-23 03:00:00,23.4,56,3.07,0.0
2025-01-23 04:00:00,22.9,58,3.48,0.0
2025-01-23 05:00:00,22.6,58,3.63,0.0
2025-01-23 06:00:00,22.1,61,3.16,0.0
2025-01-23 07:00:00,21.7,61,3.2,2.0
2025-01-23 08:00:00,22.6,56,2.9,97.0
2025-01-23 09:00:00,24.6,47,3.05,298.0
2025-01-23 10:00:00,26.9,39,3.23,497.0
2025-01-23 11:00:00,28.9,34,3.5,655.0
2025-01-23 12:00:00,30.1,32,3.92,751.0
2025-01-23 13:00:00,30.5,33,4.34,777.0
2025-01-23 14:00:00,29.9,38,4.73,730.0
2025-01-23 15:00:00,29.0,45,4.89,614.0
2025-01-23 16:00:00,28.2,49,4.62,441.0
2025-01-23 17:00:00,26.6,56,4.12,234.0
2025-01-23 18:00:00,25.1,64,3.72,49.0
2025-01-23 19:00:00,24.7,59,3.99,0.0
2025-01-23 20:00:00,24.7,52,3.97,0.0
2025-01-23 21:00:00,24.5,47,3.55,0.0
2025-01-23 22:00:00,24.2,46,3.4,0.0
2025-01-23 23:00:00,23.9,45,3.41,0.0
2025-01-24 00:00:00,23.6,43,3.35,0.0
2025-01-24 01:00:00,23.2,42,3.35,0.0
2025-01-24 02:00:00,23.0,42,2.95,0.0
2025-01-24 03:00:00,22.6,44,2.67,0.0
2025-01-24 04:00:00,22.2,46,2.61,0.0
2025-01-24 05:00:00,21.8,47,2.25,0.0
2025-01-24 06:00:00,20.7,55,1.8,0.0
2025-01-24 07:00:00,20.4,57,1.71,2.0
2025-01-24 08:00:00,21.6,54,1.68,98.0
2025-01-24 09:00:00,24.3,48,1.3,301.0
2025-01-24 10:00:00,27.4,44,1.02,501.0
2025-01-24 11:00:00,30.1,39,0.74,658.0
2025-01-24 12:00:00,31.5,37,1.25,754.0
2025-01-24 13:00:00,31.7,38,2.06,777.0
2025-01-24 14:00:00,31.5,40,2.47,727.0
2025-01-24 15:00:00,31.0,40,2.62,610.0
2025-01-24 16:00:00,30.1,43,2.5,438.0
2025-01-24 17:00:00,28.7,47,2.65,233.0
2025-01-24 18:00:00,27.0,57,2.76,50.0
2025-01-24 19:00:00,26.0,65,2.62,0.0
2025-01-24 20:00:00,25.7,65,2.35,0.0
2025-01-24 21:00:00,25.8,60,1.8,0.0
2025-01-24 22:00:00,25.6,58,1.42,0.0
2025-01-24 23:00:00,25.0,60,0.96,0.0
2025-01-25 00:00:00,24.9,62,0.4,0.0
2025-01-25 01:00:00,24.3,64,0.52,0.0
2025-01-25 02:00:00,23.7,68,0.55,0.0
2025-01-25 03:00:00,23.3,68,1.0,0.0
2025-01-25 04:00:00,23.0,69,1.22,0.0
2025-01-25 05:00:00,22.6,69,1.39,0.0
2025-01-25 06:00:00,22.2,71,1.46,0.0
2025-01-25 07:00:00,22.0,73,1.36,2.0
2025-01-25 08:00:00,23.6,67,1.48,98.0
2025-01-25 09:00:00,26.5,56,0.95,299.0
2025-01-25 10:00:00,29.9,45,0.75,498.0
2025-01-25 11:00:00,32.4,36,0.86,657.0
2025-01-25 12:00:00,33.2,33,1.58,756.0
2025-01-25 13:00:00,32.8,37,2.3,785.0
2025-01-25 14:00:00,32.2,39,2.56,740.0
2025-01-25 15:00:00,31.4,42,2.79,624.0
2025-01-25 16:00:00,30.5,44,2.91,450.0
2025-01-25 17:00:00,29.0,49,3.01,241.0
2025-01-25 18:00:00,27.3,60,2.76,52.0
2025-01-25 19:00:00,26.1,70,2.95,0.0
2025-01-25 20:00:00,25.7,68,3.02,0.0
2025-01-25 21:00:00,25.7,62,2.55,0.0
2025-01-25 22:00:00,25.9,58,2.0,0.0
2025-01-25 23:00:00,25.7,58,1.75,0.0
2025-01-26 00:00:00,25.0,60,1.32,0.0
2025-01-26 01:00:00,24.4,62,1.45,0.0
2025-01-26 02:00:00,24.2,63,1.66,0.0
2025-01-26 03:00:00,23.9,64,1.74,0.0
2025-01-26 04:00:00,23.6,66,2.28,0.0
2025-01-26 05:00:00,23.1,69,2.15,0.0
2025-01-26 06:00:00,22.0,77,1.98,0.0
2025-01-26 07:00:00,21.8,78,1.72,2.0
2025-01-26 08:00:00,23.4,71,1.73,99.0
2025-01-26 09:00:00,26.4,59,1.14,302.0
2025-01-26 10:00:00,30.0,47,0.97,503.0
2025-01-26 11:00:00,32.7,38,0.21,663.0
2025-01-26 12:00:00,33.5,35,1.36,762.0
2025-01-26 13:00:00,33.1,41,2.57,789.0
2025-01-26 14:00:00,32.4,43,2.87,743.0
2025-01-26 15:00:00,31.8,41,2.92,627.0
2025-01-26 16:00:00,31.0,42,2.84,452.0
2025-01-26 17:00:00,29.3,51,3.11,243.0
2025-01-26 18:00:00,27.2,67,3.1,53.0
2025-01-26 19:00:00,26.0,76,2.82,0.0
2025-01-26 20:00:00,25.5,78,2.33,0.0
2025-01-26 21:00:00,25.9,65,2.12,0.0
2025-01-26 22:00:00,26.1,58,1.77,0.0
2025-01-26 23:00:00,25.8,58,1.3,0.0
2025-01-27 00:00:00,25.3,59,1.15,0.0
2025-01-27 01:00:00,25.0,59,1.45,0.0
2025-01-27 02:00:00,24.4,62,2.06,0.0
2025-01-27 03:00:00,23.8,65,2.28,0.0
2025-01-27 04:00:00,23.3,66,1.65,0.0
2025-01-27 05:00:00,22.8,68,1.41,0.0
2025-01-27 06:00:00,22.0,75,1.0,0.0
2025-01-27 07:00:00,21.6,77,0.82,2.0
2025-01-27 08:00:00,23.4,69,1.14,101.0
2025-01-27 09:00:00,26.3,58,0.92,302.0
2025-01-27 10:00:00,29.3,48,0.75,501.0
2025-01-27 11:00:00,31.3,43,1.27,663.0
2025-01-27 12:00:00,32.2,42,2.01,761.0
2025-01-27 13:00:00,32.5,44,2.66,787.0
2025-01-27 14:00:00,32.3,45,3.16,741.0
2025-01-27 15:00:00,31.8,42,3.44,626.0
2025-01-27 16:00:00,30.7,41,3.58,454.0
2025-01-27 17:00:00,28.9,49,3.48,247.0
2025-01-27 18:00:00,26.9,62,3.26,56.0
2025-01-27 19:00:00,25.9,67,3.32,0.0
2025-01-27 20:00:00,25.7,60,3.7,0.0
2025-01-27 21:00:00,25.5,52,3.21,0.0
2025-01-27 22:00:00,25.3,46,2.66,0.0
2025-01-27 23:00:00,24.9,45,1.9,0.0
2025-01-28 00:00:00,23.9,47,1.21,0.0
2025-01-28 01:00:00,23.2,49,1.11,0.0
2025-01-28 02:00:00,23.3,48,1.4,0.0
2025-01-28 03:00:00,23.2,52,1.65,0.0
2025-01-28 04:00:00,22.5,56,1.46,0.0
2025-01-28 05:00:00,21.8,59,1.11,0.0
2025-01-28 06:00:00,21.3,66,1.28,0.0
2025-01-28 07:00:00,21.3,68,1.32,2.0
2025-01-28 08:00:00,22.9,62,1.32,101.0
2025-01-28 09:00:00,25.4,52,0.9,297.0
2025-01-28 10:00:00,28.1,44,0.57,503.0
2025-01-28 11:00:00,30.1,40,1.39,661.0
2025-01-28 12:00:00,30.0,44,3.0,756.0
2025-01-28 13:00:00,29.9,47,3.29,788.0
2025-01-28 14:00:00,30.5,41,3.12,751.0
2025-01-28 15:00:00,30.4,40,2.89,635.0
2025-01-28 16:00:00,29.5,43,2.71,463.0
2025-01-28 17:00:00,27.9,51,2.46,252.0
2025-01-28 18:00:00,26.1,63,1.86,57.0
2025-01-28 19:00:00,25.1,71,1.81,0.0
2025-01-28 20:00:00,24.4,80,2.38,0.0
2025-01-28 21:00:00,23.9,81,2.06,0.0
2025-01-28 22:00:00,23.2,81,0.98,0.0
2025-01-28 23:00:00,22.5,80,0.82,0.0
2025-01-29 00:00:00,21.8,82,0.85,0.0
2025-01-29 01:00:00,21.4,80,0.91,0.0
2025-01-29 02:00:00,21.2,76,0.96,0.0
2025-01-29 03:00:00,21.1,71,1.05,0.0
2025-01-29 04:00:00,21.0,69,1.15,0.0
2025-01-29 05:00:00,20.7,69,1.2,0.0
2025-01-29 06:00:00,20.6,71,1.25,0.0
2025-01-29 07:00:00,20.8,67,1.35,2.0
2025-01-29 08:00:00,22.3,59,1.49,106.0
2025-01-29 09:00:00,24.9,46,1.26,317.0
2025-01-29 10:00:00,27.8,35,1.48,521.0
2025-01-29 11:00:00,29.8,28,1.7,683.0
2025-01-29 12:00:00,30.8,27,2.21,783.0
2025-01-29 13:00:00,30.8,30,2.86,810.0
2025-01-29 14:00:00,30.4,32,3.23,764.0
2025-01-29 15:00:00,29.7,36,3.46,646.0
2025-01-29 16:00:00,28.7,39,3.54,469.0
2025-01-29 17:00:00,27.4,47,3.39,256.0
2025-01-29 18:00:00,25.6,68,3.23,59.0
2025-01-29 19:00:00,24.6,77,3.0,0.0
2025-01-29 20:00:00,24.3,77,2.98,0.0
2025-01-29 21:00:00,24.0,73,2.95,0.0
2025-01-29 22:00:00,23.5,71,2.67,0.0
2025-01-29 23:00:00,23.2,67,2.07,0.0
2025-01-30 00:00:00,22.7,63,1.45,0.0
2025-01-30 01:00:00,22.1,61,1.32,0.0
2025-01-30 02:00:00,21.8,61,1.41,0.0
2025-01-30 03:00:00,21.6,62,1.69,0.0
2025-01-30 04:00:00,21.4,64,1.89,0.0
2025-01-30 05:00:00,21.0,65,1.81,0.0
2025-01-30 06:00:00,20.3,72,1.8,0.0
2025-01-30 07:00:00,20.2,71,1.86,2.0
2025-01-30 08:00:00,21.8,64,1.84,104.0
2025-01-30 09:00:00,24.7,53,1.11,312.0
2025-01-30 10:00:00,27.8,44,0.75,515.0
2025-01-30 11:00:00,30.2,37,0.45,676.0
2025-01-30 12:00:00,31.4,36,1.5,774.0
2025-01-30 13:00:00,31.2,40,2.66,800.0
2025-01-30 14:00:00,31.0,40,2.93,752.0
2025-01-30 15:00:00,30.8,38,3.09,636.0
2025-01-30 16:00:00,30.2,37,3.19,462.0
2025-01-30 17:00:00,28.7,41,3.25,254.0
2025-01-30 18:00:00,26.9,48,2.97,60.0
2025-01-30 19:00:00,25.8,56,2.8,0.0
2025-01-30 20:00:00,25.3,51,3.02,0.0
2025-01-30 21:00:00,24.8,50,2.69,0.0
2025-01-30 22:00:00,24.3,48,2.6,0.0
2025-01-30 23:00:00,23.9,46,2.55,0.0
2025-01-31 00:00:00,23.5,44,2.13,0.0
2025-01-31 01:00:00,22.9,45,2.14,0.0
2025-01-31 02:00:00,22.2,54,2.46,0.0
2025-01-31 03:00:00,21.6,65,2.3,0.0
2025-01-31 04:00:00,21.2,68,1.91,0.0
2025-01-31 05:00:00,21.0,64,1.96,0.0
2025-01-31 06:00:00,20.6,69,1.45,0.0
2025-01-31 07:00:00,20.5,67,1.3,2.0
2025-01-31 08:00:00,22.4,59,1.65,107.0
2025-01-31 09:00:00,25.0,49,1.13,317.0
2025-01-31 10:00:00,27.5,41,0.92,523.0
2025-01-31 11:00:00,29.2,38,1.46,685.0
2025-01-31 12:00:00,29.6,43,2.44,784.0
2025-01-31 13:00:00,29.4,48,3.13,809.0
2025-01-31 14:00:00,29.3,48,3.35,764.0
2025-01-31 15:00:00,28.7,49,3.49,648.0
2025-01-31 16:00:00,27.7,56,3.37,472.0
2025-01-31 17:00:00,26.5,61,3.18,259.0
2025-01-31 18:00:00,24.7,72,3.37,62.0
2025-01-31 19:00:00,23.9,79,3.48,0.0
2025-01-31 20:00:00,23.6,77,3.78,0.0
2025-01-31 21:00:00,23.4,73,3.31,0.0
2025-01-31 22:00:00,22.9,73,2.25,0.0
2025-01-31 23:00:00,22.3,71,1.68,0.0
2025-02-01 00:00:00,21.7,67,1.35,0.0
2025-02-01 01:00:00,21.2,64,1.26,0.0
2025-02-01 02:00:00,20.4,64,1.06,0.0
2025-02-01 03:00:00,20.0,63,1.11,0.0
2025-02-01 04:00:00,20.1,60,1.32,0.0
2025-02-01 05:00:00,19.9,62,1.31,0.0
2025-02-01 06:00:00,19.9,72,1.36,0.0
2025-02-01 07:00:00,20.0,77,1.6,2.0
2025-02-01 08:00:00,21.5,75,1.72,100.0
2025-02-01 09:00:00,23.7,71,1.54,301.0
2025-02-01 10:00:00,25.8,59,1.19,511.0
2025-02-01 11:00:00,28.1,43,0.74,674.0
2025-02-01 12:00:00,29.1,40,1.93,776.0
2025-02-01 13:00:00,28.6,51,3.63,802.0
2025-02-01 14:00:00,27.9,52,4.35,754.0
2025-02-01 15:00:00,27.7,48,4.33,638.0
2025-02-01 16:00:00,27.2,47,4.14,463.0
2025-02-01 17:00:00,26.2,51,4.05,253.0
2025-02-01 18:00:00,24.8,59,3.51,62.0
2025-02-01 19:00:00,24.1,63,3.47,0.0
2025-02-01 20:00:00,23.9,56,3.61,0.0
2025-02-01 21:00:00,23.5,52,3.4,0.0
2025-02-01 22:00:00,23.3,47,3.18,0.0
2025-02-01 23:00:00,23.0,44,2.91,0.0
2025-02-02 00:00:00,22.7,42,2.07,0.0
2025-02-02 01:00:00,22.1,43,1.64,0.0
2025-02-02 02:00:00,21.7,44,2.09,0.0
2025-02-02 03:00:00,21.6,47,2.75,0.0
2025-02-02 04:00:00,21.3,50,2.9,0.0
2025-02-02 05:00:00,21.1,50,2.65,0.0
2025-02-02 06:00:00,20.7,54,2.2,0.0
2025-02-02 07:00:00,20.5,53,1.92,2.0
2025-02-02 08:00:00,21.5,49,1.79,104.0
2025-02-02 09:00:00,24.1,41,1.26,308.0
2025-02-02 10:00:00,27.0,34,1.05,503.0
2025-02-02 11:00:00,29.2,30,1.56,669.0
2025-02-02 12:00:00,30.3,31,2.58,772.0
2025-02-02 13:00:00,30.9,32,3.29,801.0
2025-02-02 14:00:00,30.8,33,3.78,754.0
2025-02-02 15:00:00,30.2,34,3.96,637.0
2025-02-02 16:00:00,29.1,38,3.84,465.0
2025-02-02 17:00:00,27.6,46,3.65,257.0
2025-02-02 18:00:00,25.9,58,3.49,63.0
2025-02-02 19:00:00,25.1,63,3.47,0.0
2025-02-02 20:00:00,25.0,55,3.75,0.0
2025-02-02 21:00:00,24.7,51,3.34,0.0
2025-02-02 22:00:00,24.3,46,2.71,0.0
2025-02-02 23:00:00,24.1,44,2.59,0.0
2025-02-03 00:00:00,23.8,44,2.3,0.0
2025-02-03 01:00:00,23.2,46,1.61,0.0
2025-02-03 02:00:00,22.6,48,1.25,0.0
2025-02-03 03:00:00,22.1,50,1.15,0.0
2025-02-03 04:00:00,21.9,52,1.44,0.0
2025-02-03 05:00:00,21.6,55,1.66,0.0
2025-02-03 06:00:00,21.2,63,1.35,0.0
2025-02-03 07:00:00,20.7,63,1.15,3.0
2025-02-03 08:00:00,22.3,54,1.4,107.0
2025-02-03 09:00:00,25.3,40,1.92,312.0
2025-02-03 10:00:00,27.4,40,2.9,517.0
2025-02-03 11:00:00,28.5,47,3.44,677.0
2025-02-03 12:00:00,28.9,50,3.89,775.0
2025-02-03 13:00:00,28.9,44,4.46,804.0
2025-02-03 14:00:00,28.7,41,4.74,760.0
2025-02-03 15:00:00,28.1,42,4.7,645.0
2025-02-03 16:00:00,27.4,45,4.49,472.0
2025-02-03 17:00:00,26.2,54,3.91,263.0
2025-02-03 18:00:00,25.1,60,3.34,65.0
2025-02-03 19:00:00,24.4,65,3.07,0.0
2025-02-03 20:00:00,24.2,63,2.72,0.0
2025-02-03 21:00:00,23.8,64,2.09,0.0
2025-02-03 22:00:00,23.4,61,1.8,0.0
2025-02-03 23:00:00,23.0,60,1.91,0.0
2025-02-04 00:00:00,22.6,59,1.8,0.0
2025-02-04 01:00:00,22.2,57,1.6,0.0
2025-02-04 02:00:00,21.8,57,1.45,0.0
2025-02-04 03:00:00,21.5,57,1.4,0.0
2025-02-04 04:00:00,20.5,61,1.03,0.0
2025-02-04 05:00:00,20.1,63,0.92,0.0
2025-02-04 06:00:00,20.5,60,1.49,0.0
2025-02-04 07:00:00,20.8,61,1.87,3.0
2025-02-04 08:00:00,22.6,60,2.0,106.0
2025-02-04 09:00:00,25.0,63,2.26,311.0
2025-02-04 10:00:00,27.2,51,2.02,517.0
2025-02-04 11:00:00,28.5,45,2.9,683.0
2025-02-04 12:00:00,29.1,47,3.18,783.0
2025-02-04 13:00:00,29.6,44,3.27,812.0
2025-02-04 14:00:00,29.7,39,3.52,767.0
2025-02-04 15:00:00,29.1,37,3.82,653.0
2025-02-04 16:00:00,27.9,43,3.78,479.0
2025-02-04 17:00:00,26.6,52,3.93,267.0
2025-02-04 18:00:00,25.1,62,4.16,67.0
2025-02-04 19:00:00,24.4,67,3.58,0.0
2025-02-04 20:00:00,24.4,55,3.87,0.0
2025-02-04 21:00:00,24.4,46,3.52,0.0
2025-02-04 22:00:00,24.1,40,3.1,0.0
2025-02-04 23:00:00,23.7,39,2.81,0.0
2025-02-05 00:00:00,23.2,39,2.71,0.0
2025-02-05 01:00:00,22.7,39,3.05,0.0
2025-02-05 02:00:00,22.4,38,3.3,0.0
2025-02-05 03:00:00,22.2,37,3.5,0.0
2025-02-05 04:00:00,21.9,37,3.5,0.0
2025-02-05 05:00:00,21.7,37,3.7,0.0
2025-02-05 06:00:00,21.2,41,3.45,0.0
2025-02-05 07:00:00,20.9,40,2.96,3.0
2025-02-05 08:00:00,22.1,36,2.7,112.0
2025-02-05 09:00:00,24.6,30,3.01,325.0
2025-02-05 10:00:00,27.3,26,3.06,533.0
2025-02-05 11:00:00,29.6,23,3.21,697.0
2025-02-05 12:00:00,31.2,21,3.39,799.0
2025-02-05 13:00:00,31.6,22,3.9,828.0
2025-02-05 14:00:00,30.7,29,4.75,782.0
2025-02-05 15:00:00,29.5,38,5.04,664.0
2025-02-05 16:00:00,27.9,45,5.3,487.0
2025-02-05 17:00:00,26.4,48,4.87,272.0
2025-02-05 18:00:00,25.1,55,3.99,70.0
2025-02-05 19:00:00,24.4,54,4.14,0.0
2025-02-05 20:00:00,24.2,50,4.4,0.0
2025-02-05 21:00:00,23.8,44,3.82,0.0
2025-02-05 22:00:00,23.5,43,3.58,0.0
2025-02-05 23:00:00,23.2,41,3.1,0.0
2025-02-06 00:00:00,22.9,39,2.81,0.0
2025-02-06 01:00:00,22.6,37,3.19,0.0
2025-02-06 02:00:00,22.2,35,2.87,0.0
2025-02-06 03:00:00,21.7,35,2.28,0.0
2025-02-06 04:00:00,21.0,37,1.87,0.0
2025-02-06 05:00:00,20.5,38,1.65,0.0
2025-02-06 06:00:00,19.5,48,1.41,0.0
2025-02-06 07:00:00,19.3,48,1.14,3.0
2025-02-06 08:00:00,21.2,43,1.48,112.0
2025-02-06 09:00:00,24.2,37,1.25,323.0
2025-02-06 10:00:00,27.3,33,1.25,529.0
2025-02-06 11:00:00,29.9,31,1.32,691.0
2025-02-06 12:00:00,31.4,31,2.09,791.0
2025-02-06 13:00:00,31.8,35,2.66,819.0
2025-02-06 14:00:00,31.6,38,3.2,773.0
2025-02-06 15:00:00,31.0,40,3.23,657.0
2025-02-06 16:00:00,29.9,42,3.4,483.0
2025-02-06 17:00:00,28.7,45,3.32,271.0
2025-02-06 18:00:00,26.9,57,3.35,70.0
2025-02-06 19:00:00,26.3,61,3.51,0.0
2025-02-06 20:00:00,26.1,58,3.12,0.0
2025-02-06 21:00:00,25.7,59,2.31,0.0
2025-02-06 22:00:00,25.6,56,1.52,0.0
2025-02-06 23:00:00,25.2,56,1.17,0.0
2025-02-07 00:00:00,24.8,58,0.8,0.0
2025-02-07 01:00:00,24.2,60,0.96,0.0
2025-02-07 02:00:00,23.7,63,1.37,0.0
2025-02-07 03:00:00,23.0,67,1.74,0.0
2025-02-07 04:00:00,22.4,67,1.21,0.0
2025-02-07 05:00:00,22.3,65,1.27,0.0
2025-02-07 06:00:00,22.6,66,1.91,0.0
2025-02-07 07:00:00,22.5,66,1.8,3.0
2025-02-07 08:00:00,24.0,62,1.7,113.0
2025-02-07 09:00:00,26.6,54,1.11,323.0
2025-02-07 10:00:00,29.8,44,0.78,528.0
2025-02-07 11:00:00,32.4,36,0.18,691.0
2025-02-07 12:00:00,33.9,32,0.57,793.0
2025-02-07 13:00:00,34.3,33,2.01,821.0
2025-02-07 14:00:00,33.7,36,2.72,776.0
2025-02-07 15:00:00,33.1,37,2.7,660.0
2025-02-07 16:00:00,31.6,41,3.02,485.0
2025-02-07 17:00:00,29.7,48,2.83,268.0
2025-02-07 18:00:00,27.8,56,2.47,71.0
2025-02-07 19:00:00,26.9,60,2.22,0.0
2025-02-07 20:00:00,26.6,60,2.32,0.0
2025-02-07 21:00:00,26.5,55,1.34,0.0
2025-02-07 22:00:00,26.2,55,1.25,0.0
2025-02-07 23:00:00,25.4,59,0.81,0.0
2025-02-08 00:00:00,25.1,63,0.18,0.0
2025-02-08 01:00:00,24.5,64,0.22,0.0
2025-02-08 02:00:00,23.9,66,0.1,0.0
2025-02-08 03:00:00,23.3,68,0.07,0.0
2025-02-08 04:00:00,22.6,71,0.35,0.0
2025-02-08 05:00:00,22.1,71,0.66,0.0
2025-02-08 06:00:00,22.1,73,1.1,0.0
2025-02-08 07:00:00,21.9,74,1.38,3.0
2025-02-08 08:00:00,23.9,64,1.68,113.0
2025-02-08 09:00:00,27.3,52,1.19,324.0
2025-02-08 10:00:00,30.6,41,0.81,529.0
2025-02-08 11:00:00,32.7,35,0.41,692.0
2025-02-08 12:00:00,33.3,36,1.85,792.0
2025-02-08 13:00:00,32.9,40,2.75,821.0
2025-02-08 14:00:00,32.8,41,3.05,776.0
2025-02-08 15:00:00,32.5,41,3.22,661.0
2025-02-08 16:00:00,31.6,42,3.28,486.0
2025-02-08 17:00:00,29.9,48,3.29,273.0
2025-02-08 18:00:00,27.8,59,3.37,72.0
2025-02-08 19:00:00,26.8,64,3.11,0.0
2025-02-08 20:00:00,26.5,65,3.51,0.0
2025-02-08 21:00:00,26.7,56,3.41,0.0
2025-02-08 22:00:00,26.8,49,2.39,0.0
2025-02-08 23:00:00,26.5,48,1.33,0.0
2025-02-09 00:00:00,25.8,50,1.2,0.0
2025-02-09 01:00:00,25.0,54,0.89,0.0
2025-02-09 02:00:00,24.3,55,0.76,0.0
2025-02-09 03:00:00,24.1,55,1.47,0.0
2025-02-09 04:00:00,23.9,58,2.1,0.0
2025-02-09 05:00:00,23.7,59,2.64,0.0
2025-02-09 06:00:00,23.1,67,2.38,0.0
2025-02-09 07:00:00,22.7,64,2.07,4.0
2025-02-09 08:00:00,24.1,56,1.91,116.0
2025-02-09 09:00:00,27.1,44,1.56,328.0
2025-02-09 10:00:00,30.2,36,1.35,535.0
2025-02-09 11:00:00,32.4,33,1.33,698.0
2025-02-09 12:00:00,33.1,35,2.15,800.0
2025-02-09 13:00:00,32.8,40,3.09,829.0
2025-02-09 14:00:00,32.5,40,3.56,782.0
2025-02-09 15:00:00,31.9,39,3.74,666.0
2025-02-09 16:00:00,30.9,42,3.61,491.0
2025-02-09 17:00:00,29.5,49,3.74,277.0
2025-02-09 18:00:00,28.3,53,3.94,74.0
2025-02-09 19:00:00,27.6,52,3.8,0.0
2025-02-09 20:00:00,27.6,45,3.87,0.0
2025-02-09 21:00:00,27.3,45,3.54,0.0
2025-02-09 22:00:00,27.0,42,3.15,0.0
2025-02-09 23:00:00,26.7,39,2.06,0.0
2025-02-10 00:00:00,26.1,38,1.9,0.0
2025-02-10 01:00:00,25.5,39,2.3,0.0
2025-02-10 02:00:00,25.1,42,2.51,0.0
2025-02-10 03:00:00,24.6,46,2.49,0.0
2025-02-10 04:00:00,24.3,49,2.94,0.0
2025-02-10 05:00:00,24.0,52,3.01,0.0
2025-02-10 06:00:00,23.6,58,2.84,0.0
2025-02-10 07:00:00,23.3,58,2.7,4.0
2025-02-10 08:00:00,24.5,50,2.12,117.0
2025-02-10 09:00:00,27.2,38,1.52,330.0
2025-02-10 10:00:00,30.3,30,1.56,539.0
2025-02-10 11:00:00,32.7,27,1.71,704.0
2025-02-10 12:00:00,33.6,27,2.03,807.0
2025-02-10 13:00:00,33.1,35,3.14,836.0
2025-02-10 14:00:00,32.7,34,3.87,790.0
2025-02-10 15:00:00,32.0,33,4.11,675.0
2025-02-10 16:00:00,30.8,37,3.97,499.0
2025-02-10 17:00:00,29.1,46,3.8,283.0
2025-02-10 18:00:00,27.2,56,3.52,77.0
2025-02-10 19:00:00,26.3,62,3.72,0.0
2025-02-10 20:00:00,26.1,60,4.16,0.0
2025-02-10 21:00:00,26.0,54,4.14,0.0
2025-02-10 22:00:00,25.2,63,3.95,0.0
2025-02-10 23:00:00,24.9,61,2.86,0.0
2025-02-11 00:00:00,24.3,59,1.9,0.0
2025-02-11 01:00:00,23.5,58,1.36,0.0
2025-02-11 02:00:00,23.2,56,1.55,0.0
2025-02-11 03:00:00,23.1,54,1.89,0.0
2025-02-11 04:00:00,23.2,51,2.33,0.0
2025-02-11 05:00:00,23.0,49,2.3,0.0
2025-02-11 06:00:00,22.1,57,1.87,0.0
2025-02-11 07:00:00,21.7,57,1.89,4.0
2025-02-11 08:00:00,23.4,49,2.07,122.0
2025-02-11 09:00:00,26.5,37,1.75,340.0
2025-02-11 10:00:00,29.7,29,1.73,552.0
2025-02-11 11:00:00,31.7,26,2.29,720.0
2025-02-11 12:00:00,32.4,28,2.83,822.0
2025-02-11 13:00:00,32.2,33,3.66,851.0
2025-02-11 14:00:00,31.6,33,4.39,804.0
2025-02-11 15:00:00,30.8,34,4.35,687.0
2025-02-11 16:00:00,29.4,43,4.42,508.0
2025-02-11 17:00:00,27.9,52,4.26,289.0
2025-02-11 18:00:00,26.1,61,3.7,80.0
2025-02-11 19:00:00,25.3,65,3.42,0.0
2025-02-11 20:00:00,25.2,54,3.66,0.0
2025-02-11 21:00:00,24.8,52,3.24,0.0
2025-02-11 22:00:00,24.4,50,2.86,0.0
2025-02-11 23:00:00,23.9,49,2.49,0.0
2025-02-12 00:00:00,23.2,54,2.55,0.0
2025-02-12 01:00:00,22.5,63,2.74,0.0
2025-02-12 02:00:00,22.0,67,2.92,0.0
2025-02-12 03:00:00,21.7,65,2.87,0.0
2025-02-12 04:00:00,21.5,60,2.65,0.0
2025-02-12 05:00:00,21.3,53,2.4,0.0
2025-02-12 06:00:00,20.7,57,2.11,0.0
2025-02-12 07:00:00,20.4,55,1.96,5.0
2025-02-12 08:00:00,21.9,49,1.79,128.0
2025-02-12 09:00:00,25.1,38,1.46,352.0
2025-02-12 10:00:00,28.6,30,1.98,567.0
2025-02-12 11:00:00,31.1,26,2.45,736.0
2025-02-12 12:00:00,32.7,23,2.85,841.0
2025-02-12 13:00:00,33.3,23,3.46,869.0
2025-02-12 14:00:00,32.5,34,4.1,820.0
2025-02-12 15:00:00,31.4,43,4.28,697.0
2025-02-12 16:00:00,30.5,47,4.04,514.0
2025-02-12 17:00:00,29.0,51,3.83,295.0
2025-02-12 18:00:00,26.9,57,3.44,83.0
2025-02-12 19:00:00,26.0,61,3.44,0.0
2025-02-12 20:00:00,26.1,57,3.65,0.0
2025-02-12 21:00:00,25.8,55,3.43,0.0
2025-02-12 22:00:00,25.4,52,3.2,0.0
2025-02-12 23:00:00,25.1,50,3.2,0.0
2025-02-13 00:00:00,24.7,48,3.45,0.0
2025-02-13 01:00:00,24.5,45,3.2,0.0
2025-02-13 02:00:00,24.2,43,2.61,0.0
2025-02-13 03:00:00,23.7,43,2.5,0.0
2025-02-13 04:00:00,23.1,44,2.56,0.0
2025-02-13 05:00:00,22.7,44,2.74,0.0
2025-02-13 06:00:00,21.7,50,2.22,0.0
2025-02-13 07:00:00,21.5,50,2.25,5.0
2025-02-13 08:00:00,22.9,46,2.07,129.0
2025-02-13 09:00:00,25.8,38,1.61,353.0
2025-02-13 10:00:00,29.2,31,1.44,568.0
2025-02-13 11:00:00,32.2,25,1.32,736.0
2025-02-13 12:00:00,34.1,21,1.66,840.0
2025-02-13 13:00:00,34.8,20,2.51,868.0
2025-02-13 14:00:00,33.9,32,3.51,817.0
2025-02-13 15:00:00,32.8,37,4.07,694.0
2025-02-13 16:00:00,31.4,39,4.18,512.0
2025-02-13 17:00:00,29.7,42,3.59,294.0
2025-02-13 18:00:00,28.4,49,3.38,83.0
2025-02-13 19:00:00,28.2,46,4.37,0.0
2025-02-13 20:00:00,28.0,42,4.25,0.0
2025-02-13 21:00:00,27.7,40,4.07,0.0
2025-02-13 22:00:00,27.4,38,4.16,0.0
2025-02-13 23:00:00,27.2,36,4.1,0.0
2025-02-14 00:00:00,26.6,36,3.65,0.0
2025-02-14 01:00:00,26.3,35,3.55,0.0
2025-02-14 02:00:00,25.8,35,3.16,0.0
2025-02-14 03:00:00,25.2,37,2.79,0.0
2025-02-14 04:00:00,24.6,39,2.5,0.0
2025-02-14 05:00:00,24.2,41,2.34,0.0
2025-02-14 06:00:00,22.8,48,1.82,0.0
2025-02-14 07:00:00,22.6,49,1.99,5.0
2025-02-14 08:00:00,24.2,45,2.21,129.0
2025-02-14 09:00:00,27.3,37,1.71,350.0
2025-02-14 10:00:00,30.7,29,1.59,562.0
2025-02-14 11:00:00,33.4,23,1.25,730.0
2025-02-14 12:00:00,34.7,20,1.54,833.0
2025-02-14 13:00:00,34.6,25,2.88,863.0
2025-02-14 14:00:00,33.7,34,3.89,813.0
2025-02-14 15:00:00,33.0,35,4.19,692.0
2025-02-14 16:00:00,31.9,33,4.71,513.0
2025-02-14 17:00:00,30.6,33,4.76,296.0
2025-02-14 18:00:00,29.2,39,4.45,84.0
2025-02-14 19:00:00,28.8,38,5.23,0.0
2025-02-14 20:00:00,28.9,32,5.18,0.0
2025-02-14 21:00:00,28.7,30,4.65,0.0
2025-02-14 22:00:00,28.3,29,4.16,0.0
2025-02-14 23:00:00,27.9,30,4.06,0.0
2025-02-15 00:00:00,27.5,31,3.54,0.0
2025-02-15 01:00:00,27.0,31,2.67,0.0
2025-02-15 02:00:00,26.4,32,2.01,0.0
2025-02-15 03:00:00,25.6,33,1.8,0.0
2025-02-15 04:00:00,24.6,36,1.45,0.0
2025-02-15 05:00:00,23.9,38,1.32,0.0
2025-02-15 06:00:00,22.1,46,1.17,0.0
2025-02-15 07:00:00,22.3,45,1.54,5.0
2025-02-15 08:00:00,24.2,40,1.88,133.0
2025-02-15 09:00:00,27.6,34,1.23,357.0
2025-02-15 10:00:00,31.2,26,1.12,573.0
2025-02-15 11:00:00,33.6,21,0.85,743.0
2025-02-15 12:00:00,35.0,19,1.24,849.0
2025-02-15 13:00:00,35.2,22,2.93,878.0
2025-02-15 14:00:00,34.7,25,4.02,828.0
2025-02-15 15:00:00,33.9,27,4.67,708.0
2025-02-15 16:00:00,32.9,28,4.86,525.0
2025-02-15 17:00:00,31.8,29,4.28,304.0
2025-02-15 18:00:00,29.8,34,3.96,88.0
2025-02-15 19:00:00,28.9,32,4.54,0.0
2025-02-15 20:00:00,28.3,32,4.16,0.0
2025-02-15 21:00:00,27.8,30,3.76,0.0
2025-02-15 22:00:00,27.5,25,2.65,0.0
2025-02-15 23:00:00,26.6,23,1.69,0.0
2025-02-16 00:00:00,25.4,25,1.5,0.0
2025-02-16 01:00:00,24.6,28,2.2,0.0
2025-02-16 02:00:00,24.1,32,2.69,0.0
2025-02-16 03:00:00,24.2,33,2.56,0.0
2025-02-16 04:00:00,23.8,32,2.3,0.0
2025-02-16 05:00:00,23.2,32,1.76,0.0
2025-02-16 06:00:00,21.6,42,1.38,0.0
2025-02-16 07:00:00,21.6,42,1.43,6.0
2025-02-16 08:00:00,23.8,37,1.73,135.0
2025-02-16 09:00:00,27.9,29,1.6,360.0
2025-02-16 10:00:00,31.3,23,2.05,575.0
2025-02-16 11:00:00,33.7,18,1.88,745.0
2025-02-16 12:00:00,34.9,17,2.01,848.0
2025-02-16 13:00:00,35.1,19,2.94,877.0
2025-02-16 14:00:00,34.1,26,3.76,827.0
2025-02-16 15:00:00,32.7,28,4.46,706.0
2025-02-16 16:00:00,31.6,28,4.26,526.0
2025-02-16 17:00:00,30.0,36,4.2,304.0
2025-02-16 18:00:00,27.7,47,3.72,88.0
2025-02-16 19:00:00,26.7,53,3.27,0.0
2025-02-16 20:00:00,26.5,48,3.18,0.0
2025-02-16 21:00:00,26.1,47,2.48,0.0
2025-02-16 22:00:00,25.2,53,1.99,0.0
2025-02-16 23:00:00,24.4,62,1.94,0.0
2025-02-17 00:00:00,23.8,66,2.61,0.0
2025-02-17 01:00:00,23.6,61,2.15,0.0
2025-02-17 02:00:00,23.2,58,1.63,0.0
2025-02-17 03:00:00,22.3,58,1.18,0.0
2025-02-17 04:00:00,21.7,57,1.16,0.0
2025-02-17 05:00:00,21.3,56,1.11,0.0
2025-02-17 06:00:00,20.8,62,0.84,0.0
2025-02-17 07:00:00,21.2,59,1.33,6.0
2025-02-17 08:00:00,23.7,52,1.87,135.0
2025-02-17 09:00:00,27.2,39,1.25,357.0
2025-02-17 10:00:00,30.6,26,1.61,570.0
2025-02-17 11:00:00,32.7,23,1.74,738.0
2025-02-17 12:00:00,34.2,22,1.8,841.0
2025-02-17 13:00:00,34.3,26,3.18,870.0
2025-02-17 14:00:00,32.6,36,4.36,820.0
2025-02-17 15:00:00,31.8,33,4.81,698.0
2025-02-17 16:00:00,31.1,35,4.26,519.0
2025-02-17 17:00:00,29.9,41,3.82,301.0
2025-02-17 18:00:00,28.1,48,3.9,88.0
2025-02-17 19:00:00,27.7,48,4.43,0.0
2025-02-17 20:00:00,27.7,42,4.29,0.0
2025-02-17 21:00:00,27.2,41,3.41,0.0
2025-02-17 22:00:00,27.0,37,2.99,0.0
2025-02-17 23:00:00,26.5,35,2.72,0.0
2025-02-18 00:00:00,25.8,36,2.82,0.0
2025-02-18 01:00:00,25.2,38,2.83,0.0
2025-02-18 02:00:00,24.8,42,2.88,0.0
2025-02-18 03:00:00,24.3,44,2.42,0.0
2025-02-18 04:00:00,23.9,46,2.31,0.0
2025-02-18 05:00:00,23.5,47,2.33,0.0
2025-02-18 06:00:00,23.4,53,3.03,0.0
2025-02-18 07:00:00,23.4,49,2.81,6.0
2025-02-18 08:00:00,24.9,44,2.17,136.0
2025-02-18 09:00:00,27.9,36,1.28,358.0
2025-02-18 10:00:00,31.2,29,1.43,573.0
2025-02-18 11:00:00,33.6,24,1.78,742.0
2025-02-18 12:00:00,34.8,22,2.25,848.0
2025-02-18 13:00:00,34.6,27,3.44,878.0
2025-02-18 14:00:00,34.1,31,4.06,831.0
2025-02-18 15:00:00,32.1,34,5.13,710.0
2025-02-18 16:00:00,30.6,42,4.89,528.0
2025-02-18 17:00:00,29.7,48,4.33,304.0
2025-02-18 18:00:00,28.6,49,4.17,90.0
2025-02-18 19:00:00,28.5,44,4.41,0.0
2025-02-18 20:00:00,28.4,40,3.67,0.0
2025-02-18 21:00:00,28.3,36,3.22,0.0
2025-02-18 22:00:00,28.3,34,3.04,0.0
2025-02-18 23:00:00,27.9,32,2.5,0.0
2025-02-19 00:00:00,27.1,33,2.32,0.0
2025-02-19 01:00:00,26.2,36,1.83,0.0
2025-02-19 02:00:00,25.5,37,1.77,0.0
2025-02-19 03:00:00,25.1,38,2.0,0.0
2025-02-19 04:00:00,24.9,38,2.36,0.0
2025-02-19 05:00:00,24.7,38,2.52,0.0
2025-02-19 06:00:00,23.4,50,1.96,0.0
2025-02-19 07:00:00,23.3,50,2.2,7.0
2025-02-19 08:00:00,24.9,45,2.15,138.0
2025-02-19 09:00:00,28.0,36,1.81,362.0
2025-02-19 10:00:00,30.8,31,2.36,575.0
2025-02-19 11:00:00,32.6,27,2.71,742.0
2025-02-19 12:00:00,33.4,26,3.42,844.0
2025-02-19 13:00:00,32.9,32,4.57,872.0
2025-02-19 14:00:00,32.5,34,4.82,822.0
2025-02-19 15:00:00,31.9,34,4.95,703.0
2025-02-19 16:00:00,31.3,34,4.57,524.0
2025-02-19 17:00:00,30.2,38,4.18,305.0
2025-02-19 18:00:00,28.3,48,3.73,90.0
2025-02-19 19:00:00,27.9,47,3.83,1.0
2025-02-19 20:00:00,27.6,44,3.64,0.0
2025-02-19 21:00:00,27.4,41,3.32,0.0
2025-02-19 22:00:00,27.0,36,2.81,0.0
2025-02-19 23:00:00,26.2,36,1.86,0.0
2025-02-20 00:00:00,25.4,42,2.29,0.0
2025-02-20 01:00:00,24.7,48,2.84,0.0
2025-02-20 02:00:00,24.3,53,3.18,0.0
2025-02-20 03:00:00,24.1,52,3.28,0.0
2025-02-20 04:00:00,24.3,47,2.85,0.0
2025-02-20 05:00:00,23.8,45,1.77,0.0
2025-02-20 06:00:00,22.3,57,1.65,0.0
2025-02-20 07:00:00,22.4,55,1.97,7.0
2025-02-20 08:00:00,24.4,48,2.08,139.0
2025-02-20 09:00:00,27.8,38,1.66,362.0
2025-02-20 10:00:00,31.4,28,2.2,575.0
2025-02-20 11:00:00,33.5,22,2.55,743.0
2025-02-20 12:00:00,34.6,20,2.86,846.0
2025-02-20 13:00:00,34.7,24,3.37,874.0
2025-02-20 14:00:00,33.5,34,4.43,824.0
2025-02-20 15:00:00,32.9,35,4.85,702.0
2025-02-20 16:00:00,32.5,34,4.84,523.0
2025-02-20 17:00:00,31.3,39,4.51,306.0
2025-02-20 18:00:00,29.1,43,4.5,92.0
2025-02-20 19:00:00,28.9,41,5.14,1.0
2025-02-20 20:00:00,28.8,36,4.87,0.0
2025-02-20 21:00:00,28.6,32,4.55,0.0
2025-02-20 22:00:00,28.5,29,4.15,0.0
2025-02-20 23:00:00,28.3,28,4.32,0.0
2025-02-21 00:00:00,28.0,28,4.13,0.0
2025-02-21 01:00:00,27.8,29,4.07,0.0
2025-02-21 02:00:00,28.0,27,4.41,0.0
2025-02-21 03:00:00,27.8,27,3.78,0.0
2025-02-21 04:00:00,26.9,28,2.93,0.0
2025-02-21 05:00:00,26.2,29,2.69,0.0
2025-02-21 06:00:00,24.8,36,2.33,0.0
2025-02-21 07:00:00,24.7,37,2.61,8.0
2025-02-21 08:00:00,26.4,34,2.86,141.0
2025-02-21 09:00:00,29.1,30,2.41,365.0
2025-02-21 10:00:00,32.4,24,2.76,578.0
2025-02-21 11:00:00,35.1,20,2.83,745.0
2025-02-21 12:00:00,36.3,18,1.66,848.0
2025-02-21 13:00:00,36.7,18,1.88,876.0
2025-02-21 14:00:00,35.4,27,3.81,827.0
2025-02-21 15:00:00,34.2,32,4.53,706.0
2025-02-21 16:00:00,32.8,37,4.49,525.0
2025-02-21 17:00:00,31.5,38,4.13,306.0
2025-02-21 18:00:00,30.2,42,3.78,92.0
2025-02-21 19:00:00,29.7,43,4.58,1.0
2025-02-21 20:00:00,29.5,39,4.69,0.0
2025-02-21 21:00:00,29.4,36,3.9,0.0
2025-02-21 22:00:00,29.0,35,3.45,0.0
2025-02-21 23:00:00,28.8,34,3.79,0.0
2025-02-22 00:00:00,28.7,31,3.93,0.0
2025-02-22 01:00:00,28.3,29,3.54,0.0
2025-02-22 02:00:00,27.6,30,2.76,0.0
2025-02-22 03:00:00,27.2,30,2.67,0.0
2025-02-22 04:00:00,26.7,31,2.53,0.0
2025-02-22 05:00:00,26.0,32,2.12,0.0
2025-02-22 06:00:00,24.8,37,1.84,0.0
2025-02-22 07:00:00,24.5,38,2.06,8.0
2025-02-22 08:00:00,26.0,36,2.04,144.0
2025-02-22 09:00:00,28.8,32,1.25,368.0
2025-02-22 10:00:00,32.0,27,0.97,582.0
2025-02-22 11:00:00,34.2,23,0.5,749.0
2025-02-22 12:00:00,34.9,24,1.57,852.0
2025-02-22 13:00:00,34.6,27,2.89,880.0
2025-02-22 14:00:00,34.0,27,3.78,830.0
2025-02-22 15:00:00,32.9,27,3.91,710.0
2025-02-22 16:00:00,31.4,39,3.89,529.0
2025-02-22 17:00:00,30.2,44,3.75,308.0
2025-02-22 18:00:00,28.3,54,4.9,94.0
2025-02-22 19:00:00,28.1,55,4.74,1.0
2025-02-22 20:00:00,28.4,46,4.52,0.0
2025-02-22 21:00:00,28.4,40,3.3,0.0
2025-02-22 22:00:00,28.3,36,3.19,0.0
2025-02-22 23:00:00,28.0,34,3.18,0.0
2025-02-23 00:00:00,27.5,34,2.77,0.0
2025-02-23 01:00:00,27.2,33,2.8,0.0
2025-02-23 02:00:00,26.9,32,2.6,0.0
2025-02-23 03:00:00,26.4,32,2.49,0.0
2025-02-23 04:00:00,25.7,33,2.05,0.0
2025-02-23 05:00:00,24.9,35,1.72,0.0
2025-02-23 06:00:00,23.7,44,1.44,0.0
2025-02-23 07:00:00,23.6,46,1.67,9.0
2025-02-23 08:00:00,25.5,42,1.99,148.0
2025-02-23 09:00:00,28.8,34,1.47,375.0
2025-02-23 10:00:00,32.6,26,1.23,590.0
2025-02-23 11:00:00,34.9,21,0.85,759.0
2025-02-23 12:00:00,35.6,22,1.61,862.0
2025-02-23 13:00:00,35.7,26,2.87,890.0
2025-02-23 14:00:00,35.7,23,3.4,838.0
2025-02-23 15:00:00,34.8,24,3.8,718.0
2025-02-23 16:00:00,33.3,29,3.54,535.0
2025-02-23 17:00:00,31.5,40,2.79,314.0
2025-02-23 18:00:00,29.9,45,2.91,96.0
2025-02-23 19:00:00,29.2,48,3.66,1.0
2025-02-23 20:00:00,29.1,42,3.92,0.0
2025-02-23 21:00:00,29.4,33,3.99,0.0
2025-02-23 22:00:00,29.3,30,4.29,0.0
2025-02-23 23:00:00,28.8,31,4.28,0.0
2025-02-24 00:00:00,27.8,34,3.15,0.0
2025-02-24 01:00:00,26.9,35,1.89,0.0
2025-02-24 02:00:00,26.2,35,2.21,0.0
2025-02-24 03:00:00,25.8,34,2.41,0.0
2025-02-24 04:00:00,25.2,33,1.92,0.0
2025-02-24 05:00:00,24.6,34,1.86,0.0
2025-02-24 06:00:00,24.3,40,2.73,0.0
2025-02-24 07:00:00,24.4,39,2.97,9.0
2025-02-24 08:00:00,26.1,36,2.91,150.0
2025-02-24 09:00:00,29.4,30,2.04,376.0
2025-02-24 10:00:00,33.3,23,2.17,591.0
2025-02-24 11:00:00,35.8,17,1.26,760.0
2025-02-24 12:00:00,36.9,15,0.52,864.0
2025-02-24 13:00:00,36.2,21,2.81,892.0
2025-02-24 14:00:00,35.4,25,3.48,843.0
2025-02-24 15:00:00,34.8,25,3.73,722.0
2025-02-24 16:00:00,33.7,28,3.74,539.0
2025-02-24 17:00:00,32.3,34,4.0,314.0
2025-02-24 18:00:00,29.9,49,3.73,97.0
2025-02-24 19:00:00,28.8,56,3.56,1.0
2025-02-24 20:00:00,29.0,44,3.88,0.0
2025-02-24 21:00:00,28.9,39,3.61,0.0
2025-02-24 22:00:00,28.9,32,3.16,0.0
2025-02-24 23:00:00,29.0,28,3.1,0.0
2025-02-25 00:00:00,28.5,28,2.81,0.0
2025-02-25 01:00:00,27.9,28,2.57,0.0
2025-02-25 02:00:00,27.1,29,1.82,0.0
2025-02-25 03:00:00,26.4,29,1.84,0.0
2025-02-25 04:00:00,25.8,30,2.21,0.0
2025-02-25 05:00:00,25.4,31,2.28,0.0
2025-02-25 06:00:00,24.7,36,1.84,0.0
2025-02-25 07:00:00,24.8,36,2.41,10.0
2025-02-25 08:00:00,26.4,33,2.34,151.0
2025-02-25 09:00:00,29.4,29,1.36,371.0
2025-02-25 10:00:00,33.1,22,0.9,585.0
2025-02-25 11:00:00,35.7,17,1.37,746.0
2025-02-25 12:00:00,36.9,15,0.47,844.0
2025-02-25 13:00:00,37.5,15,1.71,893.0
2025-02-25 14:00:00,36.7,20,3.39,845.0
2025-02-25 15:00:00,35.8,22,3.94,723.0
2025-02-25 16:00:00,34.1,27,4.05,539.0
2025-02-25 17:00:00,32.2,35,3.59,315.0
2025-02-25 18:00:00,29.1,53,3.04,97.0
2025-02-25 19:00:00,28.3,53,2.25,1.0
2025-02-25 20:00:00,27.8,56,1.03,0.0
2025-02-25 21:00:00,27.8,52,1.05,0.0
2025-02-25 22:00:00,27.3,54,0.4,0.0
2025-02-25 23:00:00,26.7,56,0.28,0.0
2025-02-26 00:00:00,26.1,59,0.16,0.0
2025-02-26 01:00:00,25.6,65,0.05,0.0
2025-02-26 02:00:00,25.0,67,0.14,0.0
2025-02-26 03:00:00,24.0,66,0.22,0.0
2025-02-26 04:00:00,23.2,66,0.79,0.0
2025-02-26 05:00:00,23.1,61,0.99,0.0
2025-02-26 06:00:00,22.9,63,0.78,0.0
2025-02-26 07:00:00,23.4,58,1.25,10.0
2025-02-26 08:00:00,25.7,48,1.34,153.0
2025-02-26 09:00:00,29.2,35,1.19,379.0
2025-02-26 10:00:00,33.1,25,1.05,594.0
2025-02-26 11:00:00,35.4,20,0.96,764.0
2025-02-26 12:00:00,36.8,18,0.64,867.0
2025-02-26 13:00:00,37.2,17,2.0,896.0
2025-02-26 14:00:00,35.7,24,3.91,844.0
2025-02-26 15:00:00,34.2,29,4.11,720.0
2025-02-26 16:00:00,33.1,32,2.9,536.0
2025-02-26 17:00:00,32.3,37,2.67,314.0
2025-02-26 18:00:00,29.8,49,3.54,97.0
2025-02-26 19:00:00,28.7,54,2.75,1.0
2025-02-26 20:00:00,28.2,55,1.02,0.0
2025-02-26 21:00:00,28.1,53,1.43,0.0
2025-02-26 22:00:00,27.8,51,1.25,0.0
2025-02-26 23:00:00,27.3,50,1.11,0.0
2025-02-27 00:00:00,26.5,51,0.85,0.0
2025-02-27 01:00:00,26.0,52,0.9,0.0
2025-02-27 02:00:00,25.6,53,1.2,0.0
2025-02-27 03:00:00,25.1,54,1.8,0.0
2025-02-27 04:00:00,24.6,54,1.46,0.0
2025-02-27 05:00:00,24.1,54,1.47,0.0
2025-02-27 06:00:00,23.9,55,1.29,0.0
2025-02-27 07:00:00,24.1,53,1.4,11.0
2025-02-27 08:00:00,26.2,46,1.56,154.0
2025-02-27 09:00:00,29.7,37,1.01,380.0
2025-02-27 10:00:00,33.4,27,0.75,594.0
2025-02-27 11:00:00,35.3,23,1.19,762.0
2025-02-27 12:00:00,35.8,23,2.33,864.0
2025-02-27 13:00:00,35.6,24,2.9,892.0
2025-02-27 14:00:00,35.4,25,3.15,843.0
2025-02-27 15:00:00,34.5,27,3.8,720.0
2025-02-27 16:00:00,33.2,32,4.17,536.0
2025-02-27 17:00:00,31.5,39,3.69,314.0
2025-02-27 18:00:00,29.8,48,2.73,98.0
2025-02-27 19:00:00,28.9,56,1.91,1.0
2025-02-27 20:00:00,28.6,58,0.78,0.0
2025-02-27 21:00:00,28.4,56,0.94,0.0
2025-02-27 22:00:00,28.1,54,1.2,0.0
2025-02-27 23:00:00,27.1,56,0.81,0.0
2025-02-28 00:00:00,26.4,62,0.57,0.0
2025-02-28 01:00:00,25.9,64,0.25,0.0
2025-02-28 02:00:00,25.5,64,0.97,0.0
2025-02-28 03:00:00,25.2,69,1.17,0.0
2025-02-28 04:00:00,24.8,73,1.25,0.0
2025-02-28 05:00:00,24.3,76,1.22,0.0
2025-02-28 06:00:00,24.2,79,0.9,0.0
2025-02-28 07:00:00,24.2,73,1.23,11.0
2025-02-28 08:00:00,26.2,61,0.8,155.0
2025-02-28 09:00:00,29.4,45,0.3,379.0
2025-02-28 10:00:00,31.8,35,0.85,591.0
2025-02-28 11:00:00,33.2,33,1.66,758.0
2025-02-28 12:00:00,33.4,38,2.62,858.0
2025-02-28 13:00:00,33.3,40,3.72,887.0
2025-02-28 14:00:00,33.3,38,4.14,838.0
2025-02-28 15:00:00,33.4,35,3.65,718.0
2025-02-28 16:00:00,33.3,35,3.23,528.0
2025-02-28 17:00:00,32.1,38,3.71,315.0
2025-02-28 18:00:00,29.6,50,3.92,100.0
2025-02-28 19:00:00,28.7,52,3.35,1.0
2025-02-28 20:00:00,28.5,49,4.05,0.0
2025-02-28 21:00:00,28.7,41,3.58,0.0
2025-02-28 22:00:00,28.3,38,2.91,0.0
2025-02-28 23:00:00,27.9,37,2.61,0.0
2025-03-01 00:00:00,27.1,41,2.49,0.0
2025-03-01 01:00:00,26.4,44,2.28,0.0
2025-03-01 02:00:00,26.1,45,3.03,0.0
2025-03-01 03:00:00,26.0,45,3.35,0.0
2025-03-01 04:00:00,25.8,47,3.23,0.0
2025-03-01 05:00:00,25.4,50,3.1,0.0
2025-03-01 06:00:00,24.9,56,2.23,0.0
2025-03-01 07:00:00,24.6,56,1.95,12.0
2025-03-01 08:00:00,26.2,46,1.19,158.0
2025-03-01 09:00:00,29.2,36,1.0,384.0
2025-03-01 10:00:00,31.9,30,1.74,597.0
2025-03-01 11:00:00,33.1,34,2.19,762.0
2025-03-01 12:00:00,33.3,42,2.77,862.0
2025-03-01 13:00:00,33.4,44,3.24,889.0
2025-03-01 14:00:00,33.7,39,3.67,840.0
2025-03-01 15:00:00,33.5,33,4.13,718.0
2025-03-01 16:00:00,32.2,39,4.07,537.0
2025-03-01 17:00:00,30.8,49,4.46,318.0
2025-03-01 18:00:00,29.3,53,4.02,101.0
2025-03-01 19:00:00,29.0,47,4.23,1.0
2025-03-01 20:00:00,29.2,37,3.97,0.0
2025-03-01 21:00:00,29.1,33,3.51,0.0
2025-03-01 22:00:00,28.9,30,3.2,0.0
2025-03-01 23:00:00,28.3,30,2.35,0.0
2025-03-02 00:00:00,27.2,32,2.1,0.0
2025-03-02 01:00:00,26.2,34,1.5,0.0
2025-03-02 02:00:00,25.8,37,1.92,0.0
2025-03-02 03:00:00,25.4,39,2.04,0.0
2025-03-02 04:00:00,25.1,41,2.38,0.0
2025-03-02 05:00:00,24.8,42,2.58,0.0
2025-03-02 06:00:00,24.6,48,3.25,0.0
2025-03-02 07:00:00,24.8,42,3.26,13.0
2025-03-02 08:00:00,26.4,36,2.61,161.0
2025-03-02 09:00:00,29.6,30,2.3,389.0
2025-03-02 10:00:00,32.8,25,2.75,605.0
2025-03-02 11:00:00,34.9,21,3.03,764.0
2025-03-02 12:00:00,36.0,18,3.45,878.0
2025-03-02 13:00:00,36.2,21,3.77,905.0
2025-03-02 14:00:00,35.9,26,4.11,853.0
2025-03-02 15:00:00,35.1,30,4.33,730.0
2025-03-02 16:00:00,33.0,38,4.67,546.0
2025-03-02 17:00:00,31.5,41,4.38,324.0
2025-03-02 18:00:00,29.1,52,4.19,102.0
2025-03-02 19:00:00,28.3,54,4.07,2.0
2025-03-02 20:00:00,28.6,41,4.75,0.0
2025-03-02 21:00:00,28.4,37,4.16,0.0
2025-03-02 22:00:00,27.9,40,3.85,0.0
2025-03-02 23:00:00,27.1,44,2.55,0.0
2025-03-03 00:00:00,26.2,49,3.16,0.0
2025-03-03 01:00:00,25.4,55,3.3,0.0
2025-03-03 02:00:00,24.9,56,3.08,0.0
2025-03-03 03:00:00,24.7,54,3.03,0.0
2025-03-03 04:00:00,24.7,52,2.74,0.0
2025-03-03 05:00:00,24.8,51,2.57,0.0
2025-03-03 06:00:00,24.3,52,1.53,0.0
2025-03-03 07:00:00,24.5,50,1.9,14.0
2025-03-03 08:00:00,26.3,45,1.94,164.0
2025-03-03 09:00:00,29.9,34,1.75,392.0
2025-03-03 10:00:00,33.1,25,1.96,604.0
2025-03-03 11:00:00,35.4,20,2.23,758.0
2025-03-03 12:00:00,36.2,21,3.15,856.0
2025-03-03 13:00:00,35.2,32,4.07,890.0
2025-03-03 14:00:00,34.4,36,4.63,817.0
2025-03-03 15:00:00,33.9,35,4.92,685.0
2025-03-03 16:00:00,33.4,33,4.77,481.0
2025-03-03 17:00:00,32.1,38,4.51,240.0
2025-03-03 18:00:00,30.9,40,4.41,74.0
2025-03-03 19:00:00,30.2,40,4.67,2.0
2025-03-03 20:00:00,29.7,36,4.68,0.0
2025-03-03 21:00:00,29.5,32,4.38,0.0
2025-03-03 22:00:00,29.3,30,4.15,0.0
2025-03-03 23:00:00,29.0,29,3.85,0.0
2025-03-04 00:00:00,28.6,31,3.65,0.0
2025-03-04 01:00:00,27.9,33,2.77,0.0
2025-03-04 02:00:00,27.0,35,1.8,0.0
2025-03-04 03:00:00,26.5,37,1.69,0.0
2025-03-04 04:00:00,26.1,39,1.95,0.0
2025-03-04 05:00:00,25.7,41,2.29,0.0
2025-03-04 06:00:00,24.9,47,2.38,0.0
2025-03-04 07:00:00,25.0,44,2.86,15.0
2025-03-04 08:00:00,26.9,39,3.02,165.0
2025-03-04 09:00:00,29.9,33,3.37,361.0
2025-03-04 10:00:00,32.3,27,4.45,599.0
2025-03-04 11:00:00,34.4,22,4.45,766.0
2025-03-04 12:00:00,35.8,19,3.74,862.0
2025-03-04 13:00:00,35.8,22,3.88,903.0
2025-03-04 14:00:00,33.3,45,5.07,852.0
2025-03-04 15:00:00,32.3,52,5.28,731.0
2025-03-04 16:00:00,31.7,50,5.23,546.0
2025-03-04 17:00:00,30.8,49,4.97,320.0
2025-03-04 18:00:00,29.3,51,4.56,101.0
2025-03-04 19:00:00,28.5,53,4.33,2.0
2025-03-04 20:00:00,28.7,46,4.76,0.0
2025-03-04 21:00:00,28.6,42,4.57,0.0
2025-03-04 22:00:00,28.4,39,3.98,0.0
2025-03-04 23:00:00,28.2,38,4.04,0.0
2025-03-05 00:00:00,28.0,36,4.25,0.0
2025-03-05 01:00:00,27.6,34,4.06,0.0
2025-03-05 02:00:00,27.2,33,3.8,0.0
2025-03-05 03:00:00,26.6,33,3.5,0.0
2025-03-05 04:00:00,26.1,33,3.45,0.0
2025-03-05 05:00:00,25.6,33,3.5,0.0
2025-03-05 06:00:00,24.3,38,3.05,0.0
2025-03-05 07:00:00,24.2,38,2.52,16.0
2025-03-05 08:00:00,26.0,34,2.04,176.0
2025-03-05 09:00:00,29.0,28,2.02,411.0
2025-03-05 10:00:00,32.1,23,2.06,631.0
2025-03-05 11:00:00,34.7,19,1.86,803.0
2025-03-05 12:00:00,36.4,16,1.88,908.0
2025-03-05 13:00:00,36.8,17,2.52,937.0
2025-03-05 14:00:00,35.4,28,3.79,885.0
2025-03-05 15:00:00,34.8,29,4.2,758.0
2025-03-05 16:00:00,33.5,28,4.7,570.0
2025-03-05 17:00:00,31.6,32,4.07,341.0
2025-03-05 18:00:00,29.2,46,4.28,110.0
2025-03-05 19:00:00,28.3,47,4.05,2.0
2025-03-05 20:00:00,28.4,41,4.27,0.0
2025-03-05 21:00:00,28.6,32,3.35,0.0
2025-03-05 22:00:00,28.8,22,3.4,0.0
2025-03-05 23:00:00,28.8,18,3.52,0.0
2025-03-06 00:00:00,28.0,18,2.88,0.0
2025-03-06 01:00:00,27.2,20,2.99,0.0
2025-03-06 02:00:00,26.3,21,2.75,0.0
2025-03-06 03:00:00,25.5,23,2.2,0.0
2025-03-06 04:00:00,24.8,24,2.46,0.0
2025-03-06 05:00:00,24.3,25,2.73,0.0
2025-03-06 06:00:00,22.6,33,1.88,0.0
2025-03-06 07:00:00,22.5,33,1.77,18.0
2025-03-06 08:00:00,24.6,28,1.61,187.0
2025-03-06 09:00:00,27.7,22,1.19,430.0
2025-03-06 10:00:00,31.0,18,0.78,654.0
2025-03-06 11:00:00,33.8,15,0.3,823.0
2025-03-06 12:00:00,34.8,16,1.73,925.0
2025-03-06 13:00:00,35.0,19,2.69,950.0
2025-03-06 14:00:00,34.3,21,3.56,898.0
2025-03-06 15:00:00,33.3,19,4.29,769.0
2025-03-06 16:00:00,32.3,24,4.24,574.0
2025-03-06 17:00:00,30.8,38,3.75,339.0
2025-03-06 18:00:00,29.1,40,3.9,110.0
2025-03-06 19:00:00,28.3,38,4.56,2.0
2025-03-06 20:00:00,28.4,32,4.57,0.0
2025-03-06 21:00:00,27.9,30,3.63,0.0
2025-03-06 22:00:00,27.5,25,2.62,0.0
2025-03-06 23:00:00,27.0,23,2.7,0.0
2025-03-07 00:00:00,26.9,24,3.31,0.0
2025-03-07 01:00:00,26.7,23,2.82,0.0
2025-03-07 02:00:00,26.1,23,2.56,0.0
2025-03-07 03:00:00,25.6,23,2.79,0.0
2025-03-07 04:00:00,25.3,22,2.87,0.0
2025-03-07 05:00:00,25.2,20,3.01,0.0
2025-03-07 06:00:00,24.5,22,2.71,0.0
2025-03-07 07:00:00,24.5,22,2.47,18.0
2025-03-07 08:00:00,26.3,20,2.1,184.0
2025-03-07 09:00:00,29.3,17,1.63,421.0
2025-03-07 10:00:00,32.4,15,1.47,641.0
2025-03-07 11:00:00,34.9,13,1.07,813.0
2025-03-07 12:00:00,36.5,11,0.86,916.0
2025-03-07 13:00:00,36.9,12,1.76,942.0
2025-03-07 14:00:00,35.7,23,3.22,887.0
2025-03-07 15:00:00,35.0,24,3.72,758.0
2025-03-07 16:00:00,33.3,27,4.01,570.0
2025-03-07 17:00:00,31.5,34,4.07,340.0
2025-03-07 18:00:00,29.7,42,4.4,111.0
2025-03-07 19:00:00,28.8,45,4.58,2.0
2025-03-07 20:00:00,28.6,40,4.68,0.0
2025-03-07 21:00:00,28.3,39,3.3,0.0
2025-03-07 22:00:00,27.3,36,1.11,0.0
2025-03-07 23:00:00,27.0,32,1.32,0.0
2025-03-08 00:00:00,27.2,29,2.02,0.0
2025-03-08 01:00:00,26.4,32,2.37,0.0
2025-03-08 02:00:00,25.7,35,2.49,0.0
2025-03-08 03:00:00,25.2,38,2.82,0.0
2025-03-08 04:00:00,25.0,35,2.66,0.0
2025-03-08 05:00:00,24.8,32,2.25,0.0
2025-03-08 06:00:00,23.6,36,1.86,0.0
2025-03-08 07:00:00,23.5,35,1.75,19.0
2025-03-08 08:00:00,25.7,30,1.59,186.0
2025-03-08 09:00:00,29.4,24,1.03,422.0
2025-03-08 10:00:00,33.1,18,0.81,640.0
2025-03-08 11:00:00,35.3,15,1.04,810.0
2025-03-08 12:00:00,36.0,16,2.02,911.0
2025-03-08 13:00:00,35.5,20,3.34,934.0
2025-03-08 14:00:00,34.4,25,4.07,881.0
2025-03-08 15:00:00,33.5,30,4.15,754.0
2025-03-08 16:00:00,32.5,35,4.11,565.0
2025-03-08 17:00:00,31.2,39,3.93,336.0
2025-03-08 18:00:00,29.3,48,3.39,111.0
2025-03-08 19:00:00,28.2,56,3.45,2.0
2025-03-08 20:00:00,28.2,51,3.6,0.0
2025-03-08 21:00:00,27.6,52,3.98,0.0
2025-03-08 22:00:00,27.0,57,2.67,0.0
2025-03-08 23:00:00,26.3,56,1.39,0.0
2025-03-09 00:00:00,25.4,55,0.89,0.0
2025-03-09 01:00:00,24.8,56,0.95,0.0
2025-03-09 02:00:00,24.6,53,0.4,0.0
2025-03-09 03:00:00,24.2,55,0.18,0.0
2025-03-09 04:00:00,23.7,55,0.27,0.0
2025-03-09 05:00:00,22.9,58,0.54,0.0
2025-03-09 06:00:00,23.1,57,0.75,0.0
2025-03-09 07:00:00,23.4,53,0.94,20.0
2025-03-09 08:00:00,26.2,45,1.23,186.0
2025-03-09 09:00:00,29.4,36,1.07,417.0
2025-03-09 10:00:00,32.5,29,1.0,634.0
2025-03-09 11:00:00,34.9,24,1.24,802.0
2025-03-09 12:00:00,35.6,28,2.02,903.0
2025-03-09 13:00:00,35.1,34,3.05,926.0
2025-03-09 14:00:00,34.5,36,3.67,873.0
2025-03-09 15:00:00,33.6,38,3.97,747.0
2025-03-09 16:00:00,32.8,40,4.0,560.0
2025-03-09 17:00:00,31.0,49,4.16,333.0
2025-03-09 18:00:00,28.7,66,3.94,109.0
2025-03-09 19:00:00,27.6,72,3.61,2.0
2025-03-09 20:00:00,27.5,67,3.07,0.0
2025-03-09 21:00:00,28.1,54,1.99,0.0
2025-03-09 22:00:00,27.7,49,1.1,0.0
2025-03-09 23:00:00,27.3,46,1.01,0.0
2025-03-10 00:00:00,27.2,42,1.32,0.0
2025-03-10 01:00:00,26.6,43,1.84,0.0
2025-03-10 02:00:00,26.2,45,2.52,0.0
2025-03-10 03:00:00,26.1,44,2.25,0.0
2025-03-10 04:00:00,25.2,41,1.32,0.0
2025-03-10 05:00:00,25.5,38,1.99,0.0
2025-03-10 06:00:00,24.3,47,1.23,0.0
2025-03-10 07:00:00,25.0,45,1.9,20.0
2025-03-10 08:00:00,27.5,38,2.19,187.0
2025-03-10 09:00:00,31.0,30,1.49,420.0
2025-03-10 10:00:00,34.8,23,1.01,636.0
2025-03-10 11:00:00,36.8,20,1.17,804.0
2025-03-10 12:00:00,38.6,17,0.75,905.0
2025-03-10 13:00:00,39.0,18,2.32,929.0
2025-03-10 14:00:00,38.0,20,3.84,876.0
2025-03-10 15:00:00,36.2,22,4.83,748.0
2025-03-10 16:00:00,34.9,26,3.15,559.0
2025-03-10 17:00:00,33.5,33,2.42,331.0
2025-03-10 18:00:00,32.0,38,3.04,109.0
2025-03-10 19:00:00,30.9,41,1.81,2.0
2025-03-10 20:00:00,30.5,42,0.78,0.0
2025-03-10 21:00:00,30.0,41,0.71,0.0
2025-03-10 22:00:00,29.5,40,0.76,0.0
2025-03-10 23:00:00,29.2,37,0.76,0.0
2025-03-11 00:00:00,28.4,39,0.87,0.0
2025-03-11 01:00:00,27.9,42,0.46,0.0
2025-03-11 02:00:00,27.3,43,0.5,0.0
2025-03-11 03:00:00,26.4,46,0.78,0.0
2025-03-11 04:00:00,26.0,46,1.13,0.0
2025-03-11 05:00:00,25.6,48,1.1,0.0
2025-03-11 06:00:00,25.7,51,0.7,0.0
2025-03-11 07:00:00,26.4,51,1.57,21.0
2025-03-11 08:00:00,28.2,49,1.35,187.0
2025-03-11 09:00:00,31.3,39,0.96,417.0
2025-03-11 10:00:00,34.2,30,1.16,630.0
2025-03-11 11:00:00,36.4,25,1.25,796.0
2025-03-11 12:00:00,37.4,23,1.76,899.0
2025-03-11 13:00:00,37.2,26,2.93,924.0
2025-03-11 14:00:00,36.2,30,3.85,871.0
2025-03-11 15:00:00,34.9,34,4.28,742.0
2025-03-11 16:00:00,34.2,38,3.17,554.0
2025-03-11 17:00:00,32.7,45,3.6,328.0
2025-03-11 18:00:00,30.5,55,3.51,108.0
2025-03-11 19:00:00,29.4,63,2.35,2.0
2025-03-11 20:00:00,29.2,62,0.97,0.0
2025-03-11 21:00:00,29.0,60,2.0,0.0
2025-03-11 22:00:00,28.9,57,1.03,0.0
2025-03-11 23:00:00,28.6,55,1.57,0.0
2025-03-12 00:00:00,28.1,54,1.08,0.0
2025-03-12 01:00:00,27.4,56,0.73,0.0
2025-03-12 02:00:00,26.8,58,0.89,0.0
2025-03-12 03:00:00,26.6,59,2.19,0.0
2025-03-12 04:00:00,26.0,63,1.56,0.0
2025-03-12 05:00:00,25.4,65,1.22,0.0
2025-03-12 06:00:00,25.1,62,1.46,0.0
2025-03-12 07:00:00,25.8,55,1.99,22.0
2025-03-12 08:00:00,28.2,45,1.61,190.0
2025-03-12 09:00:00,31.5,35,1.68,422.0
2025-03-12 10:00:00,34.4,28,0.46,639.0
2025-03-12 11:00:00,36.2,24,0.51,805.0
2025-03-12 12:00:00,37.1,24,1.63,905.0
2025-03-12 13:00:00,37.0,26,2.72,930.0
2025-03-12 14:00:00,36.3,26,3.37,877.0
2025-03-12 15:00:00,35.4,30,3.78,751.0
2025-03-12 16:00:00,34.0,36,4.01,561.0
2025-03-12 17:00:00,32.0,47,3.7,333.0
2025-03-12 18:00:00,30.0,63,2.57,110.0
2025-03-12 19:00:00,29.1,67,1.8,3.0
2025-03-12 20:00:00,28.7,71,1.14,0.0
2025-03-12 21:00:00,28.9,66,0.46,0.0
2025-03-12 22:00:00,28.4,66,0.52,0.0
2025-03-12 23:00:00,27.9,69,0.66,0.0
2025-03-13 00:00:00,27.3,74,0.16,0.0
2025-03-13 01:00:00,27.1,72,1.19,0.0
2025-03-13 02:00:00,26.2,77,0.81,0.0
2025-03-13 03:00:00,26.0,80,1.34,0.0
2025-03-13 04:00:00,25.4,84,1.03,0.0
2025-03-13 05:00:00,25.0,82,1.4,0.0
2025-03-13 06:00:00,24.8,81,1.32,0.0
2025-03-13 07:00:00,25.4,72,1.66,23.0
2025-03-13 08:00:00,28.0,58,1.2,193.0
2025-03-13 09:00:00,31.3,43,0.5,424.0
2025-03-13 10:00:00,33.9,33,0.64,638.0
2025-03-13 11:00:00,34.2,38,2.49,803.0
2025-03-13 12:00:00,33.8,40,3.29,901.0
2025-03-13 13:00:00,34.2,38,3.35,925.0
2025-03-13 14:00:00,34.2,40,3.51,872.0
2025-03-13 15:00:00,33.7,43,3.63,746.0
2025-03-13 16:00:00,32.8,48,3.67,559.0
2025-03-13 17:00:00,31.9,51,3.59,335.0
2025-03-13 18:00:00,30.1,61,2.8,111.0
2025-03-13 19:00:00,29.0,69,2.28,3.0
2025-03-13 20:00:00,28.5,74,2.21,0.0
2025-03-13 21:00:00,28.1,77,2.33,0.0
2025-03-13 22:00:00,28.0,70,1.95,0.0
2025-03-13 23:00:00,27.6,70,2.7,0.0
2025-03-14 00:00:00,27.1,68,1.37,0.0
2025-03-14 01:00:00,26.5,65,1.39,0.0
2025-03-14 02:00:00,25.8,64,1.09,0.0
2025-03-14 03:00:00,25.0,69,0.81,0.0
2025-03-14 04:00:00,25.0,71,0.22,0.0
2025-03-14 05:00:00,24.5,73,0.43,0.0
2025-03-14 06:00:00,24.3,93,0.59,0.0
2025-03-14 07:00:00,24.9,91,0.32,24.0
2025-03-14 08:00:00,27.6,72,0.16,194.0
2025-03-14 09:00:00,30.5,54,0.55,426.0
2025-03-14 10:00:00,32.4,47,1.25,640.0
2025-03-14 11:00:00,33.3,48,2.16,805.0
2025-03-14 12:00:00,33.8,47,2.86,903.0
2025-03-14 13:00:00,34.3,41,3.32,927.0
2025-03-14 14:00:00,34.7,32,3.76,877.0
2025-03-14 15:00:00,34.6,28,4.06,742.0
2025-03-14 16:00:00,33.9,30,4.16,565.0
2025-03-14 17:00:00,32.7,35,3.83,339.0
2025-03-14 18:00:00,30.5,46,3.43,114.0
2025-03-14 19:00:00,29.4,54,3.55,3.0
2025-03-14 20:00:00,29.1,52,3.82,0.0
2025-03-14 21:00:00,28.5,55,3.05,0.0
2025-03-14 22:00:00,27.8,60,1.76,0.0
2025-03-14 23:00:00,27.3,63,1.49,0.0
2025-03-15 00:00:00,26.9,63,2.0,0.0
2025-03-15 01:00:00,26.4,64,2.65,0.0
2025-03-15 02:00:00,25.9,65,1.79,0.0
2025-03-15 03:00:00,25.3,66,2.18,0.0
2025-03-15 04:00:00,25.2,65,2.41,0.0
2025-03-15 05:00:00,24.8,66,1.7,0.0
2025-03-15 06:00:00,25.0,75,1.77,0.0
2025-03-15 07:00:00,25.1,71,1.74,25.0
2025-03-15 08:00:00,27.3,59,1.27,197.0
2025-03-15 09:00:00,30.5,44,0.99,427.0
2025-03-15 10:00:00,33.3,32,0.91,639.0
2025-03-15 11:00:00,35.1,27,1.69,802.0
2025-03-15 12:00:00,35.5,30,2.88,899.0
2025-03-15 13:00:00,35.4,29,3.76,920.0
2025-03-15 14:00:00,35.0,27,4.32,863.0
2025-03-15 15:00:00,33.8,33,4.35,728.0
2025-03-15 16:00:00,32.4,41,4.22,542.0
2025-03-15 17:00:00,31.0,48,4.32,334.0
2025-03-15 18:00:00,29.4,56,3.96,71.0
2025-03-15 19:00:00,28.8,60,3.68,2.0
2025-03-15 20:00:00,28.5,64,3.41,0.0
2025-03-15 21:00:00,28.2,67,2.33,0.0
2025-03-15 22:00:00,27.8,64,1.57,0.0
2025-03-15 23:00:00,27.2,67,2.53,0.0
2025-03-16 00:00:00,26.7,68,1.92,0.0
2025-03-16 01:00:00,26.1,66,1.29,0.0
2025-03-16 02:00:00,25.5,65,1.08,0.0
2025-03-16 03:00:00,25.3,64,1.5,0.0
2025-03-16 04:00:00,25.2,63,1.76,0.0
2025-03-16 05:00:00,25.2,63,2.09,0.0
2025-03-16 06:00:00,25.4,65,2.33,0.0
2025-03-16 07:00:00,25.7,65,1.92,26.0
2025-03-16 08:00:00,27.4,58,1.71,196.0
2025-03-16 09:00:00,29.6,49,1.64,422.0
2025-03-16 10:00:00,31.7,42,1.46,627.0
2025-03-16 11:00:00,32.9,41,2.23,763.0
2025-03-16 12:00:00,32.9,48,3.5,873.0
2025-03-16 13:00:00,32.8,48,4.3,896.0
2025-03-16 14:00:00,33.2,40,4.4,850.0
2025-03-16 15:00:00,33.2,35,4.42,727.0
2025-03-16 16:00:00,32.5,37,4.24,541.0
2025-03-16 17:00:00,31.3,45,4.16,326.0
2025-03-16 18:00:00,29.8,52,3.86,111.0
2025-03-16 19:00:00,29.0,53,3.6,3.0
2025-03-16 20:00:00,29.1,47,4.16,0.0
2025-03-16 21:00:00,29.3,42,3.74,0.0
2025-03-16 22:00:00,28.6,50,3.74,0.0
2025-03-16 23:00:00,27.3,68,2.68,0.0
2025-03-17 00:00:00,26.6,75,2.78,0.0
2025-03-17 01:00:00,26.2,78,2.91,0.0
2025-03-17 02:00:00,25.9,76,1.96,0.0
2025-03-17 03:00:00,25.4,72,1.58,0.0
2025-03-17 04:00:00,25.2,70,1.8,0.0
2025-03-17 05:00:00,24.8,70,1.69,0.0
2025-03-17 06:00:00,25.3,74,1.74,0.0
2025-03-17 07:00:00,25.5,73,1.96,28.0
2025-03-17 08:00:00,27.2,64,1.54,200.0
2025-03-17 09:00:00,29.6,53,1.53,430.0
2025-03-17 10:00:00,32.0,42,1.24,643.0
2025-03-17 11:00:00,33.5,38,1.95,799.0
2025-03-17 12:00:00,33.4,40,3.87,894.0
2025-03-17 13:00:00,33.3,38,4.58,914.0
2025-03-17 14:00:00,32.9,37,4.81,792.0
2025-03-17 15:00:00,32.6,37,4.63,710.0
2025-03-17 16:00:00,32.0,39,4.07,558.0
2025-03-17 17:00:00,30.6,47,3.59,314.0
2025-03-17 18:00:00,29.2,57,3.44,104.0
2025-03-17 19:00:00,28.3,62,3.01,3.0
2025-03-17 20:00:00,27.8,64,2.5,0.0
2025-03-17 21:00:00,27.6,62,2.56,0.0
2025-03-17 22:00:00,27.2,64,2.86,0.0
2025-03-17 23:00:00,26.6,72,3.62,0.0
2025-03-18 00:00:00,26.0,77,1.62,0.0
2025-03-18 01:00:00,25.5,81,1.97,0.0
2025-03-18 02:00:00,25.0,84,1.99,0.0
2025-03-18 03:00:00,24.1,88,1.13,0.0
2025-03-18 04:00:00,23.5,88,0.99,0.0
2025-03-18 05:00:00,23.1,87,1.11,0.0
2025-03-18 06:00:00,23.7,87,1.78,0.0
2025-03-18 07:00:00,24.1,85,2.44,30.0
2025-03-18 08:00:00,26.2,72,2.11,209.0
2025-03-18 09:00:00,28.8,53,2.09,443.0
2025-03-18 10:00:00,31.2,40,1.79,657.0
2025-03-18 11:00:00,32.8,35,1.88,819.0
2025-03-18 12:00:00,33.2,40,2.84,916.0
2025-03-18 13:00:00,33.0,43,3.74,938.0
2025-03-18 14:00:00,32.5,41,4.23,884.0
2025-03-18 15:00:00,32.1,41,4.42,756.0
2025-03-18 16:00:00,31.5,41,4.37,567.0
2025-03-18 17:00:00,30.3,48,4.12,339.0
2025-03-18 18:00:00,28.8,58,3.16,115.0
2025-03-18 19:00:00,27.7,69,2.7,3.0
2025-03-18 20:00:00,27.2,74,2.34,0.0
2025-03-18 21:00:00,26.9,75,1.59,0.0
2025-03-18 22:00:00,26.4,76,1.05,0.0
2025-03-18 23:00:00,25.6,80,0.72,0.0
2025-03-19 00:00:00,25.3,82,0.89,0.0
2025-03-19 01:00:00,25.2,84,1.84,0.0
2025-03-19 02:00:00,24.9,88,2.6,0.0
2025-03-19 03:00:00,24.3,91,1.6,0.0
2025-03-19 04:00:00,23.6,93,1.59,0.0
2025-03-19 05:00:00,23.2,89,1.66,0.0
2025-03-19 06:00:00,23.2,87,1.0,0.0
2025-03-19 07:00:00,23.9,82,1.52,31.0
2025-03-19 08:00:00,26.4,67,0.83,211.0
2025-03-19 09:00:00,29.1,49,0.45,445.0
2025-03-19 10:00:00,31.2,40,0.74,660.0
2025-03-19 11:00:00,32.3,39,2.06,825.0
2025-03-19 12:00:00,31.8,50,3.41,919.0
2025-03-19 13:00:00,31.6,49,3.91,939.0
2025-03-19 14:00:00,31.5,48,4.12,884.0
2025-03-19 15:00:00,31.2,48,4.38,755.0
2025-03-19 16:00:00,30.5,49,4.49,566.0
2025-03-19 17:00:00,29.8,48,4.36,339.0
2025-03-19 18:00:00,28.5,51,3.82,116.0
2025-03-19 19:00:00,27.7,55,3.38,3.0
2025-03-19 20:00:00,27.6,54,3.15,0.0
2025-03-19 21:00:00,27.4,57,2.91,0.0
2025-03-19 22:00:00,26.9,62,2.84,0.0
2025-03-19 23:00:00,26.6,67,2.44,0.0
2025-03-20 00:00:00,25.9,72,1.55,0.0
2025-03-20 01:00:00,25.2,74,1.38,0.0
2025-03-20 02:00:00,24.6,72,1.24,0.0
2025-03-20 03:00:00,24.2,67,1.41,0.0
2025-03-20 04:00:00,23.7,62,1.25,0.0
2025-03-20 05:00:00,23.2,60,1.1,0.0
2025-03-20 06:00:00,23.6,61,1.28,0.0
2025-03-20 07:00:00,24.4,57,1.84,32.0
2025-03-20 08:00:00,26.9,48,1.58,211.0
2025-03-20 09:00:00,30.0,35,1.56,443.0
2025-03-20 10:00:00,32.7,26,1.87,657.0
2025-03-20 11:00:00,34.6,19,2.21,823.0
2025-03-20 12:00:00,35.1,20,3.4,920.0
2025-03-20 13:00:00,34.4,29,4.55,940.0
2025-03-20 14:00:00,34.8,22,4.92,885.0
2025-03-20 15:00:00,34.7,17,4.99,760.0
2025-03-20 16:00:00,34.2,16,4.83,570.0
2025-03-20 17:00:00,33.2,19,4.37,340.0
2025-03-20 18:00:00,30.9,34,3.0,113.0
2025-03-20 19:00:00,29.3,47,2.89,3.0
2025-03-20 20:00:00,29.1,39,2.98,0.0
2025-03-20 21:00:00,28.2,50,3.29,0.0
2025-03-20 22:00:00,27.2,67,3.69,0.0
2025-03-20 23:00:00,26.8,68,3.66,0.0
2025-03-21 00:00:00,26.5,68,3.49,0.0
2025-03-21 01:00:00,26.2,69,3.15,0.0
2025-03-21 02:00:00,25.9,67,3.04,0.0
2025-03-21 03:00:00,25.7,66,3.07,0.0
2025-03-21 04:00:00,25.5,67,3.26,0.0
2025-03-21 05:00:00,25.3,69,2.98,0.0
2025-03-21 06:00:00,25.5,73,2.6,0.0
2025-03-21 07:00:00,25.6,73,2.7,33.0
2025-03-21 08:00:00,27.3,63,2.46,213.0
2025-03-21 09:00:00,29.3,49,2.9,443.0
2025-03-21 10:00:00,31.2,41,3.02,655.0
2025-03-21 11:00:00,32.4,38,3.27,816.0
2025-03-21 12:00:00,32.4,42,4.15,911.0
2025-03-21 13:00:00,32.2,41,4.71,935.0
2025-03-21 14:00:00,31.7,41,5.04,884.0
2025-03-21 15:00:00,31.2,42,5.02,758.0
2025-03-21 16:00:00,30.7,41,4.74,572.0
2025-03-21 17:00:00,29.4,49,4.77,345.0
2025-03-21 18:00:00,27.8,61,4.31,119.0
2025-03-21 19:00:00,27.2,65,3.61,4.0
2025-03-21 20:00:00,27.0,64,2.83,0.0
2025-03-21 21:00:00,26.7,66,1.99,0.0
2025-03-21 22:00:00,25.8,70,0.9,0.0
2025-03-21 23:00:00,25.3,73,0.87,0.0
2025-03-22 00:00:00,24.9,76,0.91,0.0
2025-03-22 01:00:00,24.3,81,0.9,0.0
2025-03-22 02:00:00,24.1,84,1.56,0.0
2025-03-22 03:00:00,23.6,84,1.41,0.0
2025-03-22 04:00:00,23.0,83,1.24,0.0
2025-03-22 05:00:00,22.6,83,1.1,0.0
2025-03-22 06:00:00,23.1,85,1.24,0.0
2025-03-22 07:00:00,23.6,82,1.83,36.0
2025-03-22 08:00:00,25.7,70,1.62,224.0
2025-03-22 09:00:00,28.2,57,1.46,460.0
2025-03-22 10:00:00,30.6,44,1.06,675.0
2025-03-22 11:00:00,32.2,37,1.92,840.0
2025-03-22 12:00:00,32.7,40,2.82,935.0
2025-03-22 13:00:00,32.3,45,3.85,951.0
2025-03-22 14:00:00,32.3,43,4.37,895.0
2025-03-22 15:00:00,31.7,42,4.73,766.0
2025-03-22 16:00:00,31.1,45,4.39,577.0
2025-03-22 17:00:00,30.2,52,4.35,347.0
2025-03-22 18:00:00,28.4,64,3.93,121.0
2025-03-22 19:00:00,27.5,73,2.98,4.0
2025-03-22 20:00:00,27.1,76,2.25,0.0
2025-03-22 21:00:00,26.8,75,0.78,0.0
2025-03-22 22:00:00,26.3,75,0.7,0.0
2025-03-22 23:00:00,26.2,74,0.15,0.0
2025-03-23 00:00:00,25.9,74,0.16,0.0
2025-03-23 01:00:00,25.9,75,1.39,0.0
2025-03-23 02:00:00,24.9,81,0.89,0.0
2025-03-23 03:00:00,24.7,82,0.42,0.0
2025-03-23 04:00:00,24.3,84,0.11,0.0
2025-03-23 05:00:00,23.7,87,0.3,0.0
2025-03-23 06:00:00,23.7,92,0.4,0.0
2025-03-23 07:00:00,24.5,88,0.83,36.0
2025-03-23 08:00:00,26.7,78,0.79,220.0
2025-03-23 09:00:00,29.0,66,0.57,453.0
2025-03-23 10:00:00,31.5,53,0.21,666.0
2025-03-23 11:00:00,32.9,48,1.08,828.0
2025-03-23 12:00:00,33.6,48,2.2,925.0
2025-03-23 13:00:00,33.8,47,2.86,946.0
2025-03-23 14:00:00,33.7,43,3.35,891.0
2025-03-23 15:00:00,33.1,44,3.67,757.0
2025-03-23 16:00:00,32.1,44,4.01,562.0
2025-03-23 17:00:00,30.9,49,3.64,331.0
2025-03-23 18:00:00,29.3,67,3.51,117.0
2025-03-23 19:00:00,28.5,70,2.52,4.0
2025-03-23 20:00:00,28.0,75,1.66,0.0
2025-03-23 21:00:00,27.7,77,1.61,0.0
2025-03-23 22:00:00,27.4,75,0.54,0.0
2025-03-23 23:00:00,27.1,76,1.53,0.0
2025-03-24 00:00:00,26.5,83,1.6,0.0
2025-03-24 01:00:00,26.0,88,1.19,0.0
2025-03-24 02:00:00,25.3,92,0.7,0.0
2025-03-24 03:00:00,25.1,94,0.79,0.0
2025-03-24 04:00:00,25.1,94,0.92,0.0
2025-03-24 05:00:00,24.6,95,0.8,0.0
2025-03-24 06:00:00,24.7,98,0.32,0.0
2025-03-24 07:00:00,25.4,97,0.78,34.0
2025-03-24 08:00:00,26.8,88,0.64,155.0
2025-03-24 09:00:00,28.8,75,0.32,395.0
2025-03-24 10:00:00,30.8,64,0.99,647.0
2025-03-24 11:00:00,32.1,61,1.79,824.0
2025-03-24 12:00:00,32.7,58,2.6,921.0
2025-03-24 13:00:00,32.9,53,3.45,939.0
2025-03-24 14:00:00,32.5,51,4.0,852.0
2025-03-24 15:00:00,32.2,48,4.19,720.0
2025-03-24 16:00:00,31.6,47,4.77,563.0
2025-03-24 17:00:00,30.5,53,4.8,332.0
2025-03-24 18:00:00,28.8,69,4.82,116.0
2025-03-24 19:00:00,28.1,76,4.28,4.0
2025-03-24 20:00:00,27.8,79,2.44,0.0
2025-03-24 21:00:00,27.6,77,1.38,0.0
2025-03-24 22:00:00,27.4,74,1.01,0.0
2025-03-24 23:00:00,26.7,77,0.32,0.0
2025-03-25 00:00:00,26.0,79,0.46,0.0
2025-03-25 01:00:00,25.7,78,0.92,0.0
2025-03-25 02:00:00,26.0,72,1.91,0.0
2025-03-25 03:00:00,25.7,73,1.81,0.0
2025-03-25 04:00:00,25.1,79,1.63,0.0
2025-03-25 05:00:00,24.6,85,1.2,0.0
2025-03-25 06:00:00,24.8,84,1.02,0.0
2025-03-25 07:00:00,25.8,81,2.04,40.0
2025-03-25 08:00:00,28.1,71,1.44,227.0
2025-03-25 09:00:00,30.3,60,2.23,458.0
2025-03-25 10:00:00,31.8,53,2.49,670.0
2025-03-25 11:00:00,32.6,52,2.95,832.0
2025-03-25 12:00:00,33.0,48,3.91,927.0
2025-03-25 13:00:00,33.2,42,4.48,950.0
2025-03-25 14:00:00,33.0,42,4.65,892.0
2025-03-25 15:00:00,32.5,44,4.65,752.0
2025-03-25 16:00:00,31.5,51,4.61,562.0
2025-03-25 17:00:00,30.2,59,4.5,330.0
2025-03-25 18:00:00,28.8,72,3.92,115.0
2025-03-25 19:00:00,28.0,78,2.93,4.0
2025-03-25 20:00:00,27.8,80,0.96,0.0
2025-03-25 21:00:00,27.6,77,0.38,0.0
2025-03-25 22:00:00,27.1,78,0.4,0.0
2025-03-25 23:00:00,26.7,80,0.11,0.0
2025-03-26 00:00:00,26.1,81,0.89,0.0
2025-03-26 01:00:00,25.7,83,0.53,0.0
2025-03-26 02:00:00,25.4,84,0.35,0.0
2025-03-26 03:00:00,24.7,88,0.51,0.0
2025-03-26 04:00:00,24.1,91,0.46,0.0
2025-03-26 05:00:00,23.9,92,0.79,0.0
2025-03-26 06:00:00,25.0,89,0.25,0.0
2025-03-26 07:00:00,25.8,86,0.76,41.0
2025-03-26 08:00:00,27.4,79,0.54,226.0
2025-03-26 09:00:00,29.1,68,1.33,457.0
2025-03-26 10:00:00,30.5,60,2.21,667.0
2025-03-26 11:00:00,31.2,58,2.92,829.0
2025-03-26 12:00:00,31.5,55,3.61,924.0
2025-03-26 13:00:00,31.6,53,4.13,946.0
2025-03-26 14:00:00,31.3,52,4.16,889.0
2025-03-26 15:00:00,31.1,53,4.08,761.0
2025-03-26 16:00:00,30.3,56,4.22,567.0
2025-03-26 17:00:00,29.3,59,4.09,343.0
2025-03-26 18:00:00,28.1,70,4.1,119.0
2025-03-26 19:00:00,27.4,77,3.61,4.0
2025-03-26 20:00:00,27.0,81,2.9,0.0
2025-03-26 21:00:00,26.9,81,2.16,0.0
2025-03-26 22:00:00,26.5,82,1.35,0.0
2025-03-26 23:00:00,25.9,85,0.56,0.0
2025-03-27 00:00:00,25.6,87,0.55,0.0
2025-03-27 01:00:00,25.3,89,0.74,0.0
2025-03-27 02:00:00,24.8,91,0.67,0.0
2025-03-27 03:00:00,24.5,93,0.67,0.0
2025-03-27 04:00:00,24.3,94,0.71,0.0
2025-03-27 05:00:00,24.4,93,1.0,0.0
2025-03-27 06:00:00,25.0,92,0.76,0.0
2025-03-27 07:00:00,25.2,91,1.01,35.0
2025-03-27 08:00:00,26.8,81,1.11,203.0
2025-03-27 09:00:00,28.5,71,1.42,404.0
2025-03-27 10:00:00,29.7,64,2.33,614.0
2025-03-27 11:00:00,30.2,61,3.22,764.0
2025-03-27 12:00:00,30.6,56,3.47,892.0
2025-03-27 13:00:00,30.8,54,3.96,931.0
2025-03-27 14:00:00,30.3,56,4.57,878.0
2025-03-27 15:00:00,29.9,59,4.35,752.0
2025-03-27 16:00:00,29.3,61,4.11,565.0
2025-03-27 17:00:00,28.5,65,3.61,340.0
2025-03-27 18:00:00,27.2,73,4.17,119.0
2025-03-27 19:00:00,26.6,76,3.96,4.0
2025-03-27 20:00:00,26.4,76,2.88,0.0
2025-03-27 21:00:00,26.2,77,2.14,0.0
2025-03-27 22:00:00,26.0,78,1.85,0.0
2025-03-27 23:00:00,25.8,78,1.81,0.0
2025-03-28 00:00:00,25.4,80,1.61,0.0
2025-03-28 01:00:00,25.0,83,1.63,0.0
2025-03-28 02:00:00,24.5,85,1.44,0.0
2025-03-28 03:00:00,24.2,88,1.17,0.0
2025-03-28 04:00:00,24.0,89,1.11,0.0
2025-03-28 05:00:00,23.7,89,1.36,0.0
2025-03-28 06:00:00,23.9,87,1.75,0.0
2025-03-28 07:00:00,24.4,85,1.54,42.0
2025-03-28 08:00:00,26.6,75,1.21,228.0
2025-03-28 09:00:00,28.7,65,1.05,457.0
2025-03-28 10:00:00,30.9,54,1.34,665.0
2025-03-28 11:00:00,32.2,49,2.04,824.0
2025-03-28 12:00:00,32.5,52,3.25,914.0
2025-03-28 13:00:00,32.3,51,4.41,932.0
2025-03-28 14:00:00,32.0,52,4.81,875.0
2025-03-28 15:00:00,32.1,51,4.7,746.0
2025-03-28 16:00:00,31.7,50,4.7,558.0
2025-03-28 17:00:00,31.2,50,4.53,336.0
2025-03-28 18:00:00,30.3,49,4.47,118.0
2025-03-28 19:00:00,29.9,47,3.91,4.0
2025-03-28 20:00:00,30.3,37,4.29,0.0
2025-03-28 21:00:00,30.1,35,4.1,0.0
2025-03-28 22:00:00,29.9,32,3.55,0.0
2025-03-28 23:00:00,29.4,30,2.56,0.0
2025-03-29 00:00:00,28.7,29,2.1,0.0
2025-03-29 01:00:00,28.5,29,3.1,0.0
2025-03-29 02:00:00,28.0,35,3.61,0.0
2025-03-29 03:00:00,27.3,48,3.97,0.0
2025-03-29 04:00:00,26.9,53,3.83,0.0
2025-03-29 05:00:00,26.7,44,3.06,0.0
2025-03-29 06:00:00,26.4,30,3.08,0.0
2025-03-29 07:00:00,26.8,25,2.72,46.0
2025-03-29 08:00:00,28.6,20,1.85,240.0
2025-03-29 09:00:00,31.3,16,1.25,472.0
2025-03-29 10:00:00,34.1,15,0.94,681.0
2025-03-29 11:00:00,35.9,16,1.66,839.0
2025-03-29 12:00:00,36.2,20,2.91,930.0
2025-03-29 13:00:00,36.2,22,3.4,947.0
2025-03-29 14:00:00,36.0,23,3.77,887.0
2025-03-29 15:00:00,35.4,24,4.12,758.0
2025-03-29 16:00:00,34.1,30,4.29,574.0
2025-03-29 17:00:00,32.6,37,4.46,346.0
2025-03-29 18:00:00,30.5,50,4.5,122.0
2025-03-29 19:00:00,29.6,54,3.51,4.0
2025-03-29 20:00:00,30.0,47,2.66,0.0
2025-03-29 21:00:00,30.8,29,2.17,0.0
2025-03-29 22:00:00,31.0,23,2.06,0.0
2025-03-29 23:00:00,30.8,25,0.85,0.0
2025-03-30 00:00:00,30.0,30,2.34,0.0
2025-03-30 01:00:00,28.3,53,2.87,0.0
2025-03-30 02:00:00,27.7,61,2.98,0.0
2025-03-30 03:00:00,27.6,64,2.83,0.0
2025-03-30 04:00:00,27.3,68,2.57,0.0
2025-03-30 05:00:00,26.8,71,2.14,0.0
2025-03-30 06:00:00,26.6,74,1.63,0.0
2025-03-30 07:00:00,26.8,72,1.51,44.0
2025-03-30 08:00:00,28.9,53,1.35,215.0
2025-03-30 09:00:00,31.8,26,1.65,393.0
2025-03-30 10:00:00,34.8,17,1.75,636.0
2025-03-30 11:00:00,37.0,16,0.96,826.0
2025-03-30 12:00:00,37.7,17,2.21,937.0
2025-03-30 13:00:00,36.8,23,3.85,954.0
2025-03-30 14:00:00,36.1,22,4.67,892.0
2025-03-30 15:00:00,35.4,25,4.71,757.0
2025-03-30 16:00:00,35.1,28,5.06,539.0
2025-03-30 17:00:00,33.9,31,4.55,317.0
2025-03-30 18:00:00,32.2,36,4.52,120.0
2025-03-30 19:00:00,31.4,38,3.51,4.0
2025-03-30 20:00:00,32.3,25,1.06,0.0
2025-03-30 21:00:00,31.6,27,0.21,0.0
2025-03-30 22:00:00,30.5,30,0.86,0.0
2025-03-30 23:00:00,29.9,37,2.7,0.0
2025-03-31 00:00:00,28.7,57,3.02,0.0
2025-03-31 01:00:00,28.4,63,2.57,0.0
2025-03-31 02:00:00,28.2,60,2.51,0.0
2025-03-31 03:00:00,28.1,56,3.05,0.0
2025-03-31 04:00:00,27.9,54,2.16,0.0
2025-03-31 05:00:00,26.8,56,1.31,0.0
2025-03-31 06:00:00,25.5,76,0.45,0.0
2025-03-31 07:00:00,26.7,70,0.68,45.0
2025-03-31 08:00:00,29.3,57,0.5,230.0
2025-03-31 09:00:00,31.2,47,0.05,345.0
2025-03-31 10:00:00,33.4,39,0.72,632.0
2025-03-31 11:00:00,34.8,36,1.7,831.0
2025-03-31 12:00:00,35.5,34,2.91,921.0
2025-03-31 13:00:00,36.3,26,3.95,941.0
2025-03-31 14:00:00,37.1,19,4.43,882.0
2025-03-31 15:00:00,36.5,24,4.12,743.0
2025-03-31 16:00:00,35.2,28,4.29,546.0
2025-03-31 17:00:00,33.6,35,4.37,317.0
2025-03-31 18:00:00,31.8,38,4.21,111.0
2025-03-31 19:00:00,31.5,37,3.67,4.0
2025-03-31 20:00:00,32.0,29,2.75,0.0
2025-03-31 21:00:00,31.6,29,1.31,0.0
2025-03-31 22:00:00,30.6,38,1.74,0.0
2025-03-31 23:00:00,29.9,46,2.24,0.0
2025-04-01 00:00:00,29.4,50,1.45,0.0
2025-04-01 01:00:00,29.0,53,0.76,0.0
2025-04-01 02:00:00,28.5,59,1.5,0.0
2025-04-01 03:00:00,28.2,61,1.15,0.0
2025-04-01 04:00:00,27.6,65,0.34,0.0
2025-04-01 05:00:00,26.9,66,0.25,0.0
2025-04-01 06:00:00,25.9,84,0.51,0.0
2025-04-01 07:00:00,26.9,76,0.74,47.0
2025-04-01 08:00:00,29.1,67,0.7,229.0
2025-04-01 09:00:00,31.3,55,1.57,417.0
2025-04-01 10:00:00,32.8,46,2.25,520.0
2025-04-01 11:00:00,34.5,37,2.53,653.0
2025-04-01 12:00:00,37.0,29,3.25,891.0
2025-04-01 13:00:00,38.2,24,3.63,896.0
2025-04-01 14:00:00,38.9,17,3.9,691.0
2025-04-01 15:00:00,38.6,15,3.51,639.0
2025-04-01 16:00:00,34.9,30,3.71,531.0
2025-04-01 17:00:00,34.6,26,3.79,339.0
2025-04-01 18:00:00,30.9,45,3.65,101.0
2025-04-01 19:00:00,31.3,40,3.12,3.0
2025-04-01 20:00:00,32.1,31,4.03,0.0
2025-04-01 21:00:00,32.0,27,3.01,0.0
2025-04-01 22:00:00,31.9,24,2.32,0.0
2025-04-01 23:00:00,31.6,22,1.46,0.0
2025-04-02 00:00:00,30.8,24,1.22,0.0
2025-04-02 01:00:00,30.2,30,0.25,0.0
2025-04-02 02:00:00,29.1,31,0.54,0.0
2025-04-02 03:00:00,28.7,33,0.25,0.0
2025-04-02 04:00:00,28.3,38,0.35,0.0
2025-04-02 05:00:00,28.1,41,0.11,0.0
2025-04-02 06:00:00,27.8,50,0.28,0.0
2025-04-02 07:00:00,28.9,41,1.46,44.0
2025-04-02 08:00:00,31.8,38,1.89,247.0
2025-04-02 09:00:00,34.4,33,2.06,464.0
2025-04-02 10:00:00,36.4,28,1.62,686.0
2025-04-02 11:00:00,37.4,26,1.68,837.0
2025-04-02 12:00:00,36.9,30,3.25,928.0
2025-04-02 13:00:00,36.9,30,3.42,942.0
2025-04-02 14:00:00,35.9,33,3.97,881.0
2025-04-02 15:00:00,34.8,37,4.25,753.0
2025-04-02 16:00:00,34.2,39,3.56,562.0
2025-04-02 17:00:00,33.1,43,2.45,340.0
2025-04-02 18:00:00,31.5,52,2.8,120.0
2025-04-02 19:00:00,30.5,57,2.17,5.0
2025-04-02 20:00:00,29.9,61,1.74,0.0
2025-04-02 21:00:00,29.8,61,0.07,0.0
2025-04-02 22:00:00,29.8,60,1.03,0.0
2025-04-02 23:00:00,29.1,65,1.57,0.0
2025-04-03 00:00:00,28.2,74,1.88,0.0
2025-04-03 01:00:00,27.9,77,1.94,0.0
2025-04-03 02:00:00,27.9,76,2.34,0.0
2025-04-03 03:00:00,27.9,74,2.6,0.0
2025-04-03 04:00:00,27.6,73,2.25,0.0
2025-04-03 05:00:00,27.3,75,1.6,0.0
2025-04-03 06:00:00,27.5,72,0.11,0.0
2025-04-03 07:00:00,28.0,70,0.54,41.0
2025-04-03 08:00:00,29.6,65,1.15,205.0
2025-04-03 09:00:00,30.9,65,2.46,429.0
2025-04-03 10:00:00,31.5,65,2.75,611.0
2025-04-03 11:00:00,31.9,65,2.94,723.0
2025-04-03 12:00:00,31.4,68,2.9,799.0
2025-04-03 13:00:00,32.5,60,2.21,897.0
2025-04-03 14:00:00,32.1,56,1.86,794.0
2025-04-03 15:00:00,31.5,59,2.67,668.0
2025-04-03 16:00:00,31.3,64,3.36,522.0
2025-04-03 17:00:00,30.2,71,2.8,330.0
2025-04-03 18:00:00,29.5,81,2.29,118.0
2025-04-03 19:00:00,28.9,85,2.63,5.0
2025-04-03 20:00:00,28.5,88,2.32,0.0
2025-04-03 21:00:00,28.4,89,1.75,0.0
2025-04-03 22:00:00,28.2,89,0.99,0.0
2025-04-03 23:00:00,28.2,89,1.05,0.0
2025-04-04 00:00:00,28.0,89,1.22,0.0
2025-04-04 01:00:00,27.6,91,1.15,0.0
2025-04-04 02:00:00,27.4,92,1.45,0.0
2025-04-04 03:00:00,27.3,92,1.65,0.0
2025-04-04 04:00:00,26.5,95,1.57,0.0
2025-04-04 05:00:00,26.6,94,1.29,0.0
2025-04-04 06:00:00,26.4,91,1.67,0.0
2025-04-04 07:00:00,26.8,87,1.41,41.0
2025-04-04 08:00:00,28.4,77,0.72,211.0
2025-04-04 09:00:00,30.3,67,1.19,438.0
2025-04-04 10:00:00,31.9,60,1.54,624.0
2025-04-04 11:00:00,33.0,57,2.14,816.0
2025-04-04 12:00:00,33.3,56,3.15,891.0
2025-04-04 13:00:00,32.7,57,3.42,893.0
2025-04-04 14:00:00,32.7,55,3.72,812.0
2025-04-04 15:00:00,31.8,62,3.94,688.0
2025-04-04 16:00:00,31.5,64,4.14,524.0
2025-04-04 17:00:00,30.4,68,4.29,316.0
2025-04-04 18:00:00,29.0,72,4.0,112.0
2025-04-04 19:00:00,28.3,77,3.32,5.0
2025-04-04 20:00:00,28.1,76,2.44,0.0
2025-04-04 21:00:00,27.9,77,1.55,0.0
2025-04-04 22:00:00,27.5,79,1.75,0.0
2025-04-04 23:00:00,27.1,81,1.65,0.0
2025-04-05 00:00:00,26.7,82,1.32,0.0
2025-04-05 01:00:00,26.3,83,1.41,0.0
2025-04-05 02:00:00,25.9,88,2.04,0.0
2025-04-05 03:00:00,25.5,93,1.68,0.0
2025-04-05 04:00:00,25.0,96,1.22,0.0
2025-04-05 05:00:00,24.7,95,1.48,0.0
2025-04-05 06:00:00,24.8,96,1.19,0.0
2025-04-05 07:00:00,25.4,91,1.64,56.0
2025-04-05 08:00:00,27.8,71,1.3,247.0
2025-04-05 09:00:00,31.4,47,0.96,493.0
2025-04-05 10:00:00,33.9,35,1.87,702.0
2025-04-05 11:00:00,35.2,34,2.7,860.0
2025-04-05 12:00:00,35.1,39,3.76,950.0
2025-04-05 13:00:00,35.4,37,4.25,951.0
2025-04-05 14:00:00,35.1,32,4.47,804.0
2025-04-05 15:00:00,34.8,34,4.69,735.0
2025-04-05 16:00:00,34.0,39,4.92,536.0
2025-04-05 17:00:00,32.7,44,5.13,319.0
2025-04-05 18:00:00,30.7,55,3.88,117.0
2025-04-05 19:00:00,29.7,62,4.04,5.0
2025-04-05 20:00:00,29.1,68,3.44,0.0
2025-04-05 21:00:00,29.0,64,0.91,0.0
2025-04-05 22:00:00,28.3,63,0.41,0.0
2025-04-05 23:00:00,27.6,65,0.71,0.0
2025-04-06 00:00:00,28.0,60,1.66,0.0
2025-04-06 01:00:00,27.5,63,1.28,0.0
2025-04-06 02:00:00,26.5,70,1.0,0.0
2025-04-06 03:00:00,26.2,72,0.21,0.0
2025-04-06 04:00:00,25.5,75,0.07,0.0
2025-04-06 05:00:00,24.8,78,0.4,0.0
2025-04-06 06:00:00,25.5,75,0.82,0.0
2025-04-06 07:00:00,26.2,70,1.25,60.0
2025-04-06 08:00:00,28.9,55,0.63,259.0
2025-04-06 09:00:00,32.5,39,0.22,500.0
2025-04-06 10:00:00,34.9,31,0.75,709.0
2025-04-06 11:00:00,35.7,33,1.95,866.0
2025-04-06 12:00:00,35.3,41,2.8,954.0
2025-04-06 13:00:00,34.8,44,3.42,944.0
2025-04-06 14:00:00,34.1,45,3.92,796.0
2025-04-06 15:00:00,33.7,46,4.46,680.0
2025-04-06 16:00:00,33.4,42,4.33,496.0
2025-04-06 17:00:00,33.0,43,4.02,309.0
2025-04-06 18:00:00,30.3,68,2.88,115.0
2025-04-06 19:00:00,29.4,72,1.65,5.0
2025-04-06 20:00:00,29.2,73,0.0,0.0
2025-04-06 21:00:00,28.8,69,0.75,0.0
2025-04-06 22:00:00,28.1,75,0.4,0.0
2025-04-06 23:00:00,27.8,77,0.36,0.0
2025-04-07 00:00:00,27.2,79,0.57,0.0
2025-04-07 01:00:00,26.3,86,0.82,0.0
2025-04-07 02:00:00,25.8,91,0.56,0.0
2025-04-07 03:00:00,25.5,92,0.79,0.0
2025-04-07 04:00:00,25.6,93,0.74,0.0
2025-04-07 05:00:00,24.9,96,0.7,0.0
2025-04-07 06:00:00,25.0,95,0.7,0.0
2025-04-07 07:00:00,25.4,91,0.85,60.0
2025-04-07 08:00:00,28.6,68,0.68,259.0
2025-04-07 09:00:00,32.5,43,0.11,498.0
2025-04-07 10:00:00,35.1,31,0.89,709.0
2025-04-07 11:00:00,36.3,31,1.85,866.0
2025-04-07 12:00:00,36.4,34,2.82,952.0
2025-04-07 13:00:00,36.4,32,4.05,956.0
2025-04-07 14:00:00,35.8,27,4.5,772.0
2025-04-07 15:00:00,36.2,27,4.53,693.0
2025-04-07 16:00:00,35.2,33,5.27,496.0
2025-04-07 17:00:00,34.5,33,5.29,333.0
2025-04-07 18:00:00,32.1,43,4.69,125.0
2025-04-07 19:00:00,31.5,45,4.03,6.0
2025-04-07 20:00:00,31.0,46,3.72,0.0
2025-04-07 21:00:00,30.5,47,3.74,0.0
2025-04-07 22:00:00,29.8,54,3.55,0.0
2025-04-07 23:00:00,29.2,59,2.01,0.0
2025-04-08 00:00:00,28.2,59,1.25,0.0
2025-04-08 01:00:00,27.3,61,1.1,0.0
2025-04-08 02:00:00,27.1,63,1.86,0.0
2025-04-08 03:00:00,26.8,63,1.6,0.0
2025-04-08 04:00:00,26.0,63,1.07,0.0
2025-04-08 05:00:00,26.1,62,0.38,0.0
2025-04-08 06:00:00,26.2,65,0.21,0.0
2025-04-08 07:00:00,27.8,63,1.2,65.0
2025-04-08 08:00:00,30.2,56,0.7,269.0
2025-04-08 09:00:00,32.4,49,0.85,500.0
2025-04-08 10:00:00,34.7,41,0.45,705.0
2025-04-08 11:00:00,36.0,38,1.36,859.0
2025-04-08 12:00:00,36.1,43,2.6,944.0
2025-04-08 13:00:00,36.1,41,3.72,955.0
2025-04-08 14:00:00,36.5,29,4.74,832.0
2025-04-08 15:00:00,36.6,24,4.96,676.0
2025-04-08 16:00:00,35.7,27,5.03,499.0
2025-04-08 17:00:00,35.0,26,5.09,335.0
2025-04-08 18:00:00,32.3,41,5.52,121.0
2025-04-08 19:00:00,31.2,48,5.22,6.0
2025-04-08 20:00:00,30.4,53,4.09,0.0
2025-04-08 21:00:00,29.7,53,0.68,0.0
2025-04-08 22:00:00,29.6,48,1.1,0.0
2025-04-08 23:00:00,29.1,51,0.65,0.0
2025-04-09 00:00:00,28.6,51,0.8,0.0
2025-04-09 01:00:00,28.1,57,0.92,0.0
2025-04-09 02:00:00,27.9,62,0.2,0.0
2025-04-09 03:00:00,27.3,62,0.14,0.0
2025-04-09 04:00:00,26.4,66,0.43,0.0
2025-04-09 05:00:00,26.1,66,1.12,0.0
2025-04-09 06:00:00,27.3,74,3.04,0.0
2025-04-09 07:00:00,27.6,72,2.61,53.0
2025-04-09 08:00:00,29.0,67,2.44,262.0
2025-04-09 09:00:00,30.8,62,2.38,496.0
2025-04-09 10:00:00,32.4,56,2.14,702.0
2025-04-09 11:00:00,33.5,54,2.24,858.0
2025-04-09 12:00:00,34.2,51,2.73,947.0
2025-04-09 13:00:00,34.4,49,3.23,959.0
2025-04-09 14:00:00,34.6,46,2.75,885.0
2025-04-09 15:00:00,34.2,46,3.98,717.0
2025-04-09 16:00:00,33.5,49,4.25,506.0
2025-04-09 17:00:00,33.6,44,3.71,335.0
2025-04-09 18:00:00,31.0,58,4.51,121.0
2025-04-09 19:00:00,30.6,59,4.3,6.0
2025-04-09 20:00:00,30.2,60,1.05,0.0
2025-04-09 21:00:00,29.8,62,0.21,0.0
2025-04-09 22:00:00,29.2,60,0.36,0.0
2025-04-09 23:00:00,28.8,62,0.18,0.0
2025-04-10 00:00:00,28.3,67,1.58,0.0
2025-04-10 01:00:00,27.7,80,2.15,0.0
2025-04-10 02:00:00,27.1,91,2.34,0.0
2025-04-10 03:00:00,26.9,93,2.9,0.0
2025-04-10 04:00:00,26.8,94,2.98,0.0
2025-04-10 05:00:00,26.7,94,2.56,0.0
2025-04-10 06:00:00,27.6,88,3.05,0.0
2025-04-10 07:00:00,28.1,86,3.17,49.0
2025-04-10 08:00:00,29.1,78,3.26,168.0
2025-04-10 09:00:00,30.2,71,3.4,341.0
2025-04-10 10:00:00,31.0,66,3.26,441.0
2025-04-10 11:00:00,31.9,60,2.95,646.0
2025-04-10 12:00:00,32.3,58,2.94,734.0
2025-04-10 13:00:00,32.6,56,3.07,817.0
2025-04-10 14:00:00,32.8,56,1.8,739.0
2025-04-10 15:00:00,33.2,54,2.91,655.0
2025-04-10 16:00:00,32.4,54,3.45,554.0
2025-04-10 17:00:00,31.5,55,2.82,345.0
2025-04-10 18:00:00,29.4,72,3.01,126.0
2025-04-10 19:00:00,28.7,79,2.22,6.0
2025-04-10 20:00:00,28.5,81,1.25,0.0
2025-04-10 21:00:00,28.2,83,0.38,0.0
2025-04-10 22:00:00,27.9,84,0.56,0.0
2025-04-10 23:00:00,27.6,83,1.1,0.0
2025-04-11 00:00:00,27.1,87,0.93,0.0
2025-04-11 01:00:00,26.7,89,1.25,0.0
2025-04-11 02:00:00,26.4,92,1.79,0.0
2025-04-11 03:00:00,26.0,94,1.64,0.0
2025-04-11 04:00:00,25.8,93,1.82,0.0
2025-04-11 05:00:00,25.6,93,1.77,0.0
2025-04-11 06:00:00,25.9,93,1.91,0.0
2025-04-11 07:00:00,26.6,89,1.98,69.0
2025-04-11 08:00:00,28.4,78,2.17,271.0
2025-04-11 09:00:00,30.4,61,2.5,501.0
2025-04-11 10:00:00,31.7,54,3.11,707.0
2025-04-11 11:00:00,32.3,52,3.6,861.0
2025-04-11 12:00:00,32.7,50,3.88,951.0
2025-04-11 13:00:00,33.0,49,3.96,966.0
2025-04-11 14:00:00,32.6,53,4.03,906.0
2025-04-11 15:00:00,32.2,53,3.97,774.0
2025-04-11 16:00:00,31.4,58,3.7,580.0
2025-04-11 17:00:00,30.4,63,3.45,352.0
2025-04-11 18:00:00,29.2,74,3.64,128.0
2025-04-11 19:00:00,28.6,77,3.22,6.0
2025-04-11 20:00:00,28.4,76,2.82,0.0
2025-04-11 21:00:00,28.2,76,2.49,0.0
2025-04-11 22:00:00,28.0,77,2.13,0.0
2025-04-11 23:00:00,27.6,79,1.73,0.0
2025-04-12 00:00:00,27.2,81,1.37,0.0
2025-04-12 01:00:00,26.7,85,0.99,0.0
2025-04-12 02:00:00,26.3,87,0.85,0.0
2025-04-12 03:00:00,26.0,89,0.83,0.0
2025-04-12 04:00:00,25.6,91,0.7,0.0
2025-04-12 05:00:00,25.6,93,0.81,0.0
2025-04-12 06:00:00,26.6,90,1.22,0.0
2025-04-12 07:00:00,27.2,88,1.43,67.0
2025-04-12 08:00:00,28.7,79,1.91,244.0
2025-04-12 09:00:00,30.4,67,2.43,451.0
2025-04-12 10:00:00,31.4,61,3.18,657.0
2025-04-12 11:00:00,31.9,59,3.45,816.0
2025-04-12 12:00:00,32.3,58,3.61,934.0
2025-04-12 13:00:00,32.3,59,3.87,951.0
2025-04-12 14:00:00,32.0,59,4.08,878.0
2025-04-12 15:00:00,31.8,60,3.15,740.0
2025-04-12 16:00:00,31.2,62,2.78,546.0
2025-04-12 17:00:00,30.4,63,2.68,346.0
2025-04-12 18:00:00,29.1,71,2.57,130.0
2025-04-12 19:00:00,28.3,78,2.24,6.0
2025-04-12 20:00:00,28.1,79,1.87,0.0
2025-04-12 21:00:00,27.9,80,1.75,0.0
2025-04-12 22:00:00,27.7,81,1.71,0.0
2025-04-12 23:00:00,27.5,82,1.41,0.0
2025-04-13 00:00:00,27.2,83,0.83,0.0
2025-04-13 01:00:00,26.8,85,0.63,0.0
2025-04-13 02:00:00,26.5,87,1.08,0.0
2025-04-13 03:00:00,26.2,88,0.57,0.0
2025-04-13 04:00:00,25.8,91,0.35,0.0
2025-04-13 05:00:00,25.6,93,1.23,0.0
2025-04-13 06:00:00,25.8,93,0.97,0.0
2025-04-13 07:00:00,26.5,89,1.02,69.0
2025-04-13 08:00:00,28.2,78,0.6,249.0
2025-04-13 09:00:00,30.3,66,0.25,472.0
2025-04-13 10:00:00,31.8,58,1.2,657.0
2025-04-13 11:00:00,32.7,57,2.5,860.0
2025-04-13 12:00:00,32.6,59,3.58,947.0
2025-04-13 13:00:00,32.6,56,4.08,963.0
2025-04-13 14:00:00,32.3,57,4.48,859.0
2025-04-13 15:00:00,32.0,58,4.44,711.0
2025-04-13 16:00:00,31.7,60,4.23,555.0
2025-04-13 17:00:00,30.8,62,4.03,336.0
2025-04-13 18:00:00,29.2,74,3.63,126.0
2025-04-13 19:00:00,28.6,74,3.32,7.0
2025-04-13 20:00:00,28.2,77,3.39,0.0
2025-04-13 21:00:00,27.9,81,3.77,0.0
2025-04-13 22:00:00,27.6,82,2.39,0.0
2025-04-13 23:00:00,27.1,85,2.21,0.0
2025-04-14 00:00:00,26.9,87,2.62,0.0
2025-04-14 01:00:00,26.5,89,2.29,0.0
2025-04-14 02:00:00,26.0,91,1.38,0.0
2025-04-14 03:00:00,25.5,92,1.39,0.0
2025-04-14 04:00:00,25.0,91,1.32,0.0
2025-04-14 05:00:00,24.6,92,1.25,0.0
2025-04-14 06:00:00,25.1,88,1.45,0.0
2025-04-14 07:00:00,26.2,81,1.74,77.0
2025-04-14 08:00:00,28.9,66,1.57,288.0
2025-04-14 09:00:00,32.0,49,1.75,521.0
2025-04-14 10:00:00,34.7,33,2.53,727.0
2025-04-14 11:00:00,35.8,31,3.59,880.0
2025-04-14 12:00:00,35.6,36,4.63,966.0
2025-04-14 13:00:00,36.3,28,5.17,980.0
2025-04-14 14:00:00,36.4,26,5.35,921.0
2025-04-14 15:00:00,36.0,27,5.07,788.0
2025-04-14 16:00:00,35.0,31,4.71,593.0
2025-04-14 17:00:00,33.3,38,4.14,363.0
2025-04-14 18:00:00,30.9,51,4.22,135.0
2025-04-14 19:00:00,29.3,67,4.34,7.0
2025-04-14 20:00:00,28.8,73,4.6,0.0
2025-04-14 21:00:00,28.6,75,4.14,0.0
2025-04-14 22:00:00,28.4,73,3.24,0.0
2025-04-14 23:00:00,28.2,71,1.95,0.0
2025-04-15 00:00:00,27.8,71,1.64,0.0
2025-04-15 01:00:00,27.3,72,1.45,0.0
2025-04-15 02:00:00,26.9,71,1.19,0.0
2025-04-15 03:00:00,26.4,73,0.88,0.0
2025-04-15 04:00:00,25.8,75,0.76,0.0
2025-04-15 05:00:00,25.6,76,0.25,0.0
2025-04-15 06:00:00,26.4,77,0.3,0.0
2025-04-15 07:00:00,28.1,70,1.15,78.0
2025-04-15 08:00:00,30.2,66,1.44,285.0
2025-04-15 09:00:00,32.3,53,1.79,514.0
2025-04-15 10:00:00,34.0,44,2.41,718.0
2025-04-15 11:00:00,34.5,44,3.61,871.0
2025-04-15 12:00:00,34.7,42,4.24,957.0
2025-04-15 13:00:00,35.1,35,4.45,974.0
2025-04-15 14:00:00,35.1,35,4.35,915.0
2025-04-15 15:00:00,34.7,34,4.44,769.0
2025-04-15 16:00:00,33.4,39,4.7,569.0
2025-04-15 17:00:00,31.6,51,4.54,347.0
2025-04-15 18:00:00,30.1,60,4.31,133.0
2025-04-15 19:00:00,28.9,73,3.93,7.0
2025-04-15 20:00:00,28.4,80,3.33,0.0
2025-04-15 21:00:00,28.3,79,2.72,0.0
2025-04-15 22:00:00,28.0,80,1.63,0.0
2025-04-15 23:00:00,27.6,82,1.84,0.0
2025-04-16 00:00:00,26.9,85,0.65,0.0
2025-04-16 01:00:00,26.5,88,0.29,0.0
2025-04-16 02:00:00,26.1,89,0.38,0.0
2025-04-16 03:00:00,25.9,90,0.53,0.0
2025-04-16 04:00:00,25.8,90,0.6,0.0
2025-04-16 05:00:00,25.7,91,0.42,0.0
2025-04-16 06:00:00,26.4,81,0.14,0.0
2025-04-16 07:00:00,27.8,74,0.41,79.0
2025-04-16 08:00:00,29.7,69,0.72,283.0
2025-04-16 09:00:00,31.3,63,1.45,511.0
2025-04-16 10:00:00,32.4,59,2.11,713.0
2025-04-16 11:00:00,33.0,57,2.85,864.0
2025-04-16 12:00:00,32.7,57,3.96,950.0
2025-04-16 13:00:00,32.7,55,4.14,962.0
2025-04-16 14:00:00,32.5,57,4.27,904.0
2025-04-16 15:00:00,32.3,58,4.06,775.0
2025-04-16 16:00:00,31.6,60,3.26,572.0
2025-04-16 17:00:00,30.6,65,3.72,340.0
2025-04-16 18:00:00,29.1,74,4.21,128.0
2025-04-16 19:00:00,28.4,79,4.16,7.0
2025-04-16 20:00:00,28.2,82,3.46,0.0
2025-04-16 21:00:00,28.0,83,2.82,0.0
2025-04-16 22:00:00,27.8,83,2.01,0.0
2025-04-16 23:00:00,27.3,85,0.74,0.0
2025-04-17 00:00:00,26.9,88,0.32,0.0
2025-04-17 01:00:00,26.6,89,0.54,0.0
2025-04-17 02:00:00,26.4,90,0.05,0.0
2025-04-17 03:00:00,25.9,92,0.64,0.0
2025-04-17 04:00:00,25.8,94,0.68,0.0
2025-04-17 05:00:00,25.7,95,0.83,0.0
2025-04-17 06:00:00,26.0,95,0.74,0.0
2025-04-17 07:00:00,26.8,91,0.96,77.0
2025-04-17 08:00:00,28.5,79,0.85,262.0
2025-04-17 09:00:00,30.3,68,1.0,486.0
2025-04-17 10:00:00,31.7,62,1.81,699.0
2025-04-17 11:00:00,32.2,60,2.79,861.0
2025-04-17 12:00:00,32.3,60,3.49,947.0
2025-04-17 13:00:00,32.4,58,3.74,959.0
2025-04-17 14:00:00,32.1,60,4.11,897.0
2025-04-17 15:00:00,31.7,62,3.8,769.0
2025-04-17 16:00:00,31.2,63,3.71,576.0
2025-04-17 17:00:00,30.2,66,4.27,350.0
2025-04-17 18:00:00,28.8,80,4.36,131.0
2025-04-17 19:00:00,28.3,81,3.21,7.0
2025-04-17 20:00:00,28.1,83,3.21,0.0
2025-04-17 21:00:00,28.0,84,2.35,0.0
2025-04-17 22:00:00,27.8,84,1.64,0.0
2025-04-17 23:00:00,27.3,86,0.45,0.0
2025-04-18 00:00:00,27.0,87,0.51,0.0
2025-04-18 01:00:00,26.7,89,0.49,0.0
2025-04-18 02:00:00,26.5,89,0.72,0.0
2025-04-18 03:00:00,26.1,92,0.72,0.0
2025-04-18 04:00:00,26.1,93,0.86,0.0
2025-04-18 05:00:00,26.0,94,0.92,0.0
2025-04-18 06:00:00,26.2,91,1.06,1.0
2025-04-18 07:00:00,27.0,88,1.42,81.0
2025-04-18 08:00:00,28.7,78,1.52,275.0
2025-04-18 09:00:00,30.4,67,1.59,484.0
2025-04-18 10:00:00,31.6,62,2.37,688.0
2025-04-18 11:00:00,32.1,60,3.05,859.0
2025-04-18 12:00:00,32.2,60,3.54,946.0
2025-04-18 13:00:00,32.3,59,3.73,957.0
2025-04-18 14:00:00,32.1,60,3.95,894.0
2025-04-18 15:00:00,31.8,58,3.86,764.0
2025-04-18 16:00:00,31.3,61,3.57,577.0
2025-04-18 17:00:00,30.4,65,3.83,351.0
2025-04-18 18:00:00,29.1,74,4.13,131.0
2025-04-18 19:00:00,28.6,78,3.45,7.0
2025-04-18 20:00:00,28.4,79,2.98,0.0
2025-04-18 21:00:00,28.2,80,1.63,0.0
2025-04-18 22:00:00,27.8,82,0.58,0.0
2025-04-18 23:00:00,27.5,84,0.11,0.0
2025-04-19 00:00:00,27.2,84,0.72,0.0
2025-04-19 01:00:00,26.8,86,0.79,0.0
2025-04-19 02:00:00,26.5,89,1.21,0.0
2025-04-19 03:00:00,26.3,91,1.25,0.0
2025-04-19 04:00:00,26.1,94,1.21,0.0
2025-04-19 05:00:00,26.1,96,1.42,0.0
2025-04-19 06:00:00,27.2,89,1.78,1.0
2025-04-19 07:00:00,28.1,83,1.94,80.0
2025-04-19 08:00:00,29.6,73,2.1,274.0
2025-04-19 09:00:00,31.0,64,2.04,488.0
2025-04-19 10:00:00,31.8,62,2.36,678.0
2025-04-19 11:00:00,32.3,61,2.87,846.0
2025-04-19 12:00:00,32.6,60,3.26,944.0
2025-04-19 13:00:00,32.7,60,3.62,960.0
2025-04-19 14:00:00,32.4,60,3.96,899.0
2025-04-19 15:00:00,31.9,59,4.39,768.0
2025-04-19 16:00:00,31.3,59,4.42,576.0
2025-04-19 17:00:00,30.4,65,3.94,348.0
2025-04-19 18:00:00,29.4,73,3.37,129.0
2025-04-19 19:00:00,28.9,75,3.0,7.0
2025-04-19 20:00:00,28.6,77,3.47,0.0
2025-04-19 21:00:00,28.3,80,3.19,0.0
2025-04-19 22:00:00,28.1,79,1.86,0.0
2025-04-19 23:00:00,27.8,79,1.27,0.0
2025-04-20 00:00:00,27.4,81,0.85,0.0
2025-04-20 01:00:00,27.0,84,1.36,0.0
2025-04-20 02:00:00,26.6,87,1.13,0.0
2025-04-20 03:00:00,26.2,87,1.5,0.0
2025-04-20 04:00:00,25.8,87,1.36,0.0
2025-04-20 05:00:00,25.3,89,1.02,0.0
2025-04-20 06:00:00,26.0,87,1.28,1.0
2025-04-20 07:00:00,27.2,79,1.15,87.0
2025-04-20 08:00:00,29.2,66,0.51,293.0
2025-04-20 09:00:00,31.0,57,0.72,523.0
2025-04-20 10:00:00,32.2,53,1.93,723.0
2025-04-20 11:00:00,32.6,55,2.89,871.0
2025-04-20 12:00:00,32.9,54,3.4,953.0
2025-04-20 13:00:00,33.0,52,3.68,965.0
2025-04-20 14:00:00,32.8,52,3.95,901.0
2025-04-20 15:00:00,32.3,54,4.04,768.0
2025-04-20 16:00:00,31.6,58,3.95,579.0
2025-04-20 17:00:00,30.5,65,3.76,355.0
2025-04-20 18:00:00,29.4,73,3.78,134.0
2025-04-20 19:00:00,28.8,76,3.48,8.0
2025-04-20 20:00:00,28.4,80,3.14,0.0
2025-04-20 21:00:00,28.2,81,2.68,0.0
2025-04-20 22:00:00,28.0,80,2.36,0.0
2025-04-20 23:00:00,27.7,81,1.72,0.0
2025-04-21 00:00:00,27.3,82,1.61,0.0
2025-04-21 01:00:00,27.0,84,1.35,0.0
2025-04-21 02:00:00,26.7,85,1.5,0.0
2025-04-21 03:00:00,26.3,87,1.25,0.0
2025-04-21 04:00:00,26.1,89,1.42,0.0
2025-04-21 05:00:00,25.9,90,1.67,0.0
2025-04-21 06:00:00,26.3,86,1.29,1.0
2025-04-21 07:00:00,27.4,80,1.06,83.0
2025-04-21 08:00:00,29.1,72,0.51,276.0
2025-04-21 09:00:00,30.8,64,1.05,502.0
2025-04-21 10:00:00,32.1,60,1.77,712.0
2025-04-21 11:00:00,32.6,60,2.57,862.0
2025-04-21 12:00:00,32.7,61,3.32,947.0
2025-04-21 13:00:00,32.7,59,3.7,957.0
2025-04-21 14:00:00,32.5,59,4.09,894.0
2025-04-21 15:00:00,32.0,61,4.24,760.0
2025-04-21 16:00:00,31.5,63,4.05,568.0
2025-04-21 17:00:00,30.6,68,4.04,336.0
2025-04-21 18:00:00,29.3,74,3.8,129.0
2025-04-21 19:00:00,28.8,74,3.54,8.0
2025-04-21 20:00:00,28.6,76,3.58,0.0
2025-04-21 21:00:00,28.3,79,2.95,0.0
2025-04-21 22:00:00,28.0,83,2.2,0.0
2025-04-21 23:00:00,27.6,86,2.16,0.0
2025-04-22 00:00:00,27.1,88,1.89,0.0
2025-04-22 01:00:00,26.7,89,1.77,0.0
2025-04-22 02:00:00,26.2,91,1.8,0.0
2025-04-22 03:00:00,25.8,91,1.4,0.0
2025-04-22 04:00:00,25.4,91,0.87,0.0
2025-04-22 05:00:00,25.4,90,1.0,0.0
2025-04-22 06:00:00,26.0,83,0.6,1.0
2025-04-22 07:00:00,27.3,75,0.67,89.0
2025-04-22 08:00:00,29.9,57,1.3,296.0
2025-04-22 09:00:00,31.9,52,1.38,522.0
2025-04-22 10:00:00,33.6,49,1.46,720.0
2025-04-22 11:00:00,34.3,51,2.5,868.0
2025-04-22 12:00:00,34.1,56,3.57,948.0
2025-04-22 13:00:00,33.8,56,4.14,957.0
2025-04-22 14:00:00,33.6,57,4.4,892.0
2025-04-22 15:00:00,33.1,58,4.68,758.0
2025-04-22 16:00:00,32.6,57,4.52,568.0
2025-04-22 17:00:00,31.9,58,4.65,343.0
2025-04-22 18:00:00,30.6,65,4.3,131.0
2025-04-22 19:00:00,30.0,68,3.08,8.0
2025-04-22 20:00:00,29.8,70,1.17,0.0
2025-04-22 21:00:00,29.5,70,0.36,0.0
2025-04-22 22:00:00,29.1,73,0.53,0.0
2025-04-22 23:00:00,28.7,76,0.69,0.0
2025-04-23 00:00:00,28.1,80,0.58,0.0
2025-04-23 01:00:00,27.7,81,0.75,0.0
2025-04-23 02:00:00,27.8,80,1.23,0.0
2025-04-23 03:00:00,27.1,83,1.0,0.0
2025-04-23 04:00:00,26.9,86,1.21,0.0
2025-04-23 05:00:00,26.5,93,1.31,0.0
2025-04-23 06:00:00,26.8,94,1.45,1.0
2025-04-23 07:00:00,27.5,90,1.36,91.0
2025-04-23 08:00:00,29.6,76,1.36,297.0
2025-04-23 09:00:00,31.8,60,1.4,522.0
2025-04-23 10:00:00,33.4,54,1.68,722.0
2025-04-23 11:00:00,34.4,52,2.24,870.0
2025-04-23 12:00:00,34.8,50,3.15,953.0
2025-04-23 13:00:00,34.7,48,3.61,962.0
2025-04-23 14:00:00,34.6,47,3.77,897.0
2025-04-23 15:00:00,33.9,50,4.25,764.0
2025-04-23 16:00:00,32.8,57,3.89,576.0
2025-04-23 17:00:00,31.9,60,4.65,354.0
2025-04-23 18:00:00,30.3,70,4.61,135.0
2025-04-23 19:00:00,29.6,77,2.66,8.0
2025-04-23 20:00:00,29.3,79,1.17,0.0
2025-04-23 21:00:00,28.8,84,0.36,0.0
2025-04-23 22:00:00,28.7,83,0.75,0.0
2025-04-23 23:00:00,28.2,86,0.81,0.0
2025-04-24 00:00:00,27.9,87,0.16,0.0
2025-04-24 01:00:00,27.6,88,1.42,0.0
2025-04-24 02:00:00,27.2,91,1.59,0.0
2025-04-24 03:00:00,26.9,93,1.63,0.0
2025-04-24 04:00:00,26.9,93,1.95,0.0
2025-04-24 05:00:00,26.7,93,2.42,0.0
2025-04-24 06:00:00,26.8,91,2.01,2.0
2025-04-24 07:00:00,27.9,84,1.93,93.0
2025-04-24 08:00:00,29.5,77,1.81,301.0
2025-04-24 09:00:00,31.1,67,2.12,518.0
2025-04-24 10:00:00,32.4,59,2.51,718.0
2025-04-24 11:00:00,33.1,57,2.86,867.0
2025-04-24 12:00:00,33.4,57,3.3,950.0
2025-04-24 13:00:00,33.3,55,3.65,961.0
2025-04-24 14:00:00,33.3,52,3.9,896.0
2025-04-24 15:00:00,32.8,53,3.99,764.0
2025-04-24 16:00:00,32.1,54,3.65,577.0
2025-04-24 17:00:00,31.2,60,3.87,355.0
2025-04-24 18:00:00,29.8,71,3.96,136.0
2025-04-24 19:00:00,29.1,75,2.71,8.0
2025-04-24 20:00:00,28.8,77,1.59,0.0
2025-04-24 21:00:00,28.6,78,0.85,0.0
2025-04-24 22:00:00,28.3,80,1.2,0.0
2025-04-24 23:00:00,27.8,84,0.39,0.0
2025-04-25 00:00:00,27.6,84,0.4,0.0
2025-04-25 01:00:00,27.4,85,0.72,0.0
2025-04-25 02:00:00,27.1,88,0.9,0.0
2025-04-25 03:00:00,26.9,88,1.29,0.0
2025-04-25 04:00:00,26.6,91,1.08,0.0
2025-04-25 05:00:00,26.3,94,1.01,0.0
2025-04-25 06:00:00,27.0,93,0.71,2.0
2025-04-25 07:00:00,27.8,88,0.65,90.0
2025-04-25 08:00:00,29.4,78,0.63,279.0
2025-04-25 09:00:00,31.1,66,1.05,511.0
2025-04-25 10:00:00,32.4,58,1.96,709.0
2025-04-25 11:00:00,32.8,57,2.85,846.0
2025-04-25 12:00:00,33.3,49,3.42,938.0
2025-04-25 13:00:00,33.7,42,3.59,954.0
2025-04-25 14:00:00,33.3,47,3.94,873.0
2025-04-25 15:00:00,32.8,48,3.83,751.0
2025-04-25 16:00:00,32.0,54,3.91,574.0
2025-04-25 17:00:00,31.1,57,3.95,337.0
2025-04-25 18:00:00,30.1,60,4.14,133.0
2025-04-25 19:00:00,29.3,67,3.19,8.0
2025-04-25 20:00:00,28.9,72,2.04,0.0
2025-04-25 21:00:00,28.6,76,1.76,0.0
2025-04-25 22:00:00,28.2,79,1.59,0.0
2025-04-25 23:00:00,27.8,82,0.58,0.0
2025-04-26 00:00:00,27.5,83,0.73,0.0
2025-04-26 01:00:00,27.3,84,0.45,0.0
2025-04-26 02:00:00,27.1,85,0.87,0.0
2025-04-26 03:00:00,26.7,87,0.76,0.0
2025-04-26 04:00:00,26.4,90,0.65,0.0
2025-04-26 05:00:00,26.2,92,0.7,0.0
2025-04-26 06:00:00,27.9,80,1.52,2.0
2025-04-26 07:00:00,28.6,74,0.93,79.0
2025-04-26 08:00:00,29.6,70,1.37,219.0
2025-04-26 09:00:00,30.8,62,1.36,432.0
2025-04-26 10:00:00,31.9,56,2.21,609.0
2025-04-26 11:00:00,32.4,54,2.75,741.0
2025-04-26 12:00:00,33.1,49,3.06,854.0
2025-04-26 13:00:00,33.3,44,3.19,766.0
2025-04-26 14:00:00,32.9,48,3.68,747.0
2025-04-26 15:00:00,31.9,54,4.32,658.0
2025-04-26 16:00:00,31.2,60,4.09,562.0
2025-04-26 17:00:00,30.6,62,3.42,336.0
2025-04-26 18:00:00,29.5,69,2.78,119.0
2025-04-26 19:00:00,28.8,74,2.77,8.0
2025-04-26 20:00:00,28.4,78,2.41,0.0
2025-04-26 21:00:00,28.3,78,1.54,0.0
2025-04-26 22:00:00,27.9,80,0.52,0.0
2025-04-26 23:00:00,27.5,83,0.4,0.0
2025-04-27 00:00:00,27.3,85,0.16,0.0
2025-04-27 01:00:00,26.9,86,0.43,0.0
2025-04-27 02:00:00,26.9,87,1.05,0.0
2025-04-27 03:00:00,26.6,89,1.15,0.0
2025-04-27 04:00:00,26.2,91,1.63,0.0
2025-04-27 05:00:00,25.9,92,1.77,0.0
2025-04-27 06:00:00,26.8,88,1.57,2.0
2025-04-27 07:00:00,27.6,83,1.42,99.0
2025-04-27 08:00:00,29.2,73,0.56,310.0
2025-04-27 09:00:00,31.2,62,0.47,537.0
2025-04-27 10:00:00,32.9,55,1.58,737.0
2025-04-27 11:00:00,33.4,58,2.82,883.0
2025-04-27 12:00:00,33.0,61,3.55,963.0
2025-04-27 13:00:00,33.1,55,3.82,972.0
2025-04-27 14:00:00,32.7,57,4.24,893.0
2025-04-27 15:00:00,32.0,62,4.11,749.0
2025-04-27 16:00:00,31.7,60,4.34,556.0
2025-04-27 17:00:00,30.7,64,4.34,352.0
2025-04-27 18:00:00,29.5,73,4.3,139.0
2025-04-27 19:00:00,28.8,77,3.56,10.0
2025-04-27 20:00:00,28.5,79,3.18,0.0
2025-04-27 21:00:00,28.3,81,1.54,0.0
2025-04-27 22:00:00,27.9,81,0.96,0.0
2025-04-27 23:00:00,27.5,83,0.52,0.0
2025-04-28 00:00:00,27.1,84,0.64,0.0
2025-04-28 01:00:00,27.1,85,1.35,0.0
2025-04-28 02:00:00,26.9,87,1.59,0.0
2025-04-28 03:00:00,26.7,89,1.18,0.0
2025-04-28 04:00:00,26.5,90,0.9,0.0
2025-04-28 05:00:00,26.2,91,0.85,0.0
2025-04-28 06:00:00,27.0,88,2.99,2.0
2025-04-28 07:00:00,28.0,81,3.05,88.0
2025-04-28 08:00:00,29.3,72,3.01,288.0
2025-04-28 09:00:00,30.6,64,2.4,502.0
2025-04-28 10:00:00,31.7,60,2.15,715.0
2025-04-28 11:00:00,32.5,57,2.46,871.0
2025-04-28 12:00:00,32.8,56,3.08,957.0
2025-04-28 13:00:00,32.8,57,3.42,966.0
2025-04-28 14:00:00,32.7,57,3.55,903.0
2025-04-28 15:00:00,32.2,59,3.57,771.0
2025-04-28 16:00:00,31.6,62,3.89,566.0
2025-04-28 17:00:00,30.5,67,4.47,341.0
2025-04-28 18:00:00,29.5,75,3.57,135.0
2025-04-28 19:00:00,28.9,80,2.95,9.0
2025-04-28 20:00:00,28.7,82,2.83,0.0
2025-04-28 21:00:00,28.4,84,1.52,0.0
2025-04-28 22:00:00,28.2,85,0.98,0.0
2025-04-28 23:00:00,28.0,86,0.22,0.0
2025-04-29 00:00:00,27.7,86,0.86,0.0
2025-04-29 01:00:00,27.5,87,1.07,0.0
2025-04-29 02:00:00,27.2,89,0.49,0.0
2025-04-29 03:00:00,26.9,91,0.3,0.0
2025-04-29 04:00:00,26.5,93,0.2,0.0
2025-04-29 05:00:00,26.3,95,1.38,0.0
2025-04-29 06:00:00,26.7,93,1.98,3.0
2025-04-29 07:00:00,27.6,89,2.28,100.0
2025-04-29 08:00:00,29.1,78,2.41,282.0
2025-04-29 09:00:00,30.6,68,2.47,498.0
2025-04-29 10:00:00,31.7,63,2.84,700.0
2025-04-29 11:00:00,32.4,60,3.16,861.0
2025-04-29 12:00:00,32.8,59,3.48,950.0
2025-04-29 13:00:00,32.8,58,3.78,961.0
2025-04-29 14:00:00,32.6,61,3.92,895.0
2025-04-29 15:00:00,32.2,64,3.69,763.0
2025-04-29 16:00:00,31.6,65,3.37,575.0
2025-04-29 17:00:00,30.8,67,3.6,357.0
2025-04-29 18:00:00,29.5,75,3.46,139.0
2025-04-29 19:00:00,29.1,75,2.46,10.0
2025-04-29 20:00:00,28.9,77,2.11,0.0
2025-04-29 21:00:00,28.7,78,1.61,0.0
2025-04-29 22:00:00,28.4,80,1.22,0.0
2025-04-29 23:00:00,28.0,85,0.05,0.0
2025-04-30 00:00:00,27.6,85,0.38,0.0
2025-04-30 01:00:00,27.4,86,0.16,0.0
2025-04-30 02:00:00,27.0,88,0.21,0.0
2025-04-30 03:00:00,26.8,88,1.38,0.0
2025-04-30 04:00:00,26.3,91,0.86,0.0
2025-04-30 05:00:00,26.3,93,1.2,0.0
2025-04-30 06:00:00,27.8,84,1.1,3.0
2025-04-30 07:00:00,28.7,80,1.64,93.0
2025-04-30 08:00:00,30.1,72,1.79,269.0
2025-04-30 09:00:00,31.3,65,1.89,467.0
2025-04-30 10:00:00,32.2,62,2.41,652.0
2025-04-30 11:00:00,32.5,62,3.01,808.0
2025-04-30 12:00:00,33.0,60,3.28,945.0
2025-04-30 13:00:00,33.1,59,3.71,960.0
2025-04-30 14:00:00,32.7,59,4.23,898.0
2025-04-30 15:00:00,32.7,59,3.76,770.0
2025-04-30 16:00:00,32.0,61,3.31,582.0
2025-04-30 17:00:00,31.2,64,3.59,357.0
2025-04-30 18:00:00,29.8,72,3.75,138.0
2025-04-30 19:00:00,29.0,79,3.89,10.0
2025-04-30 20:00:00,28.7,81,3.43,0.0
2025-04-30 21:00:00,28.6,82,2.87,0.0
2025-04-30 22:00:00,28.3,82,1.43,0.0
2025-04-30 23:00:00,27.9,84,0.78,0.0
2025-05-01 00:00:00,27.6,86,0.67,0.0
2025-05-01 01:00:00,27.2,88,0.49,0.0
2025-05-01 02:00:00,27.0,88,0.94,0.0
2025-05-01 03:00:00,26.6,89,0.89,0.0
2025-05-01 04:00:00,26.2,92,0.64,0.0
2025-05-01 05:00:00,26.0,94,0.57,0.0
2025-05-01 06:00:00,27.2,89,0.83,3.0
2025-05-01 07:00:00,28.1,86,0.64,99.0
2025-05-01 08:00:00,29.8,76,0.55,292.0
2025-05-01 09:00:00,31.5,67,0.95,510.0
2025-05-01 10:00:00,32.8,62,1.96,708.0
2025-05-01 11:00:00,33.1,63,3.03,861.0
2025-05-01 12:00:00,33.2,60,3.71,949.0
2025-05-01 13:00:00,33.4,57,3.96,960.0
2025-05-01 14:00:00,33.3,55,3.32,897.0
2025-05-01 15:00:00,33.3,55,3.31,763.0
2025-05-01 16:00:00,32.5,59,4.43,563.0
2025-05-01 17:00:00,31.5,61,5.11,353.0
2025-05-01 18:00:00,30.2,71,4.88,140.0
2025-05-01 19:00:00,29.5,78,3.18,10.0
2025-05-01 20:00:00,29.3,77,2.24,0.0
2025-05-01 21:00:00,29.1,77,1.43,0.0
2025-05-01 22:00:00,28.6,80,0.56,0.0
2025-05-01 23:00:00,28.2,80,0.51,0.0
2025-05-02 00:00:00,27.7,83,0.52,0.0
2025-05-02 01:00:00,27.3,84,0.45,0.0
2025-05-02 02:00:00,27.0,87,0.6,0.0
2025-05-02 03:00:00,26.4,91,0.5,0.0
2025-05-02 04:00:00,26.1,93,0.34,0.0
2025-05-02 05:00:00,26.0,93,0.1,0.0
2025-05-02 06:00:00,26.8,81,0.46,3.0
2025-05-02 07:00:00,28.4,72,0.81,106.0
2025-05-02 08:00:00,30.2,66,0.97,317.0
2025-05-02 09:00:00,31.7,62,1.25,539.0
2025-05-02 10:00:00,32.9,59,1.98,734.0
2025-05-02 11:00:00,33.6,56,2.67,878.0
2025-05-02 12:00:00,34.2,50,3.25,961.0
2025-05-02 13:00:00,34.5,43,3.77,971.0
2025-05-02 14:00:00,34.0,45,4.0,908.0
2025-05-02 15:00:00,33.4,48,3.68,780.0
2025-05-02 16:00:00,33.0,48,3.51,591.0
2025-05-02 17:00:00,31.9,54,3.46,367.0
2025-05-02 18:00:00,30.5,62,3.23,145.0
2025-05-02 19:00:00,29.5,72,3.36,10.0
2025-05-02 20:00:00,29.2,74,3.66,0.0
2025-05-02 21:00:00,29.2,71,3.65,0.0
2025-05-02 22:00:00,29.1,70,2.13,0.0
2025-05-02 23:00:00,28.8,72,2.38,0.0
2025-05-03 00:00:00,28.4,76,1.3,0.0
2025-05-03 01:00:00,27.7,78,1.14,0.0
2025-05-03 02:00:00,27.2,77,0.68,0.0
2025-05-03 03:00:00,26.7,78,0.88,0.0
2025-05-03 04:00:00,26.3,78,1.17,0.0
2025-05-03 05:00:00,25.7,80,0.92,0.0
2025-05-03 06:00:00,26.9,76,0.45,3.0
2025-05-03 07:00:00,28.5,68,0.76,108.0
2025-05-03 08:00:00,30.3,66,1.25,318.0
2025-05-03 09:00:00,31.7,60,2.15,541.0
2025-05-03 10:00:00,32.6,58,2.76,736.0
2025-05-03 11:00:00,33.1,57,3.27,881.0
2025-05-03 12:00:00,33.2,56,3.74,960.0
2025-05-03 13:00:00,33.2,54,4.12,966.0
2025-05-03 14:00:00,33.1,55,4.34,902.0
2025-05-03 15:00:00,32.8,55,4.27,770.0
2025-05-03 16:00:00,32.1,56,4.05,584.0
2025-05-03 17:00:00,31.5,58,3.8,364.0
2025-05-03 18:00:00,30.0,69,3.46,143.0
2025-05-03 19:00:00,29.4,72,3.15,11.0
2025-05-03 20:00:00,29.1,74,2.78,0.0
2025-05-03 21:00:00,28.9,74,2.58,0.0
2025-05-03 22:00:00,28.7,76,2.15,0.0
2025-05-03 23:00:00,28.4,76,1.65,0.0
2025-05-04 00:00:00,28.0,79,1.2,0.0
2025-05-04 01:00:00,27.5,81,0.96,0.0
2025-05-04 02:00:00,27.1,82,0.89,0.0
2025-05-04 03:00:00,27.2,80,1.36,0.0
2025-05-04 04:00:00,26.9,81,1.23,0.0
2025-05-04 05:00:00,26.7,82,1.1,0.0
2025-05-04 06:00:00,28.0,79,1.45,4.0
2025-05-04 07:00:00,29.0,73,1.9,103.0
2025-05-04 08:00:00,30.4,66,2.42,301.0
2025-05-04 09:00:00,31.4,61,2.6,514.0
2025-05-04 10:00:00,32.1,58,2.95,699.0
2025-05-04 11:00:00,32.6,57,3.61,865.0
2025-05-04 12:00:00,32.8,54,4.07,934.0
2025-05-04 13:00:00,32.9,55,4.11,941.0
2025-05-04 14:00:00,32.7,56,3.84,855.0
2025-05-04 15:00:00,32.7,56,2.82,753.0
2025-05-04 16:00:00,32.3,57,2.4,515.0
2025-05-04 17:00:00,31.5,59,4.28,340.0
2025-05-04 18:00:00,30.6,65,3.57,118.0
2025-05-04 19:00:00,30.1,67,3.31,10.0
2025-05-04 20:00:00,29.5,71,2.64,0.0
2025-05-04 21:00:00,29.4,72,1.9,0.0
2025-05-04 22:00:00,29.3,73,1.37,0.0
2025-05-04 23:00:00,29.1,74,1.54,0.0
2025-05-05 00:00:00,28.8,76,1.5,0.0
2025-05-05 01:00:00,28.5,78,1.01,0.0
2025-05-05 02:00:00,28.3,79,1.04,0.0
2025-05-05 03:00:00,28.1,79,1.32,0.0
2025-05-05 04:00:00,27.9,80,0.85,0.0
2025-05-05 05:00:00,27.8,80,1.13,0.0
2025-05-05 06:00:00,27.9,83,1.09,4.0
2025-05-05 07:00:00,28.8,80,0.86,104.0
2025-05-05 08:00:00,30.2,71,1.31,296.0
2025-05-05 09:00:00,31.6,63,1.31,501.0
2025-05-05 10:00:00,32.8,57,1.93,706.0
2025-05-05 11:00:00,33.1,57,3.02,842.0
2025-05-05 12:00:00,33.3,57,3.88,942.0
2025-05-05 13:00:00,32.9,56,3.93,953.0
2025-05-05 14:00:00,33.1,57,2.61,892.0
2025-05-05 15:00:00,33.5,53,2.77,742.0
2025-05-05 16:00:00,32.3,60,3.93,572.0
2025-05-05 17:00:00,31.1,65,4.06,361.0
2025-05-05 18:00:00,29.8,71,4.0,145.0
2025-05-05 19:00:00,29.2,77,3.5,11.0
2025-05-05 20:00:00,29.4,75,3.33,0.0
2025-05-05 21:00:00,29.3,75,2.25,0.0
2025-05-05 22:00:00,29.1,76,2.13,0.0
2025-05-05 23:00:00,29.0,76,2.18,0.0
2025-05-06 00:00:00,28.8,77,1.95,0.0
2025-05-06 01:00:00,28.5,78,1.93,0.0
2025-05-06 02:00:00,28.3,78,2.93,0.0
2025-05-06 03:00:00,23.3,88,2.07,0.0
2025-05-06 04:00:00,23.7,85,1.61,0.0
2025-05-06 05:00:00,24.1,85,2.1,0.0
2025-05-06 06:00:00,28.1,79,0.27,4.0
2025-05-06 07:00:00,29.1,73,0.8,106.0
2025-05-06 08:00:00,30.5,66,1.15,313.0
2025-05-06 09:00:00,31.9,59,1.89,528.0
2025-05-06 10:00:00,32.5,57,2.77,690.0
2025-05-06 11:00:00,32.7,57,3.64,834.0
2025-05-06 12:00:00,32.9,57,4.14,947.0
2025-05-06 13:00:00,32.7,58,4.05,955.0
2025-05-06 14:00:00,32.8,56,4.3,885.0
2025-05-06 15:00:00,32.5,57,4.43,725.0
2025-05-06 16:00:00,25.0,85,2.84,425.0
2025-05-06 17:00:00,26.0,82,0.96,104.0
2025-05-06 18:00:00,28.4,78,2.9,94.0
2025-05-06 19:00:00,27.8,82,3.16,8.0
2025-05-06 20:00:00,27.6,82,1.83,0.0
2025-05-06 21:00:00,27.7,82,1.45,0.0
2025-05-06 22:00:00,27.7,79,1.52,0.0
2025-05-06 23:00:00,27.5,80,1.61,0.0
2025-05-07 00:00:00,27.5,80,1.93,0.0
2025-05-07 01:00:00,27.6,80,2.56,0.0
2025-05-07 02:00:00,27.6,80,2.58,0.0
2025-05-07 03:00:00,27.7,79,2.19,0.0
2025-05-07 04:00:00,27.5,79,1.91,0.0
2025-05-07 05:00:00,27.3,80,1.79,0.0
2025-05-07 06:00:00,26.1,81,1.57,4.0
2025-05-07 07:00:00,26.8,73,1.79,94.0
2025-05-07 08:00:00,28.5,66,1.47,290.0
2025-05-07 09:00:00,30.1,62,2.11,490.0
2025-05-07 10:00:00,31.3,59,2.8,697.0
2025-05-07 11:00:00,32.3,55,2.48,846.0
2025-05-07 12:00:00,31.0,58,4.9,924.0
2025-05-07 13:00:00,28.2,74,3.98,555.0
2025-05-07 14:00:00,28.0,74,4.2,752.0
2025-05-07 15:00:00,28.5,72,3.5,637.0
2025-05-07 16:00:00,28.4,71,3.04,428.0
2025-05-07 17:00:00,28.5,70,3.26,237.0
2025-05-07 18:00:00,26.7,73,2.9,82.0
2025-05-07 19:00:00,26.8,73,2.58,7.0
2025-05-07 20:00:00,26.9,76,1.98,0.0
2025-05-07 21:00:00,26.7,78,2.55,0.0
2025-05-07 22:00:00,25.4,85,2.73,0.0
2025-05-07 23:00:00,25.7,84,3.15,0.0
2025-05-08 00:00:00,26.0,85,2.58,0.0
2025-05-08 01:00:00,25.0,87,3.25,0.0
2025-05-08 02:00:00,23.7,88,2.8,0.0
2025-05-08 03:00:00,22.7,92,2.24,0.0
2025-05-08 04:00:00,23.2,90,3.79,0.0
2025-05-08 05:00:00,23.7,90,2.75,0.0
2025-05-08 06:00:00,25.5,88,0.87,3.0
2025-05-08 07:00:00,25.9,85,1.13,96.0
2025-05-08 08:00:00,26.6,83,1.38,219.0
2025-05-08 09:00:00,27.1,81,3.08,462.0
2025-05-08 10:00:00,27.3,78,2.25,489.0
2025-05-08 11:00:00,28.4,74,2.2,727.0
2025-05-08 12:00:00,29.2,71,2.88,913.0
2025-05-08 13:00:00,29.4,69,3.82,926.0
2025-05-08 14:00:00,28.4,73,3.64,782.0
2025-05-08 15:00:00,28.6,73,2.9,706.0
2025-05-08 16:00:00,28.6,73,2.92,561.0
2025-05-08 17:00:00,27.4,75,3.98,347.0
2025-05-08 18:00:00,27.4,77,1.91,137.0
2025-05-08 19:00:00,26.8,81,1.89,11.0
2025-05-08 20:00:00,27.1,80,2.39,0.0
2025-05-08 21:00:00,27.3,75,2.87,0.0
2025-05-08 22:00:00,26.7,82,2.76,0.0
2025-05-08 23:00:00,26.5,82,2.7,0.0
2025-05-09 00:00:00,26.2,83,2.71,0.0
2025-05-09 01:00:00,25.7,85,3.05,0.0
2025-05-09 02:00:00,25.3,87,2.71,0.0
2025-05-09 03:00:00,25.4,87,2.44,0.0
2025-05-09 04:00:00,25.3,88,2.53,0.0
2025-05-09 05:00:00,25.0,90,2.71,0.0
2025-05-09 06:00:00,25.6,88,1.19,5.0
2025-05-09 07:00:00,26.6,85,1.43,107.0
2025-05-09 08:00:00,27.6,79,2.02,289.0
2025-05-09 09:00:00,28.2,76,2.92,481.0
2025-05-09 10:00:00,28.3,75,3.35,577.0
2025-05-09 11:00:00,28.4,78,3.2,715.0
2025-05-09 12:00:00,28.2,80,3.23,741.0
2025-05-09 13:00:00,28.1,81,4.21,806.0
2025-05-09 14:00:00,28.2,78,2.95,566.0
2025-05-09 15:00:00,28.0,80,3.25,487.0
2025-05-09 16:00:00,27.9,80,2.78,471.0
2025-05-09 17:00:00,28.3,75,2.97,325.0
2025-05-09 18:00:00,28.5,76,3.79,134.0
2025-05-09 19:00:00,27.5,81,3.62,11.0
2025-05-09 20:00:00,27.4,82,2.77,0.0
2025-05-09 21:00:00,27.1,81,2.19,0.0
2025-05-09 22:00:00,26.9,84,1.52,0.0
2025-05-09 23:00:00,26.1,91,0.45,0.0
2025-05-10 00:00:00,25.8,93,0.39,0.0
2025-05-10 01:00:00,25.5,94,0.29,0.0
2025-05-10 02:00:00,25.3,95,0.89,0.0
2025-05-10 03:00:00,24.9,95,1.81,0.0
2025-05-10 04:00:00,24.6,93,1.79,0.0
2025-05-10 05:00:00,24.6,93,1.8,0.0
2025-05-10 06:00:00,25.6,93,1.77,5.0
2025-05-10 07:00:00,26.5,87,1.52,96.0
2025-05-10 08:00:00,27.8,82,1.56,295.0
2025-05-10 09:00:00,29.1,75,1.82,524.0
2025-05-10 10:00:00,30.1,69,2.25,712.0
2025-05-10 11:00:00,30.5,68,2.3,834.0
2025-05-10 12:00:00,30.8,67,2.66,908.0
2025-05-10 13:00:00,30.9,67,3.21,920.0
2025-05-10 14:00:00,30.8,68,3.15,811.0
2025-05-10 15:00:00,30.3,69,3.14,655.0
2025-05-10 16:00:00,30.1,70,2.69,497.0
2025-05-10 17:00:00,29.8,70,2.69,326.0
2025-05-10 18:00:00,29.4,74,2.12,138.0
2025-05-10 19:00:00,28.6,80,1.4,12.0
2025-05-10 20:00:00,28.3,82,1.25,0.0
2025-05-10 21:00:00,28.0,84,1.05,0.0
2025-05-10 22:00:00,27.8,85,0.97,0.0
2025-05-10 23:00:00,27.4,87,0.81,0.0
2025-05-11 00:00:00,27.2,88,0.4,0.0
2025-05-11 01:00:00,26.7,91,0.4,0.0
2025-05-11 02:00:00,26.3,93,0.6,0.0
2025-05-11 03:00:00,26.0,94,0.85,0.0
2025-05-11 04:00:00,26.0,93,0.87,0.0
2025-05-11 05:00:00,25.9,93,0.92,0.0
2025-05-11 06:00:00,25.8,91,0.58,4.0
2025-05-11 07:00:00,26.5,86,1.14,101.0
2025-05-11 08:00:00,28.0,78,1.21,306.0
2025-05-11 09:00:00,29.7,71,1.21,510.0
2025-05-11 10:00:00,31.3,64,1.19,705.0
2025-05-11 11:00:00,32.2,60,1.7,821.0
2025-05-11 12:00:00,32.5,59,2.45,914.0
2025-05-11 13:00:00,32.3,59,3.17,894.0
2025-05-11 14:00:00,32.0,61,3.33,824.0
2025-05-11 15:00:00,31.4,64,2.96,719.0
2025-05-11 16:00:00,30.9,66,2.95,560.0
2025-05-11 17:00:00,30.3,68,2.26,332.0
2025-05-11 18:00:00,30.4,68,2.43,139.0
2025-05-11 19:00:00,29.6,72,2.07,12.0
2025-05-11 20:00:00,29.5,72,1.7,0.0
2025-05-11 21:00:00,29.3,73,1.45,0.0
2025-05-11 22:00:00,29.1,74,1.06,0.0
2025-05-11 23:00:00,28.8,77,0.93,0.0
2025-05-12 00:00:00,28.4,81,0.63,0.0
2025-05-12 01:00:00,28.2,84,0.43,0.0
2025-05-12 02:00:00,27.9,83,0.56,0.0
2025-05-12 03:00:00,27.8,82,0.75,0.0
2025-05-12 04:00:00,27.4,84,1.05,0.0
2025-05-12 05:00:00,27.1,86,0.67,0.0
2025-05-12 06:00:00,28.0,85,0.81,5.0
2025-05-12 07:00:00,29.1,77,1.04,106.0
2025-05-12 08:00:00,30.5,67,1.31,284.0
2025-05-12 09:00:00,31.9,60,1.7,485.0
2025-05-12 10:00:00,33.1,55,1.99,667.0
2025-05-12 11:00:00,33.6,53,2.45,754.0
2025-05-12 12:00:00,33.6,53,3.15,878.0
2025-05-12 13:00:00,33.3,54,3.64,790.0
2025-05-12 14:00:00,33.0,53,3.39,847.0
2025-05-12 15:00:00,32.8,56,3.55,710.0
2025-05-12 16:00:00,32.3,59,3.56,532.0
2025-05-12 17:00:00,31.1,65,2.66,348.0
2025-05-12 18:00:00,30.4,70,3.07,140.0
2025-05-12 19:00:00,29.9,71,2.55,13.0
2025-05-12 20:00:00,29.7,72,2.31,0.0
2025-05-12 21:00:00,29.5,73,1.79,0.0
2025-05-12 22:00:00,29.3,75,1.36,0.0
2025-05-12 23:00:00,29.0,77,0.9,0.0
2025-05-13 00:00:00,28.8,78,0.45,0.0
2025-05-13 01:00:00,28.5,79,0.43,0.0
2025-05-13 02:00:00,28.3,81,0.71,0.0
2025-05-13 03:00:00,28.1,83,0.56,0.0
2025-05-13 04:00:00,27.9,85,0.67,0.0
2025-05-13 05:00:00,27.7,87,0.66,0.0
2025-05-13 06:00:00,28.7,81,0.83,5.0
2025-05-13 07:00:00,29.7,74,0.65,108.0
2025-05-13 08:00:00,30.9,67,0.57,284.0
2025-05-13 09:00:00,32.1,60,0.95,491.0
2025-05-13 10:00:00,33.2,56,1.38,678.0
2025-05-13 11:00:00,33.8,54,2.06,815.0
2025-05-13 12:00:00,33.3,57,3.42,886.0
2025-05-13 13:00:00,33.2,56,2.88,890.0
2025-05-13 14:00:00,33.0,57,3.54,824.0
2025-05-13 15:00:00,32.6,58,3.13,728.0
2025-05-13 16:00:00,32.3,59,3.65,536.0
2025-05-13 17:00:00,31.2,64,3.56,330.0
2025-05-13 18:00:00,30.4,71,2.87,138.0
2025-05-13 19:00:00,30.0,72,1.93,12.0
2025-05-13 20:00:00,29.8,74,1.52,0.0
2025-05-13 21:00:00,29.7,75,1.51,0.0
2025-05-13 22:00:00,29.6,76,1.5,0.0
2025-05-13 23:00:00,29.5,76,1.74,0.0
2025-05-14 00:00:00,29.3,76,1.66,0.0
2025-05-14 01:00:00,29.1,77,1.18,0.0
2025-05-14 02:00:00,28.7,79,1.31,0.0
2025-05-14 03:00:00,28.1,83,1.31,0.0
2025-05-14 04:00:00,27.5,85,1.31,0.0
2025-05-14 05:00:00,27.3,87,1.07,0.0
2025-05-14 06:00:00,24.7,91,1.63,1.0
2025-05-14 07:00:00,25.9,83,0.99,85.0
2025-05-14 08:00:00,28.3,71,1.1,311.0
2025-05-14 09:00:00,30.9,61,0.11,490.0
2025-05-14 10:00:00,32.2,57,1.86,712.0
2025-05-14 11:00:00,33.0,54,2.48,851.0
2025-05-14 12:00:00,33.3,54,3.09,925.0
2025-05-14 13:00:00,32.7,59,3.26,937.0
2025-05-14 14:00:00,32.9,58,3.42,860.0
2025-05-14 15:00:00,32.4,60,3.34,726.0
2025-05-14 16:00:00,31.9,61,3.26,554.0
2025-05-14 17:00:00,31.1,67,3.06,333.0
2025-05-14 18:00:00,30.6,72,2.48,138.0
2025-05-14 19:00:00,30.0,74,2.36,13.0
2025-05-14 20:00:00,29.9,75,1.92,0.0
2025-05-14 21:00:00,29.7,77,1.74,0.0
2025-05-14 22:00:00,29.5,79,1.67,0.0
2025-05-14 23:00:00,29.3,80,1.52,0.0
2025-05-15 00:00:00,29.1,81,1.65,0.0
2025-05-15 01:00:00,28.9,82,1.52,0.0
2025-05-15 02:00:00,28.6,82,1.52,0.0
2025-05-15 03:00:00,28.5,83,1.48,0.0
2025-05-15 04:00:00,28.2,85,1.32,0.0
2025-05-15 05:00:00,27.8,87,1.46,0.0
2025-05-15 06:00:00,28.3,81,0.39,5.0
2025-05-15 07:00:00,29.2,76,0.14,105.0
2025-05-15 08:00:00,30.6,69,0.46,280.0
2025-05-15 09:00:00,31.6,64,1.03,469.0
2025-05-15 10:00:00,32.6,61,1.7,643.0
2025-05-15 11:00:00,33.2,59,2.61,796.0
2025-05-15 12:00:00,33.0,60,3.5,867.0
2025-05-15 13:00:00,32.9,58,3.32,835.0
2025-05-15 14:00:00,32.8,58,3.98,692.0
2025-05-15 15:00:00,32.2,61,3.76,632.0
2025-05-15 16:00:00,31.7,64,3.25,478.0
2025-05-15 17:00:00,31.4,65,2.7,288.0
2025-05-15 18:00:00,31.1,65,2.44,132.0
2025-05-15 19:00:00,30.5,68,2.09,13.0
2025-05-15 20:00:00,30.3,70,1.52,0.0
2025-05-15 21:00:00,30.2,70,1.14,0.0
2025-05-15 22:00:00,30.0,71,0.83,0.0
2025-05-15 23:00:00,29.9,71,0.75,0.0
2025-05-16 00:00:00,29.7,72,1.05,0.0
2025-05-16 01:00:00,29.6,73,1.3,0.0
2025-05-16 02:00:00,29.4,73,1.35,0.0
2025-05-16 03:00:00,29.3,73,1.12,0.0
2025-05-16 04:00:00,29.1,74,0.84,0.0
2025-05-16 05:00:00,28.9,75,0.51,0.0
2025-05-16 06:00:00,29.6,71,1.54,6.0
2025-05-16 07:00:00,30.4,67,2.09,99.0
2025-05-16 08:00:00,31.2,63,2.3,273.0
2025-05-16 09:00:00,32.0,60,2.46,463.0
2025-05-16 10:00:00,32.7,58,2.82,644.0
2025-05-16 11:00:00,33.3,56,3.02,732.0
2025-05-16 12:00:00,33.8,55,3.26,868.0
2025-05-16 13:00:00,33.5,56,3.92,804.0
2025-05-16 14:00:00,32.8,58,3.66,719.0
2025-05-16 15:00:00,32.9,57,3.75,679.0
2025-05-16 16:00:00,32.0,59,3.25,419.0
2025-05-16 17:00:00,31.4,60,2.65,223.0
2025-05-16 18:00:00,30.7,65,2.38,91.0
2025-05-16 19:00:00,30.3,66,2.16,7.0
2025-05-16 20:00:00,30.3,66,1.98,0.0
2025-05-16 21:00:00,30.3,65,1.73,0.0
2025-05-16 22:00:00,30.2,66,1.49,0.0
2025-05-16 23:00:00,30.1,66,1.32,0.0
2025-05-17 00:00:00,29.9,67,1.33,0.0
2025-05-17 01:00:00,29.7,68,1.41,0.0
2025-05-17 02:00:00,29.4,70,1.61,0.0
2025-05-17 03:00:00,29.0,72,1.78,0.0
2025-05-17 04:00:00,28.7,75,1.75,0.0
2025-05-17 05:00:00,28.6,76,1.39,0.0
2025-05-17 06:00:00,29.3,75,1.23,2.0
2025-05-17 07:00:00,29.4,74,1.33,48.0
2025-05-17 08:00:00,30.1,70,1.25,171.0
2025-05-17 09:00:00,31.5,63,2.15,401.0
2025-05-17 10:00:00,32.3,60,2.79,597.0
2025-05-17 11:00:00,32.1,61,3.69,766.0
2025-05-17 12:00:00,32.2,62,3.29,777.0
2025-05-17 13:00:00,32.4,61,3.22,796.0
2025-05-17 14:00:00,32.4,61,3.23,762.0
2025-05-17 15:00:00,32.5,60,3.26,606.0
2025-05-17 16:00:00,32.0,62,3.25,458.0
2025-05-17 17:00:00,31.5,63,3.03,311.0
2025-05-17 18:00:00,30.8,65,3.02,126.0
2025-05-17 19:00:00,30.4,65,2.11,14.0
2025-05-17 20:00:00,30.4,65,1.43,0.0
2025-05-17 21:00:00,30.4,65,1.43,0.0
2025-05-17 22:00:00,30.3,64,1.35,0.0
2025-05-17 23:00:00,30.2,65,1.32,0.0
2025-05-18 00:00:00,29.9,66,1.13,0.0
2025-05-18 01:00:00,29.7,68,1.16,0.0
2025-05-18 02:00:00,29.4,70,1.0,0.0
2025-05-18 03:00:00,29.2,71,0.66,0.0
2025-05-18 04:00:00,28.9,71,0.45,0.0
2025-05-18 05:00:00,28.7,72,0.35,0.0
2025-05-18 06:00:00,29.4,69,0.54,6.0
2025-05-18 07:00:00,29.9,69,1.05,85.0
2025-05-18 08:00:00,31.2,63,1.15,266.0
2025-05-18 09:00:00,32.4,58,1.68,433.0
2025-05-18 10:00:00,33.5,54,1.92,635.0
2025-05-18 11:00:00,34.3,51,2.59,802.0
2025-05-18 12:00:00,34.4,49,3.4,867.0
2025-05-18 13:00:00,34.3,47,3.92,904.0
2025-05-18 14:00:00,33.7,49,3.98,827.0
2025-05-18 15:00:00,33.5,51,4.08,678.0
2025-05-18 16:00:00,32.7,53,4.0,473.0
2025-05-18 17:00:00,32.1,56,2.85,255.0
2025-05-18 18:00:00,31.0,62,2.7,125.0
2025-05-18 19:00:00,30.5,64,2.44,14.0
2025-05-18 20:00:00,30.4,64,2.06,0.0
2025-05-18 21:00:00,30.3,63,1.63,0.0
2025-05-18 22:00:00,30.2,63,1.36,0.0
2025-05-18 23:00:00,30.0,66,0.75,0.0
2025-05-19 00:00:00,29.7,67,0.74,0.0
2025-05-19 01:00:00,29.4,70,0.83,0.0
2025-05-19 02:00:00,29.1,73,0.66,0.0
2025-05-19 03:00:00,28.9,74,0.85,0.0
2025-05-19 04:00:00,28.7,75,0.7,0.0
2025-05-19 05:00:00,28.4,79,0.51,0.0
2025-05-19 06:00:00,28.9,76,0.56,6.0
2025-05-19 07:00:00,29.3,73,0.97,68.0
2025-05-19 08:00:00,30.0,70,0.75,183.0
2025-05-19 09:00:00,31.1,65,0.43,320.0
2025-05-19 10:00:00,31.8,61,1.12,364.0
2025-05-19 11:00:00,31.8,62,1.75,320.0
2025-05-19 12:00:00,32.2,63,2.14,445.0
2025-05-19 13:00:00,31.7,68,3.55,435.0
2025-05-19 14:00:00,32.1,62,3.89,514.0
2025-05-19 15:00:00,32.4,60,3.94,477.0
2025-05-19 16:00:00,31.8,61,4.49,385.0
2025-05-19 17:00:00,31.4,62,3.29,236.0
2025-05-19 18:00:00,30.6,68,3.13,91.0
2025-05-19 19:00:00,30.1,70,2.87,8.0
2025-05-19 20:00:00,30.1,70,2.28,0.0
2025-05-19 21:00:00,30.0,72,2.01,0.0
2025-05-19 22:00:00,29.8,72,1.93,0.0
2025-05-19 23:00:00,29.6,73,1.94,0.0
2025-05-20 00:00:00,29.5,75,2.2,0.0
2025-05-20 01:00:00,29.3,76,1.43,0.0
2025-05-20 02:00:00,29.0,77,1.22,0.0
2025-05-20 03:00:00,28.8,80,0.51,0.0
2025-05-20 04:00:00,28.7,79,1.03,0.0
2025-05-20 05:00:00,28.7,80,1.17,0.0
2025-05-20 06:00:00,28.3,82,3.68,6.0
2025-05-20 07:00:00,28.4,78,2.14,86.0
2025-05-20 08:00:00,30.0,70,1.35,292.0
2025-05-20 09:00:00,32.1,61,1.35,492.0
2025-05-20 10:00:00,33.7,55,1.76,621.0
2025-05-20 11:00:00,34.4,54,2.45,731.0
2025-05-20 12:00:00,32.5,63,3.5,732.0
2025-05-20 13:00:00,32.2,68,2.86,746.0
2025-05-20 14:00:00,30.9,73,3.12,340.0
2025-05-20 15:00:00,31.4,73,2.19,397.0
2025-05-20 16:00:00,30.4,75,3.02,240.0
2025-05-20 17:00:00,30.1,78,2.96,123.0
2025-05-20 18:00:00,30.5,77,2.14,60.0
2025-05-20 19:00:00,30.0,80,1.36,2.0
2025-05-20 20:00:00,29.7,83,0.51,0.0
2025-05-20 21:00:00,29.4,85,0.96,0.0
2025-05-20 22:00:00,29.1,88,0.92,0.0
2025-05-20 23:00:00,28.8,90,1.03,0.0
2025-05-21 00:00:00,28.6,92,1.26,0.0
2025-05-21 01:00:00,28.4,94,2.06,0.0
2025-05-21 02:00:00,28.0,95,1.49,0.0
2025-05-21 03:00:00,27.7,96,1.2,0.0
2025-05-21 04:00:00,27.6,95,1.31,0.0
2025-05-21 05:00:00,27.4,96,0.91,0.0
2025-05-21 06:00:00,26.6,90,0.93,6.0
2025-05-21 07:00:00,27.5,86,0.32,72.0
2025-05-21 08:00:00,28.3,85,0.78,122.0
2025-05-21 09:00:00,29.3,81,1.53,251.0
2025-05-21 10:00:00,29.3,80,1.63,150.0
2025-05-21 11:00:00,29.7,78,1.26,168.0
2025-05-21 12:00:00,30.6,73,1.53,285.0
2025-05-21 13:00:00,31.4,68,1.3,406.0
2025-05-21 14:00:00,31.4,68,1.45,293.0
2025-05-21 15:00:00,31.6,69,2.27,370.0
2025-05-21 16:00:00,30.6,74,2.48,231.0
2025-05-21 17:00:00,30.4,74,2.23,168.0
2025-05-21 18:00:00,29.9,77,2.42,137.0
2025-05-21 19:00:00,29.4,81,1.7,14.0
2025-05-21 20:00:00,29.4,83,1.55,0.0
2025-05-21 21:00:00,29.4,81,1.53,0.0
2025-05-21 22:00:00,28.0,88,2.97,0.0
2025-05-21 23:00:00,27.4,88,2.71,0.0
2025-05-22 00:00:00,26.6,92,1.82,0.0
2025-05-22 01:00:00,26.7,92,2.04,0.0
2025-05-22 02:00:00,26.6,94,1.35,0.0
2025-05-22 03:00:00,26.4,94,1.84,0.0
2025-05-22 04:00:00,26.0,94,2.06,0.0
2025-05-22 05:00:00,25.8,93,1.21,0.0
2025-05-22 06:00:00,26.6,86,1.15,2.0
2025-05-22 07:00:00,27.4,82,0.8,65.0
2025-05-22 08:00:00,28.6,74,1.08,243.0
2025-05-22 09:00:00,29.6,71,1.98,409.0
2025-05-22 10:00:00,30.7,66,2.57,634.0
2025-05-22 11:00:00,31.8,63,2.62,789.0
2025-05-22 12:00:00,31.5,63,2.24,454.0
2025-05-22 13:00:00,30.6,70,2.83,370.0
2025-05-22 14:00:00,31.1,70,3.3,680.0
2025-05-22 15:00:00,31.0,72,4.16,571.0
2025-05-22 16:00:00,30.0,79,5.08,354.0
2025-05-22 17:00:00,30.3,77,4.65,290.0
2025-05-22 18:00:00,29.2,81,2.51,72.0
2025-05-22 19:00:00,29.0,85,1.88,6.0
2025-05-22 20:00:00,29.0,88,0.71,0.0
2025-05-22 21:00:00,27.2,91,0.99,0.0
2025-05-22 22:00:00,27.3,92,1.83,0.0
2025-05-22 23:00:00,26.3,95,1.36,0.0
2025-05-23 00:00:00,26.4,94,1.55,0.0
2025-05-23 01:00:00,26.3,93,0.7,0.0
2025-05-23 02:00:00,26.4,92,0.07,0.0
2025-05-23 03:00:00,26.4,92,0.49,0.0
2025-05-23 04:00:00,26.4,93,0.97,0.0
2025-05-23 05:00:00,26.2,95,0.85,0.0
2025-05-23 06:00:00,26.4,93,1.67,1.0
2025-05-23 07:00:00,26.8,93,1.0,29.0
2025-05-23 08:00:00,27.4,90,0.99,113.0
2025-05-23 09:00:00,28.0,90,0.96,187.0
2025-05-23 10:00:00,29.3,85,0.86,308.0
2025-05-23 11:00:00,30.3,80,0.7,471.0
2025-05-23 12:00:00,31.2,77,1.17,567.0
2025-05-23 13:00:00,31.5,74,1.72,578.0
2025-05-23 14:00:00,31.8,73,1.53,592.0
2025-05-23 15:00:00,32.5,69,1.45,630.0
2025-05-23 16:00:00,31.9,76,3.35,528.0
2025-05-23 17:00:00,31.0,78,3.68,336.0
2025-05-23 18:00:00,29.2,84,1.12,70.0
2025-05-23 19:00:00,29.1,86,0.63,10.0
2025-05-23 20:00:00,29.1,85,1.15,0.0
2025-05-23 21:00:00,28.9,87,1.82,0.0
2025-05-23 22:00:00,28.9,89,0.78,0.0
2025-05-23 23:00:00,28.6,90,1.15,0.0
2025-05-24 00:00:00,28.4,91,1.22,0.0
2025-05-24 01:00:00,28.2,91,1.38,0.0
2025-05-24 02:00:00,28.0,90,1.46,0.0
2025-05-24 03:00:00,28.1,90,1.71,0.0
2025-05-24 04:00:00,28.0,92,2.14,0.0
2025-05-24 05:00:00,27.9,92,2.15,0.0
2025-05-24 06:00:00,26.5,90,2.02,3.0
2025-05-24 07:00:00,26.8,88,1.97,99.0
2025-05-24 08:00:00,27.4,84,3.3,238.0
2025-05-24 09:00:00,27.9,83,2.47,280.0
2025-05-24 10:00:00,29.0,80,2.0,345.0
2025-05-24 11:00:00,31.1,73,1.64,674.0
2025-05-24 12:00:00,31.1,74,1.98,434.0
2025-05-24 13:00:00,32.1,73,2.28,716.0
2025-05-24 14:00:00,31.9,72,2.77,646.0
2025-05-24 15:00:00,31.5,74,3.34,578.0
2025-05-24 16:00:00,30.9,78,3.16,424.0
2025-05-24 17:00:00,30.4,80,3.24,228.0
2025-05-24 18:00:00,29.8,83,1.76,114.0
2025-05-24 19:00:00,28.8,86,2.94,5.0
2025-05-24 20:00:00,28.5,84,1.9,0.0
2025-05-24 21:00:00,27.2,87,1.89,0.0
2025-05-24 22:00:00,25.7,93,2.85,0.0
2025-05-24 23:00:00,26.5,86,1.28,0.0
2025-05-25 00:00:00,26.6,87,1.03,0.0
2025-05-25 01:00:00,26.5,89,1.05,0.0
2025-05-25 02:00:00,26.7,90,1.81,0.0
2025-05-25 03:00:00,27.1,89,1.13,0.0
2025-05-25 04:00:00,27.0,92,1.44,0.0
2025-05-25 05:00:00,26.7,94,1.27,0.0
2025-05-25 06:00:00,25.6,96,3.22,3.0
2025-05-25 07:00:00,26.2,91,2.42,22.0
2025-05-25 08:00:00,24.3,97,1.71,86.0
2025-05-25 09:00:00,24.7,89,2.73,97.0
2025-05-25 10:00:00,24.0,94,2.66,85.0
2025-05-25 11:00:00,23.9,95,0.78,88.0
2025-05-25 12:00:00,24.1,97,2.02,196.0
2025-05-25 13:00:00,25.6,91,2.69,209.0
2025-05-25 14:00:00,27.7,86,1.01,618.0
2025-05-25 15:00:00,27.7,85,2.15,223.0
2025-05-25 16:00:00,27.8,88,1.18,121.0
2025-05-25 17:00:00,28.3,89,1.59,63.0
2025-05-25 18:00:00,27.0,90,0.67,14.0
2025-05-25 19:00:00,27.8,89,1.15,3.0
2025-05-25 20:00:00,28.5,88,3.15,0.0
2025-05-25 21:00:00,28.0,90,1.36,0.0
2025-05-25 22:00:00,27.6,93,0.22,0.0
2025-05-25 23:00:00,27.4,93,1.94,0.0
2025-05-26 00:00:00,25.4,98,4.07,0.0
2025-05-26 01:00:00,25.1,93,2.25,0.0
2025-05-26 02:00:00,26.0,95,3.76,0.0
2025-05-26 03:00:00,25.7,94,1.25,0.0
2025-05-26 04:00:00,25.7,95,3.98,0.0
2025-05-26 05:00:00,25.1,93,3.21,0.0
2025-05-26 06:00:00,27.8,91,4.41,0.0
2025-05-26 07:00:00,27.1,95,4.23,5.0
2025-05-26 08:00:00,26.0,95,5.9,33.0
2025-05-26 09:00:00,25.4,93,5.25,42.0
2025-05-26 10:00:00,25.9,91,3.8,139.0
2025-05-26 11:00:00,25.6,93,3.06,125.0
2025-05-26 12:00:00,25.7,93,4.16,89.0
2025-05-26 13:00:00,25.6,93,3.6,184.0
2025-05-26 14:00:00,25.2,94,1.61,61.0
2025-05-26 15:00:00,26.9,92,1.65,129.0
2025-05-26 16:00:00,27.6,92,1.56,110.0
2025-05-26 17:00:00,27.6,94,1.72,74.0
2025-05-26 18:00:00,27.1,91,2.55,57.0
2025-05-26 19:00:00,26.9,90,0.22,6.0
2025-05-26 20:00:00,26.5,95,0.78,0.0
2025-05-26 21:00:00,26.6,94,0.16,0.0
2025-05-26 22:00:00,26.6,94,0.99,0.0
2025-05-26 23:00:00,26.7,94,1.17,0.0
2025-05-27 00:00:00,26.7,94,1.24,0.0
2025-05-27 01:00:00,26.8,95,0.86,0.0
2025-05-27 02:00:00,26.3,97,0.99,0.0
2025-05-27 03:00:00,26.7,95,2.26,0.0
2025-05-27 04:00:00,26.4,97,1.43,0.0
2025-05-27 05:00:00,26.1,97,1.77,0.0
2025-05-27 06:00:00,25.6,97,1.51,1.0
2025-05-27 07:00:00,25.7,97,1.19,26.0
2025-05-27 08:00:00,26.0,97,1.0,72.0
2025-05-27 09:00:00,26.5,95,1.58,110.0
2025-05-27 10:00:00,27.0,92,1.35,185.0
2025-05-27 11:00:00,27.7,88,0.79,271.0
2025-05-27 12:00:00,29.0,81,0.32,416.0
2025-05-27 13:00:00,29.7,77,1.35,451.0
2025-05-27 14:00:00,29.8,75,2.36,360.0
2025-05-27 15:00:00,29.8,76,3.38,416.0
2025-05-27 16:00:00,29.2,80,3.62,432.0
2025-05-27 17:00:00,29.1,83,2.82,163.0
2025-05-27 18:00:00,27.1,90,1.08,36.0
2025-05-27 19:00:00,27.1,89,1.69,6.0
2025-05-27 20:00:00,27.1,88,1.68,0.0
2025-05-27 21:00:00,27.1,88,2.06,0.0
2025-05-27 22:00:00,27.1,89,1.82,0.0
2025-05-27 23:00:00,27.0,90,2.16,0.0
2025-05-28 00:00:00,26.3,93,1.78,0.0
2025-05-28 01:00:00,25.9,95,1.48,0.0
2025-05-28 02:00:00,26.0,95,1.62,0.0
2025-05-28 03:00:00,26.2,95,0.93,0.0
2025-05-28 04:00:00,26.1,96,1.49,0.0
2025-05-28 05:00:00,26.0,97,1.64,0.0
2025-05-28 06:00:00,26.3,94,1.63,6.0
2025-05-28 07:00:00,27.0,91,1.46,74.0
2025-05-28 08:00:00,27.2,90,1.66,171.0
2025-05-28 09:00:00,26.8,92,2.69,233.0
2025-05-28 10:00:00,27.4,86,2.83,351.0
2025-05-28 11:00:00,27.4,86,3.41,326.0
2025-05-28 12:00:00,27.7,86,3.37,310.0
2025-05-28 13:00:00,27.5,87,3.74,392.0
2025-05-28 14:00:00,27.8,86,3.57,420.0
2025-05-28 15:00:00,27.7,86,2.67,271.0
2025-05-28 16:00:00,27.8,85,3.21,243.0
2025-05-28 17:00:00,27.6,84,2.93,223.0
2025-05-28 18:00:00,26.8,86,1.53,74.0
2025-05-28 19:00:00,26.8,90,2.0,12.0
2025-05-28 20:00:00,27.0,91,1.26,0.0
2025-05-28 21:00:00,27.1,91,1.8,0.0
2025-05-28 22:00:00,27.2,92,2.35,0.0
2025-05-28 23:00:00,27.4,91,2.03,0.0
2025-05-29 00:00:00,27.1,93,1.35,0.0
2025-05-29 01:00:00,26.6,95,0.91,0.0
2025-05-29 02:00:00,26.6,97,1.93,0.0
2025-05-29 03:00:00,26.7,97,1.6,0.0
2025-05-29 04:00:00,26.6,96,0.76,0.0
2025-05-29 05:00:00,26.7,95,0.21,0.0
2025-05-29 06:00:00,27.4,93,0.56,7.0
2025-05-29 07:00:00,27.7,94,0.79,101.0
2025-05-29 08:00:00,28.6,89,0.9,255.0
2025-05-29 09:00:00,30.1,78,2.82,392.0
2025-05-29 10:00:00,31.0,76,3.17,640.0
2025-05-29 11:00:00,31.3,74,3.41,752.0
2025-05-29 12:00:00,31.4,74,3.76,848.0
2025-05-29 13:00:00,31.3,74,3.99,839.0
2025-05-29 14:00:00,31.2,74,4.29,758.0
2025-05-29 15:00:00,30.3,79,4.68,603.0
2025-05-29 16:00:00,30.1,78,4.96,501.0
2025-05-29 17:00:00,30.1,79,4.73,284.0
2025-05-29 18:00:00,29.2,86,3.23,148.0
2025-05-29 19:00:00,29.2,84,3.21,18.0
2025-05-29 20:00:00,29.1,84,3.75,0.0
2025-05-29 21:00:00,28.9,85,3.48,0.0
2025-05-29 22:00:00,28.6,88,3.4,0.0
2025-05-29 23:00:00,28.2,91,3.49,0.0
2025-05-30 00:00:00,28.2,90,3.86,0.0
2025-05-30 01:00:00,28.4,89,4.58,0.0
2025-05-30 02:00:00,28.3,89,4.84,0.0
2025-05-30 03:00:00,28.5,86,4.34,0.0
2025-05-30 04:00:00,28.5,85,4.15,0.0
2025-05-30 05:00:00,28.5,85,4.31,0.0
2025-05-30 06:00:00,29.0,81,3.4,7.0
2025-05-30 07:00:00,29.5,78,3.52,109.0
2025-05-30 08:00:00,30.2,71,4.16,295.0
2025-05-30 09:00:00,30.7,68,4.16,487.0
2025-05-30 10:00:00,31.1,67,4.49,704.0
2025-05-30 11:00:00,31.0,70,4.61,688.0
2025-05-30 12:00:00,31.3,70,4.56,810.0
2025-05-30 13:00:00,31.5,68,4.78,879.0
2025-05-30 14:00:00,31.2,70,4.85,801.0
2025-05-30 15:00:00,30.7,71,4.79,602.0
2025-05-30 16:00:00,30.7,70,4.94,504.0
2025-05-30 17:00:00,30.2,72,4.88,336.0
2025-05-30 18:00:00,29.6,79,3.87,116.0
2025-05-30 19:00:00,29.1,81,3.8,17.0
2025-05-30 20:00:00,29.2,80,4.19,0.0
2025-05-30 21:00:00,28.9,82,4.29,0.0
2025-05-30 22:00:00,28.7,83,4.26,0.0
2025-05-30 23:00:00,28.9,83,4.23,0.0
2025-05-31 00:00:00,28.8,82,4.13,0.0
2025-05-31 01:00:00,28.5,83,3.94,0.0
2025-05-31 02:00:00,27.5,90,3.79,0.0
2025-05-31 03:00:00,28.0,87,3.51,0.0
2025-05-31 04:00:00,28.2,84,3.47,0.0
2025-05-31 05:00:00,28.0,84,3.81,0.0
2025-05-31 06:00:00,27.9,88,4.88,8.0
2025-05-31 07:00:00,28.4,84,3.33,103.0
2025-05-31 08:00:00,29.6,78,3.88,278.0
2025-05-31 09:00:00,30.1,74,4.86,487.0
2025-05-31 10:00:00,29.4,79,5.57,568.0
2025-05-31 11:00:00,30.0,78,4.92,733.0
2025-05-31 12:00:00,30.6,75,4.55,799.0
2025-05-31 13:00:00,31.1,71,5.02,869.0
2025-05-31 14:00:00,30.9,71,5.09,823.0
2025-05-31 15:00:00,30.8,71,4.87,644.0
2025-05-31 16:00:00,30.4,72,4.48,529.0
2025-05-31 17:00:00,29.9,74,3.88,326.0
2025-05-31 18:00:00,29.7,77,3.23,138.0
2025-05-31 19:00:00,29.0,80,3.27,19.0
2025-05-31 20:00:00,28.7,82,3.23,0.0
2025-05-31 21:00:00,28.6,83,3.45,0.0
2025-05-31 22:00:00,28.5,83,3.42,0.0
2025-05-31 23:00:00,28.1,84,3.67,0.0
2025-06-01 00:00:00,26.9,89,3.36,0.0
2025-06-01 01:00:00,26.6,90,4.25,0.0
2025-06-01 02:00:00,26.8,88,4.22,0.0
2025-06-01 03:00:00,26.5,89,3.5,0.0
2025-06-01 04:00:00,25.7,92,3.63,0.0
2025-06-01 05:00:00,25.9,92,4.11,0.0
2025-06-01 06:00:00,26.8,90,2.83,5.0
2025-06-01 07:00:00,27.1,86,3.62,67.0
2025-06-01 08:00:00,27.0,84,3.0,178.0
2025-06-01 09:00:00,27.4,83,3.96,352.0
2025-06-01 10:00:00,26.9,83,5.1,568.0
2025-06-01 11:00:00,27.2,83,4.62,575.0
2025-06-01 12:00:00,28.9,77,5.31,831.0
2025-06-01 13:00:00,28.6,81,5.09,866.0
2025-06-01 14:00:00,28.9,79,5.15,769.0
2025-06-01 15:00:00,28.9,79,5.03,577.0
2025-06-01 16:00:00,29.2,77,4.7,492.0
2025-06-01 17:00:00,28.5,79,4.98,321.0
2025-06-01 18:00:00,25.9,87,1.47,108.0
2025-06-01 19:00:00,26.6,89,2.73,16.0
2025-06-01 20:00:00,27.3,87,2.66,0.0
2025-06-01 21:00:00,27.5,86,2.31,0.0
2025-06-01 22:00:00,27.3,83,2.06,0.0
2025-06-01 23:00:00,26.8,85,2.04,0.0
2025-06-02 00:00:00,26.1,91,2.57,0.0
2025-06-02 01:00:00,25.6,94,2.67,0.0
2025-06-02 02:00:00,25.7,93,3.06,0.0
2025-06-02 03:00:00,25.7,91,3.5,0.0
2025-06-02 04:00:00,25.9,90,3.67,0.0
2025-06-02 05:00:00,26.0,90,3.34,0.0
2025-06-02 06:00:00,26.0,92,2.47,7.0
2025-06-02 07:00:00,26.8,88,2.86,77.0
2025-06-02 08:00:00,27.4,85,3.26,244.0
2025-06-02 09:00:00,29.1,77,3.96,434.0
2025-06-02 10:00:00,30.4,70,4.7,666.0
2025-06-02 11:00:00,30.7,69,5.06,792.0
2025-06-02 12:00:00,30.6,69,5.16,862.0
2025-06-02 13:00:00,30.6,69,5.28,816.0
2025-06-02 14:00:00,30.4,70,5.52,782.0
2025-06-02 15:00:00,29.6,73,5.48,538.0
2025-06-02 16:00:00,29.3,75,5.17,401.0
2025-06-02 17:00:00,29.0,77,4.68,316.0
2025-06-02 18:00:00,28.0,84,4.34,149.0
2025-06-02 19:00:00,27.7,87,3.57,17.0
2025-06-02 20:00:00,26.5,90,3.82,0.0
2025-06-02 21:00:00,27.1,89,3.75,0.0
2025-06-02 22:00:00,26.9,88,4.39,0.0
2025-06-02 23:00:00,25.8,91,3.88,0.0
2025-06-03 00:00:00,26.0,91,3.91,0.0
2025-06-03 01:00:00,26.2,89,4.31,0.0
2025-06-03 02:00:00,26.6,86,3.61,0.0
2025-06-03 03:00:00,26.5,88,3.77,0.0
2025-06-03 04:00:00,26.1,89,5.81,0.0
2025-06-03 05:00:00,26.0,88,5.1,0.0
2025-06-03 06:00:00,25.9,91,3.92,6.0
2025-06-03 07:00:00,26.9,88,2.94,56.0
2025-06-03 08:00:00,27.2,86,4.35,221.0
2025-06-03 09:00:00,27.1,86,4.67,271.0
2025-06-03 10:00:00,28.5,79,3.95,519.0
2025-06-03 11:00:00,29.5,75,4.88,781.0
2025-06-03 12:00:00,29.8,74,4.99,757.0
2025-06-03 13:00:00,29.9,75,4.81,800.0
2025-06-03 14:00:00,30.2,72,5.3,750.0
2025-06-03 15:00:00,29.0,73,5.35,699.0
2025-06-03 16:00:00,28.2,81,3.44,267.0
2025-06-03 17:00:00,28.8,78,3.94,309.0
2025-06-03 18:00:00,29.3,82,2.37,149.0
2025-06-03 19:00:00,26.4,88,4.07,16.0
2025-06-03 20:00:00,26.9,90,3.41,0.0
2025-06-03 21:00:00,25.9,91,1.15,0.0
2025-06-03 22:00:00,25.4,92,2.97,0.0
2025-06-03 23:00:00,25.8,92,3.15,0.0
2025-06-04 00:00:00,25.5,93,3.86,0.0
2025-06-04 01:00:00,25.3,93,2.58,0.0
2025-06-04 02:00:00,24.9,94,3.56,0.0
2025-06-04 03:00:00,24.4,95,3.69,0.0
2025-06-04 04:00:00,24.3,95,2.8,0.0
2025-06-04 05:00:00,24.6,91,3.42,0.0
2025-06-04 06:00:00,25.0,92,2.13,3.0
2025-06-04 07:00:00,26.2,90,2.02,98.0
2025-06-04 08:00:00,26.3,86,3.13,240.0
2025-06-04 09:00:00,27.5,82,3.45,395.0
2025-06-04 10:00:00,28.5,77,3.21,577.0
2025-06-04 11:00:00,28.9,78,3.34,781.0
2025-06-04 12:00:00,29.3,78,4.03,851.0
2025-06-04 13:00:00,29.0,78,4.05,879.0
2025-06-04 14:00:00,28.6,75,3.12,775.0
2025-06-04 15:00:00,29.1,80,2.69,691.0
2025-06-04 16:00:00,29.1,79,2.71,532.0
2025-06-04 17:00:00,28.7,79,2.48,330.0
2025-06-04 18:00:00,28.2,75,1.22,140.0
2025-06-04 19:00:00,27.4,82,1.14,21.0
2025-06-04 20:00:00,27.0,83,1.08,0.0
2025-06-04 21:00:00,26.9,82,1.23,0.0
2025-06-04 22:00:00,26.8,84,1.69,0.0
2025-06-04 23:00:00,26.3,89,0.97,0.0
2025-06-05 00:00:00,26.4,89,1.21,0.0
2025-06-05 01:00:00,26.1,90,0.98,0.0
2025-06-05 02:00:00,26.0,91,1.22,0.0
2025-06-05 03:00:00,25.0,92,0.4,0.0
2025-06-05 04:00:00,24.9,92,2.21,0.0
2025-06-05 05:00:00,24.7,94,2.5,0.0
2025-06-05 06:00:00,25.4,90,2.21,8.0
2025-06-05 07:00:00,26.2,87,1.7,115.0
2025-06-05 08:00:00,27.6,83,1.45,321.0
2025-06-05 09:00:00,28.5,80,1.72,415.0
2025-06-05 10:00:00,29.4,77,1.52,595.0
2025-06-05 11:00:00,29.6,77,1.83,586.0
2025-06-05 12:00:00,29.9,77,2.19,672.0
2025-06-05 13:00:00,30.2,75,2.48,824.0
2025-06-05 14:00:00,30.0,75,2.4,789.0
2025-06-05 15:00:00,30.1,72,2.77,616.0
2025-06-05 16:00:00,29.4,74,1.8,482.0
2025-06-05 17:00:00,29.6,73,1.6,273.0
2025-06-05 18:00:00,29.2,77,0.7,112.0
2025-06-05 19:00:00,28.9,80,0.49,13.0
2025-06-05 20:00:00,28.3,84,0.81,0.0
2025-06-05 21:00:00,27.8,87,0.68,0.0
2025-06-05 22:00:00,27.7,88,0.6,0.0
2025-06-05 23:00:00,27.6,88,0.57,0.0
2025-06-06 00:00:00,27.3,90,0.71,0.0
2025-06-06 01:00:00,27.1,91,0.3,0.0
2025-06-06 02:00:00,27.0,91,0.07,0.0
2025-06-06 03:00:00,26.8,92,0.16,0.0
2025-06-06 04:00:00,26.6,92,0.18,0.0
2025-06-06 05:00:00,26.5,92,0.3,0.0
2025-06-06 06:00:00,27.5,89,1.08,5.0
2025-06-06 07:00:00,27.5,82,0.65,79.0
2025-06-06 08:00:00,28.1,80,1.89,234.0
2025-06-06 09:00:00,28.4,80,1.88,436.0
2025-06-06 10:00:00,29.2,79,1.21,616.0
2025-06-06 11:00:00,29.9,78,1.61,791.0
2025-06-06 12:00:00,30.2,76,2.0,874.0
2025-06-06 13:00:00,30.2,74,2.5,872.0
2025-06-06 14:00:00,30.0,73,2.77,756.0
2025-06-06 15:00:00,30.1,72,2.46,680.0
2025-06-06 16:00:00,29.2,76,2.09,446.0
2025-06-06 17:00:00,28.8,79,2.23,274.0
2025-06-06 18:00:00,29.3,75,2.36,140.0
2025-06-06 19:00:00,28.4,82,1.31,18.0
2025-06-06 20:00:00,28.3,85,1.22,0.0
2025-06-06 21:00:00,28.1,87,0.83,0.0
2025-06-06 22:00:00,28.1,88,0.45,0.0
2025-06-06 23:00:00,27.7,90,0.25,0.0
2025-06-07 00:00:00,27.5,90,0.21,0.0
2025-06-07 01:00:00,27.4,90,0.16,0.0
2025-06-07 02:00:00,27.2,91,0.21,0.0
2025-06-07 03:00:00,26.3,93,0.51,0.0
2025-06-07 04:00:00,26.2,95,0.0,0.0
2025-06-07 05:00:00,26.1,94,1.16,0.0
2025-06-07 06:00:00,25.2,96,1.23,6.0
2025-06-07 07:00:00,26.0,93,0.3,63.0
2025-06-07 08:00:00,27.1,89,1.56,275.0
2025-06-07 09:00:00,27.7,85,1.86,295.0
2025-06-07 10:00:00,28.6,83,1.76,605.0
2025-06-07 11:00:00,29.2,81,1.87,739.0
2025-06-07 12:00:00,29.6,80,2.21,832.0
2025-06-07 13:00:00,29.7,79,2.8,800.0
2025-06-07 14:00:00,29.5,80,2.32,752.0
2025-06-07 15:00:00,29.0,81,2.51,508.0
2025-06-07 16:00:00,28.8,80,2.75,201.0
2025-06-07 17:00:00,29.0,79,2.51,279.0
2025-06-07 18:00:00,28.1,82,1.63,78.0
2025-06-07 19:00:00,27.9,85,1.18,10.0
2025-06-07 20:00:00,27.8,86,1.06,0.0
2025-06-07 21:00:00,27.6,88,1.01,0.0
2025-06-07 22:00:00,27.5,88,1.06,0.0
2025-06-07 23:00:00,27.4,88,1.1,0.0
2025-06-08 00:00:00,27.0,89,1.84,0.0
2025-06-08 01:00:00,26.8,89,1.97,0.0
2025-06-08 02:00:00,26.9,88,1.14,0.0
2025-06-08 03:00:00,26.7,89,0.81,0.0
2025-06-08 04:00:00,26.5,88,0.79,0.0
2025-06-08 05:00:00,26.4,88,0.79,0.0
2025-06-08 06:00:00,27.0,90,0.16,6.0
2025-06-08 07:00:00,27.3,89,0.47,96.0
2025-06-08 08:00:00,27.9,87,0.55,246.0
2025-06-08 09:00:00,28.8,82,1.15,464.0
2025-06-08 10:00:00,29.6,76,1.96,619.0
2025-06-08 11:00:00,30.0,75,2.66,752.0
2025-06-08 12:00:00,30.3,74,3.15,813.0
2025-06-08 13:00:00,30.1,75,3.76,761.0
2025-06-08 14:00:00,30.0,78,3.6,715.0
2025-06-08 15:00:00,29.6,76,3.88,521.0
2025-06-08 16:00:00,29.6,75,3.59,436.0
2025-06-08 17:00:00,29.5,75,3.48,291.0
2025-06-08 18:00:00,29.4,79,3.36,138.0
2025-06-08 19:00:00,29.1,79,2.84,18.0
2025-06-08 20:00:00,28.9,81,2.8,0.0
2025-06-08 21:00:00,28.6,82,2.53,0.0
2025-06-08 22:00:00,28.3,83,2.15,0.0
2025-06-08 23:00:00,28.1,84,2.04,0.0
2025-06-09 00:00:00,27.7,86,1.89,0.0
2025-06-09 01:00:00,27.6,86,1.59,0.0
2025-06-09 02:00:00,27.4,84,1.57,0.0
2025-06-09 03:00:00,27.5,78,1.79,0.0
2025-06-09 04:00:00,27.4,76,1.64,0.0
2025-06-09 05:00:00,27.3,82,1.78,0.0
2025-06-09 06:00:00,28.1,81,1.7,8.0
2025-06-09 07:00:00,28.9,80,1.88,114.0
2025-06-09 08:00:00,29.8,72,2.76,283.0
2025-06-09 09:00:00,30.2,69,3.68,463.0
2025-06-09 10:00:00,30.5,69,4.08,612.0
2025-06-09 11:00:00,30.6,69,4.01,746.0
2025-06-09 12:00:00,30.8,69,4.66,850.0
2025-06-09 13:00:00,30.7,69,4.93,871.0
2025-06-09 14:00:00,30.6,70,5.21,832.0
2025-06-09 15:00:00,30.3,70,4.98,688.0
2025-06-09 16:00:00,29.9,72,4.56,489.0
2025-06-09 17:00:00,29.5,73,3.99,334.0
2025-06-09 18:00:00,29.5,76,3.21,137.0
2025-06-09 19:00:00,29.0,79,3.19,20.0
2025-06-09 20:00:00,28.7,80,2.78,0.0
2025-06-09 21:00:00,28.5,81,2.51,0.0
2025-06-09 22:00:00,28.1,83,2.0,0.0
2025-06-09 23:00:00,27.7,85,1.41,0.0
2025-06-10 00:00:00,27.4,86,1.53,0.0
2025-06-10 01:00:00,27.2,87,1.42,0.0
2025-06-10 02:00:00,27.2,86,2.03,0.0
2025-06-10 03:00:00,27.3,84,2.55,0.0
2025-06-10 04:00:00,27.3,84,2.32,0.0
2025-06-10 05:00:00,27.2,84,2.33,0.0
2025-06-10 06:00:00,27.6,84,1.66,7.0
2025-06-10 07:00:00,28.6,82,1.01,101.0
2025-06-10 08:00:00,29.2,78,1.45,249.0
2025-06-10 09:00:00,29.9,74,3.01,424.0
2025-06-10 10:00:00,30.3,72,3.98,573.0
2025-06-10 11:00:00,30.3,75,4.1,704.0
2025-06-10 12:00:00,30.5,74,4.36,810.0
2025-06-10 13:00:00,30.6,74,4.81,828.0
2025-06-10 14:00:00,30.5,74,4.87,746.0
2025-06-10 15:00:00,30.4,74,4.4,671.0
2025-06-10 16:00:00,30.1,73,4.26,488.0
2025-06-10 17:00:00,29.7,75,4.39,298.0
2025-06-10 18:00:00,28.9,81,3.54,146.0
2025-06-10 19:00:00,28.1,87,2.97,21.0
2025-06-10 20:00:00,28.5,85,2.34,0.0
2025-06-10 21:00:00,28.6,82,1.84,0.0
2025-06-10 22:00:00,28.4,81,2.5,0.0
2025-06-10 23:00:00,28.3,81,2.37,0.0
2025-06-11 00:00:00,27.9,84,1.75,0.0
2025-06-11 01:00:00,27.8,85,2.28,0.0
2025-06-11 02:00:00,28.0,83,3.29,0.0
2025-06-11 03:00:00,28.1,83,2.56,0.0
2025-06-11 04:00:00,28.0,84,2.44,0.0
2025-06-11 05:00:00,27.9,84,2.27,0.0
2025-06-11 06:00:00,28.2,87,1.86,6.0
2025-06-11 07:00:00,28.8,84,2.15,82.0
2025-06-11 08:00:00,29.4,80,3.13,222.0
2025-06-11 09:00:00,30.6,74,3.68,417.0
2025-06-11 10:00:00,31.2,71,3.82,637.0
2025-06-11 11:00:00,31.1,72,3.94,548.0
2025-06-11 12:00:00,31.7,68,4.11,786.0
2025-06-11 13:00:00,31.8,67,4.05,828.0
2025-06-11 14:00:00,31.6,67,4.14,797.0
2025-06-11 15:00:00,31.3,68,4.74,618.0
2025-06-11 16:00:00,30.9,69,4.67,518.0
2025-06-11 17:00:00,30.3,72,4.45,262.0
2025-06-11 18:00:00,30.4,76,3.34,125.0
2025-06-11 19:00:00,29.9,79,3.01,21.0
2025-06-11 20:00:00,29.7,80,2.28,0.0
2025-06-11 21:00:00,29.7,80,3.41,0.0
2025-06-11 22:00:00,29.6,79,3.21,0.0
2025-06-11 23:00:00,29.6,79,4.48,0.0
2025-06-12 00:00:00,29.3,81,3.85,0.0
2025-06-12 01:00:00,29.1,82,3.78,0.0
2025-06-12 02:00:00,29.0,82,3.91,0.0
2025-06-12 03:00:00,28.8,84,4.19,0.0
2025-06-12 04:00:00,29.0,82,4.55,0.0
2025-06-12 05:00:00,28.6,85,4.37,0.0
2025-06-12 06:00:00,29.2,82,3.33,2.0
2025-06-12 07:00:00,29.3,83,3.63,59.0
2025-06-12 08:00:00,29.4,81,4.96,240.0
2025-06-12 09:00:00,30.4,76,5.56,363.0
2025-06-12 10:00:00,31.3,72,6.58,624.0
2025-06-12 11:00:00,31.5,71,6.58,682.0
2025-06-12 12:00:00,31.2,73,6.33,712.0
2025-06-12 13:00:00,31.6,70,6.36,695.0
2025-06-12 14:00:00,31.3,71,5.59,561.0
2025-06-12 15:00:00,31.3,70,4.85,487.0
2025-06-12 16:00:00,30.7,72,4.82,288.0
2025-06-12 17:00:00,30.3,74,4.3,157.0
2025-06-12 18:00:00,30.4,76,2.86,136.0
2025-06-12 19:00:00,30.0,78,2.93,23.0
2025-06-12 20:00:00,30.0,78,3.07,0.0
2025-06-12 21:00:00,29.8,81,3.43,0.0
2025-06-12 22:00:00,29.5,83,3.2,0.0
2025-06-12 23:00:00,29.0,86,3.4,0.0
2025-06-13 00:00:00,29.0,86,3.67,0.0
2025-06-13 01:00:00,28.9,86,3.58,0.0
2025-06-13 02:00:00,28.8,87,3.15,0.0
2025-06-13 03:00:00,28.6,88,3.59,0.0
2025-06-13 04:00:00,28.2,90,3.68,0.0
2025-06-13 05:00:00,27.8,89,3.52,0.0
2025-06-13 06:00:00,27.0,93,2.16,1.0
2025-06-13 07:00:00,27.4,94,2.65,32.0
2025-06-13 08:00:00,28.1,90,3.19,177.0
2025-06-13 09:00:00,28.9,85,4.25,309.0
2025-06-13 10:00:00,29.5,78,4.87,369.0
2025-06-13 11:00:00,30.1,75,5.17,577.0
2025-06-13 12:00:00,30.5,75,5.08,779.0
2025-06-13 13:00:00,29.9,74,4.9,421.0
2025-06-13 14:00:00,29.5,76,5.53,304.0
2025-06-13 15:00:00,30.0,75,4.58,362.0
2025-06-13 16:00:00,29.5,77,3.85,209.0
2025-06-13 17:00:00,29.3,80,2.97,115.0
2025-06-13 18:00:00,27.1,88,2.36,101.0
2025-06-13 19:00:00,27.1,90,1.21,20.0
2025-06-13 20:00:00,26.9,91,0.96,0.0
2025-06-13 21:00:00,26.4,94,1.0,0.0
2025-06-13 22:00:00,26.3,97,1.35,0.0
2025-06-13 23:00:00,25.4,100,0.85,0.0
2025-06-14 00:00:00,25.6,96,1.63,0.0
2025-06-14 01:00:00,25.6,94,1.88,0.0
2025-06-14 02:00:00,25.4,96,2.38,0.0
2025-06-14 03:00:00,25.4,95,0.49,0.0
2025-06-14 04:00:00,25.6,94,0.87,0.0
2025-06-14 05:00:00,25.4,96,1.98,0.0
2025-06-14 06:00:00,26.3,95,1.42,4.0
2025-06-14 07:00:00,26.6,94,1.03,63.0
2025-06-14 08:00:00,27.4,93,1.5,168.0
2025-06-14 09:00:00,28.9,86,1.5,338.0
2025-06-14 10:00:00,29.8,82,1.43,458.0
2025-06-14 11:00:00,30.6,77,1.82,542.0
2025-06-14 12:00:00,30.5,77,2.33,537.0
2025-06-14 13:00:00,30.2,80,2.99,648.0
2025-06-14 14:00:00,30.1,81,2.87,645.0
2025-06-14 15:00:00,30.1,76,3.63,411.0
2025-06-14 16:00:00,27.7,88,2.61,172.0
2025-06-14 17:00:00,27.4,91,1.1,73.0
2025-06-14 18:00:00,28.3,91,3.52,86.0
2025-06-14 19:00:00,27.0,93,2.73,5.0
2025-06-14 20:00:00,27.1,96,1.0,0.0
2025-06-14 21:00:00,27.0,97,1.76,0.0
2025-06-14 22:00:00,26.4,98,2.47,0.0
2025-06-14 23:00:00,26.2,97,1.75,0.0
2025-06-15 00:00:00,26.2,97,1.87,0.0
2025-06-15 01:00:00,26.2,98,2.8,0.0
2025-06-15 02:00:00,26.2,98,3.0,0.0
2025-06-15 03:00:00,26.0,97,3.62,0.0
2025-06-15 04:00:00,25.6,97,3.86,0.0
2025-06-15 05:00:00,25.3,98,4.24,0.0
2025-06-15 06:00:00,26.3,97,0.7,1.0
2025-06-15 07:00:00,26.5,97,1.1,8.0
2025-06-15 08:00:00,26.7,95,0.85,47.0
2025-06-15 09:00:00,26.7,96,1.47,79.0
2025-06-15 10:00:00,26.9,92,2.83,116.0
2025-06-15 11:00:00,27.0,89,2.51,176.0
2025-06-15 12:00:00,27.0,90,2.17,185.0
2025-06-15 13:00:00,28.4,86,1.82,436.0
2025-06-15 14:00:00,29.6,80,2.9,682.0
2025-06-15 15:00:00,28.1,85,2.21,377.0
2025-06-15 16:00:00,27.3,89,0.98,148.0
2025-06-15 17:00:00,27.1,91,0.71,107.0
2025-06-15 18:00:00,26.7,93,1.17,26.0
2025-06-15 19:00:00,26.4,96,2.63,8.0
2025-06-15 20:00:00,25.8,97,1.6,0.0
2025-06-15 21:00:00,25.8,97,0.14,0.0
2025-06-15 22:00:00,26.0,96,2.31,0.0
2025-06-15 23:00:00,26.5,93,3.9,0.0
2025-06-16 00:00:00,26.3,91,4.38,0.0
2025-06-16 01:00:00,25.9,94,5.4,0.0
2025-06-16 02:00:00,25.7,94,5.44,0.0
2025-06-16 03:00:00,25.9,94,5.51,0.0
2025-06-16 04:00:00,25.8,93,7.09,0.0
2025-06-16 05:00:00,26.2,92,6.64,0.0
2025-06-16 06:00:00,26.0,92,5.1,1.0
2025-06-16 07:00:00,26.3,90,4.83,14.0
2025-06-16 08:00:00,26.0,94,7.16,74.0
2025-06-16 09:00:00,26.1,94,6.91,79.0
2025-06-16 10:00:00,27.0,90,8.0,85.0
2025-06-16 11:00:00,25.8,93,7.74,128.0
2025-06-16 12:00:00,26.2,92,7.29,74.0
2025-06-16 13:00:00,26.1,93,6.41,94.0
2025-06-16 14:00:00,26.4,92,7.06,77.0
2025-06-16 15:00:00,25.9,92,7.1,78.0
2025-06-16 16:00:00,26.6,90,6.69,52.0
2025-06-16 17:00:00,26.3,90,6.04,92.0
2025-06-16 18:00:00,25.9,93,4.86,22.0
2025-06-16 19:00:00,26.5,90,4.55,6.0
2025-06-16 20:00:00,27.2,87,4.72,0.0
2025-06-16 21:00:00,26.7,89,5.02,0.0
2025-06-16 22:00:00,26.2,89,5.73,0.0
2025-06-16 23:00:00,25.9,88,4.64,0.0
2025-06-17 00:00:00,26.1,92,5.3,0.0
2025-06-17 01:00:00,26.4,89,5.31,0.0
2025-06-17 02:00:00,26.7,89,5.37,0.0
2025-06-17 03:00:00,26.9,89,5.52,0.0
2025-06-17 04:00:00,26.1,92,4.65,0.0
2025-06-17 05:00:00,26.4,91,5.39,0.0
2025-06-17 06:00:00,27.1,85,6.95,7.0
2025-06-17 07:00:00,27.4,87,5.67,67.0
2025-06-17 08:00:00,28.5,83,5.47,218.0
2025-06-17 09:00:00,28.9,80,5.92,402.0
2025-06-17 10:00:00,29.2,77,6.44,608.0
2025-06-17 11:00:00,29.5,75,6.28,616.0
2025-06-17 12:00:00,29.3,78,6.19,710.0
2025-06-17 13:00:00,28.9,80,5.89,743.0
2025-06-17 14:00:00,27.7,83,5.88,729.0
2025-06-17 15:00:00,26.7,84,6.79,381.0
2025-06-17 16:00:00,27.3,86,5.53,183.0
2025-06-17 17:00:00,27.9,84,5.33,249.0
2025-06-17 18:00:00,28.4,83,6.06,167.0
2025-06-17 19:00:00,28.1,84,6.19,25.0
2025-06-17 20:00:00,27.4,85,6.04,0.0
2025-06-17 21:00:00,27.1,84,6.06,0.0
2025-06-17 22:00:00,26.4,90,5.38,0.0
2025-06-17 23:00:00,25.7,92,5.76,0.0
2025-06-18 00:00:00,26.8,92,6.09,0.0
2025-06-18 01:00:00,26.3,90,5.8,0.0
2025-06-18 02:00:00,25.9,91,6.19,0.0
2025-06-18 03:00:00,26.5,89,5.92,0.0
2025-06-18 04:00:00,26.2,91,6.11,0.0
2025-06-18 05:00:00,26.2,93,5.95,0.0
2025-06-18 06:00:00,26.4,93,5.12,4.0
2025-06-18 07:00:00,26.8,90,6.03,63.0
2025-06-18 08:00:00,27.1,89,5.4,111.0
2025-06-18 09:00:00,27.4,87,5.58,347.0
2025-06-18 10:00:00,27.8,84,6.37,361.0
2025-06-18 11:00:00,28.4,82,6.01,469.0
2025-06-18 12:00:00,28.4,83,6.85,608.0
2025-06-18 13:00:00,27.9,86,5.93,511.0
2025-06-18 14:00:00,28.2,83,6.15,533.0
2025-06-18 15:00:00,27.8,85,6.04,327.0
2025-06-18 16:00:00,27.2,89,7.32,218.0
2025-06-18 17:00:00,27.1,88,6.96,138.0
2025-06-18 18:00:00,26.8,94,4.47,17.0
2025-06-18 19:00:00,26.6,93,5.53,4.0
2025-06-18 20:00:00,26.6,92,5.36,0.0
2025-06-18 21:00:00,26.9,92,5.02,0.0
2025-06-18 22:00:00,26.7,92,5.26,0.0
2025-06-18 23:00:00,26.1,92,5.43,0.0
2025-06-19 00:00:00,26.1,92,5.42,0.0
2025-06-19 01:00:00,26.6,91,5.5,0.0
2025-06-19 02:00:00,26.5,91,5.34,0.0
2025-06-19 03:00:00,26.4,90,5.41,0.0
2025-06-19 04:00:00,26.6,90,5.42,0.0
2025-06-19 05:00:00,26.4,91,5.74,0.0
2025-06-19 06:00:00,26.8,90,6.58,1.0
2025-06-19 07:00:00,27.1,92,5.0,9.0
2025-06-19 08:00:00,27.0,92,6.09,46.0
2025-06-19 09:00:00,27.9,87,6.17,117.0
2025-06-19 10:00:00,27.1,89,6.09,91.0
2025-06-19 11:00:00,25.6,91,6.19,81.0
2025-06-19 12:00:00,24.4,98,4.24,104.0
2025-06-19 13:00:00,26.3,90,4.7,96.0
2025-06-19 14:00:00,25.3,90,3.45,189.0
2025-06-19 15:00:00,24.5,93,0.89,106.0
2025-06-19 16:00:00,25.0,96,3.51,101.0
2025-06-19 17:00:00,26.2,90,3.52,54.0
2025-06-19 18:00:00,28.4,84,5.95,35.0
2025-06-19 19:00:00,26.7,91,4.11,11.0
2025-06-19 20:00:00,27.3,90,4.48,0.0
2025-06-19 21:00:00,26.8,89,4.54,0.0
2025-06-19 22:00:00,26.8,88,4.29,0.0
2025-06-19 23:00:00,25.6,92,3.74,0.0
2025-06-20 00:00:00,26.0,92,3.61,0.0
2025-06-20 01:00:00,26.4,90,4.19,0.0
2025-06-20 02:00:00,27.5,88,4.88,0.0
2025-06-20 03:00:00,27.6,84,5.61,0.0
2025-06-20 04:00:00,27.3,82,5.39,0.0
2025-06-20 05:00:00,26.7,86,5.43,0.0
2025-06-20 06:00:00,28.1,84,4.3,4.0
2025-06-20 07:00:00,28.6,80,4.59,97.0
2025-06-20 08:00:00,29.5,75,4.61,271.0
2025-06-20 09:00:00,29.2,74,5.23,410.0
2025-06-20 10:00:00,29.0,76,5.69,554.0
2025-06-20 11:00:00,29.5,79,5.27,685.0
2025-06-20 12:00:00,27.6,84,4.58,488.0
2025-06-20 13:00:00,28.2,80,4.54,628.0
2025-06-20 14:00:00,27.9,82,5.24,789.0
2025-06-20 15:00:00,27.6,83,5.56,495.0
2025-06-20 16:00:00,27.7,82,5.55,338.0
2025-06-20 17:00:00,27.4,83,5.27,204.0
2025-06-20 18:00:00,28.0,86,4.28,145.0
2025-06-20 19:00:00,26.1,91,4.14,21.0
2025-06-20 20:00:00,26.6,90,3.98,0.0
2025-06-20 21:00:00,26.8,87,3.57,0.0
2025-06-20 22:00:00,26.7,87,3.35,0.0
2025-06-20 23:00:00,26.4,91,4.44,0.0
2025-06-21 00:00:00,25.5,93,3.69,0.0
2025-06-21 01:00:00,25.4,94,3.43,0.0
2025-06-21 02:00:00,24.9,96,3.15,0.0
2025-06-21 03:00:00,24.9,92,3.68,0.0
2025-06-21 04:00:00,25.3,94,3.4,0.0
2025-06-21 05:00:00,25.4,93,3.4,0.0
2025-06-21 06:00:00,27.6,83,3.92,6.0
2025-06-21 07:00:00,28.3,85,3.5,86.0
2025-06-21 08:00:00,28.6,84,3.65,295.0
2025-06-21 09:00:00,29.2,82,4.6,430.0
2025-06-21 10:00:00,27.5,85,4.5,555.0
2025-06-21 11:00:00,29.5,80,5.25,400.0
2025-06-21 12:00:00,29.4,78,5.68,645.0
2025-06-21 13:00:00,30.1,75,5.31,694.0
2025-06-21 14:00:00,28.7,81,5.21,739.0
2025-06-21 15:00:00,28.6,82,4.21,426.0
2025-06-21 16:00:00,28.3,81,4.93,418.0
2025-06-21 17:00:00,28.6,81,4.41,210.0
2025-06-21 18:00:00,28.5,82,5.01,108.0
2025-06-21 19:00:00,28.3,82,5.32,25.0
2025-06-21 20:00:00,28.4,78,5.23,0.0
2025-06-21 21:00:00,28.1,82,4.7,0.0
2025-06-21 22:00:00,27.9,84,4.2,0.0
2025-06-21 23:00:00,27.0,84,4.01,0.0
2025-06-22 00:00:00,27.0,88,4.14,0.0
2025-06-22 01:00:00,25.9,90,4.07,0.0
2025-06-22 02:00:00,25.9,89,4.56,0.0
2025-06-22 03:00:00,26.3,88,5.37,0.0
2025-06-22 04:00:00,26.6,89,4.38,0.0
2025-06-22 05:00:00,25.7,90,4.15,0.0
2025-06-22 06:00:00,27.9,77,4.56,4.0
2025-06-22 07:00:00,27.5,82,5.21,73.0
2025-06-22 08:00:00,28.5,82,5.06,197.0
2025-06-22 09:00:00,27.4,82,5.62,446.0
2025-06-22 10:00:00,28.6,80,4.57,416.0
2025-06-22 11:00:00,28.9,81,3.96,512.0
2025-06-22 12:00:00,29.2,78,5.15,578.0
2025-06-22 13:00:00,28.5,82,5.3,581.0
2025-06-22 14:00:00,28.9,79,5.28,579.0
2025-06-22 15:00:00,29.1,77,6.11,635.0
2025-06-22 16:00:00,28.8,75,6.42,491.0
2025-06-22 17:00:00,28.4,79,5.06,228.0
2025-06-22 18:00:00,28.3,79,5.43,161.0
2025-06-22 19:00:00,26.4,87,4.83,22.0
2025-06-22 20:00:00,26.8,87,4.85,0.0
2025-06-22 21:00:00,27.0,86,4.25,0.0
2025-06-22 22:00:00,26.0,89,4.68,0.0
2025-06-22 23:00:00,25.8,90,4.46,0.0
2025-06-23 00:00:00,26.2,91,4.75,0.0
2025-06-23 01:00:00,26.1,90,4.95,0.0
2025-06-23 02:00:00,26.1,91,4.84,0.0
2025-06-23 03:00:00,25.9,91,4.56,0.0
2025-06-23 04:00:00,26.3,91,4.47,0.0
2025-06-23 05:00:00,26.2,90,4.37,0.0
2025-06-23 06:00:00,27.9,82,5.86,6.0
2025-06-23 07:00:00,27.0,87,6.21,83.0
2025-06-23 08:00:00,28.3,81,4.88,179.0
2025-06-23 09:00:00,26.6,87,4.35,319.0
2025-06-23 10:00:00,27.8,84,4.33,348.0
2025-06-23 11:00:00,27.5,84,4.83,328.0
2025-06-23 12:00:00,28.1,84,4.1,365.0
2025-06-23 13:00:00,27.5,81,6.9,600.0
2025-06-23 14:00:00,27.1,81,5.43,198.0
2025-06-23 15:00:00,27.6,82,4.78,182.0
2025-06-23 16:00:00,27.1,85,5.01,388.0
2025-06-23 17:00:00,27.0,83,5.66,284.0
2025-06-23 18:00:00,26.5,85,6.4,109.0
2025-06-23 19:00:00,26.2,89,5.97,14.0
2025-06-23 20:00:00,26.3,88,5.57,0.0
2025-06-23 21:00:00,26.2,91,5.68,0.0
2025-06-23 22:00:00,26.3,91,6.53,0.0
2025-06-23 23:00:00,25.5,92,6.42,0.0
2025-06-24 00:00:00,26.1,92,5.68,0.0
2025-06-24 01:00:00,25.8,90,4.88,0.0
2025-06-24 02:00:00,25.9,90,4.74,0.0
2025-06-24 03:00:00,25.5,91,5.24,0.0
2025-06-24 04:00:00,25.4,94,5.41,0.0
2025-06-24 05:00:00,25.5,94,6.6,0.0
2025-06-24 06:00:00,26.6,89,4.46,2.0
2025-06-24 07:00:00,25.7,95,3.07,24.0
2025-06-24 08:00:00,26.8,90,3.26,59.0
2025-06-24 09:00:00,26.5,91,3.72,139.0
2025-06-24 10:00:00,27.8,86,2.9,366.0
2025-06-24 11:00:00,27.2,83,4.35,314.0
2025-06-24 12:00:00,25.7,88,4.53,361.0
2025-06-24 13:00:00,28.1,84,3.98,508.0
2025-06-24 14:00:00,28.8,78,5.24,323.0
2025-06-24 15:00:00,29.1,77,6.03,396.0
2025-06-24 16:00:00,28.8,77,6.64,286.0
2025-06-24 17:00:00,28.8,78,6.66,204.0
2025-06-24 18:00:00,28.3,83,5.22,32.0
2025-06-24 19:00:00,28.3,84,5.12,9.0
2025-06-24 20:00:00,27.9,82,5.69,0.0
2025-06-24 21:00:00,26.3,88,3.27,0.0
2025-06-24 22:00:00,26.4,90,4.99,0.0
2025-06-24 23:00:00,27.1,90,4.87,0.0
2025-06-25 00:00:00,26.7,89,4.76,0.0
2025-06-25 01:00:00,27.9,84,5.8,0.0
2025-06-25 02:00:00,27.1,86,5.5,0.0
2025-06-25 03:00:00,28.0,79,6.45,0.0
2025-06-25 04:00:00,28.2,77,6.13,0.0
2025-06-25 05:00:00,27.9,77,6.48,0.0
2025-06-25 06:00:00,27.9,80,6.07,5.0
2025-06-25 07:00:00,28.3,82,5.79,61.0
2025-06-25 08:00:00,29.2,76,6.06,239.0
2025-06-25 09:00:00,28.9,78,6.13,441.0
2025-06-25 10:00:00,29.2,77,5.64,485.0
2025-06-25 11:00:00,28.1,84,5.29,626.0
2025-06-25 12:00:00,30.0,75,6.07,620.0
2025-06-25 13:00:00,29.7,78,5.68,751.0
2025-06-25 14:00:00,29.2,80,6.42,708.0
2025-06-25 15:00:00,29.2,75,6.71,614.0
2025-06-25 16:00:00,28.8,80,6.44,477.0
2025-06-25 17:00:00,28.4,84,5.98,291.0
2025-06-25 18:00:00,28.3,83,5.01,143.0
2025-06-25 19:00:00,27.8,85,4.63,24.0
2025-06-25 20:00:00,27.0,88,4.42,0.0
2025-06-25 21:00:00,26.7,90,3.63,0.0
2025-06-25 22:00:00,26.4,89,2.89,0.0
2025-06-25 23:00:00,26.4,91,4.6,0.0
2025-06-26 00:00:00,25.3,94,3.46,0.0
2025-06-26 01:00:00,25.7,95,4.7,0.0
2025-06-26 02:00:00,25.7,94,4.1,0.0
2025-06-26 03:00:00,26.1,94,4.01,0.0
2025-06-26 04:00:00,25.9,92,3.17,0.0
2025-06-26 05:00:00,25.6,94,3.72,0.0
2025-06-26 06:00:00,27.5,85,4.6,3.0
2025-06-26 07:00:00,28.2,84,4.08,97.0
2025-06-26 08:00:00,28.6,80,4.28,238.0
2025-06-26 09:00:00,28.6,79,4.47,378.0
2025-06-26 10:00:00,27.9,84,3.94,444.0
2025-06-26 11:00:00,26.9,86,4.75,374.0
2025-06-26 12:00:00,27.6,82,4.32,304.0
2025-06-26 13:00:00,26.8,85,4.48,244.0
2025-06-26 14:00:00,25.8,91,5.03,150.0
2025-06-26 15:00:00,26.2,90,4.66,119.0
2025-06-26 16:00:00,26.6,90,3.54,95.0
2025-06-26 17:00:00,26.0,90,3.77,161.0
2025-06-26 18:00:00,26.3,93,4.49,39.0
2025-06-26 19:00:00,26.0,91,3.55,9.0
2025-06-26 20:00:00,26.9,92,3.82,0.0
2025-06-26 21:00:00,26.5,90,4.62,0.0
2025-06-26 22:00:00,27.1,85,4.25,0.0
2025-06-26 23:00:00,27.4,84,4.93,0.0
2025-06-27 00:00:00,27.2,84,5.25,0.0
2025-06-27 01:00:00,27.2,84,4.92,0.0
2025-06-27 02:00:00,26.5,87,5.28,0.0
2025-06-27 03:00:00,25.9,86,4.65,0.0
2025-06-27 04:00:00,25.9,90,3.8,0.0
2025-06-27 05:00:00,24.9,93,4.62,0.0
2025-06-27 06:00:00,27.5,83,5.54,3.0
2025-06-27 07:00:00,27.6,83,4.9,51.0
2025-06-27 08:00:00,26.9,82,6.23,167.0
2025-06-27 09:00:00,28.3,84,4.47,270.0
2025-06-27 10:00:00,26.7,86,5.23,534.0
2025-06-27 11:00:00,28.3,78,4.32,592.0
2025-06-27 12:00:00,28.1,80,5.8,788.0
2025-06-27 13:00:00,28.5,81,4.63,632.0
2025-06-27 14:00:00,28.8,79,5.78,752.0
2025-06-27 15:00:00,27.4,82,5.89,612.0
2025-06-27 16:00:00,27.3,82,5.8,233.0
2025-06-27 17:00:00,27.2,81,5.81,129.0
2025-06-27 18:00:00,27.6,85,5.11,33.0
2025-06-27 19:00:00,27.7,81,5.5,24.0
2025-06-27 20:00:00,27.6,81,5.24,0.0
2025-06-27 21:00:00,27.5,81,5.41,0.0
2025-06-27 22:00:00,26.8,83,4.84,0.0
2025-06-27 23:00:00,27.0,82,4.63,0.0
2025-06-28 00:00:00,26.0,87,4.88,0.0
2025-06-28 01:00:00,26.3,85,4.6,0.0
2025-06-28 02:00:00,26.2,81,4.6,0.0
2025-06-28 03:00:00,26.9,81,4.58,0.0
2025-06-28 04:00:00,26.4,81,4.54,0.0
2025-06-28 05:00:00,26.9,83,4.18,0.0
2025-06-28 06:00:00,27.8,73,6.59,4.0
2025-06-28 07:00:00,27.9,76,6.75,64.0
2025-06-28 08:00:00,27.4,80,6.25,145.0
2025-06-28 09:00:00,27.7,81,6.43,168.0
2025-06-28 10:00:00,27.6,81,6.55,593.0
2025-06-28 11:00:00,28.9,75,7.21,682.0
2025-06-28 12:00:00,29.4,72,7.14,718.0
2025-06-28 13:00:00,28.7,77,6.05,688.0
2025-06-28 14:00:00,28.7,77,7.07,730.0
2025-06-28 15:00:00,28.5,77,6.67,554.0
2025-06-28 16:00:00,28.1,80,6.55,543.0
2025-06-28 17:00:00,27.9,80,6.35,228.0
2025-06-28 18:00:00,28.0,79,6.58,132.0
2025-06-28 19:00:00,27.5,82,6.2,24.0
2025-06-28 20:00:00,26.3,84,6.6,0.0
2025-06-28 21:00:00,26.1,87,5.32,0.0
2025-06-28 22:00:00,25.7,88,4.95,0.0
2025-06-28 23:00:00,25.9,92,4.9,0.0
2025-06-29 00:00:00,25.7,92,4.7,0.0
2025-06-29 01:00:00,26.4,90,5.28,0.0
2025-06-29 02:00:00,25.9,90,5.06,0.0
2025-06-29 03:00:00,25.7,90,4.6,0.0
2025-06-29 04:00:00,25.8,92,4.44,0.0
2025-06-29 05:00:00,26.2,86,5.11,0.0
2025-06-29 06:00:00,28.0,79,3.47,3.0
2025-06-29 07:00:00,27.9,82,4.76,54.0
2025-06-29 08:00:00,28.5,78,5.69,160.0
2025-06-29 09:00:00,27.2,85,4.78,306.0
2025-06-29 10:00:00,27.6,84,5.27,279.0
2025-06-29 11:00:00,27.2,86,5.44,394.0
2025-06-29 12:00:00,27.4,82,6.11,510.0
2025-06-29 13:00:00,28.6,80,4.5,332.0
2025-06-29 14:00:00,28.9,76,5.47,465.0
2025-06-29 15:00:00,27.8,81,3.91,240.0
2025-06-29 16:00:00,28.8,78,5.16,259.0
2025-06-29 17:00:00,27.4,83,4.7,208.0
2025-06-29 18:00:00,28.0,82,4.5,141.0
2025-06-29 19:00:00,27.8,83,4.88,17.0
2025-06-29 20:00:00,27.6,83,5.2,0.0
2025-06-29 21:00:00,27.4,83,4.91,0.0
2025-06-29 22:00:00,26.5,82,5.29,0.0
2025-06-29 23:00:00,26.5,85,4.7,0.0
2025-06-30 00:00:00,26.6,89,5.25,0.0
2025-06-30 01:00:00,25.2,89,3.86,0.0
2025-06-30 02:00:00,25.5,89,4.92,0.0
2025-06-30 03:00:00,25.4,89,5.0,0.0
2025-06-30 04:00:00,24.8,93,4.82,0.0
2025-06-30 05:00:00,25.6,89,5.3,0.0
2025-06-30 06:00:00,27.0,86,4.3,3.0
2025-06-30 07:00:00,27.9,83,4.81,88.0
2025-06-30 08:00:00,27.4,83,5.01,175.0
2025-06-30 09:00:00,28.3,79,4.65,284.0
2025-06-30 10:00:00,28.4,81,4.59,553.0
2025-06-30 11:00:00,28.7,78,5.84,709.0
2025-06-30 12:00:00,29.1,75,5.52,498.0
2025-06-30 13:00:00,28.9,77,5.81,715.0
2025-06-30 14:00:00,28.5,77,6.12,675.0
2025-06-30 15:00:00,28.6,74,6.36,485.0
2025-06-30 16:00:00,27.8,79,5.85,516.0
2025-06-30 17:00:00,27.5,80,5.29,229.0
2025-06-30 18:00:00,26.4,85,6.51,74.0
2025-06-30 19:00:00,24.8,91,3.19,9.0
2025-06-30 20:00:00,25.3,93,4.19,0.0
2025-06-30 21:00:00,26.6,86,4.78,0.0
2025-06-30 22:00:00,26.6,86,3.54,0.0
2025-06-30 23:00:00,25.3,91,4.48,0.0
2025-07-01 00:00:00,25.5,90,4.26,0.0
2025-07-01 01:00:00,24.5,96,4.15,0.0
2025-07-01 02:00:00,24.8,95,3.22,0.0
2025-07-01 03:00:00,24.7,94,3.42,0.0
2025-07-01 04:00:00,25.2,91,4.43,0.0
2025-07-01 05:00:00,25.1,93,2.06,0.0
2025-07-01 06:00:00,27.6,82,4.7,2.0
2025-07-01 07:00:00,28.1,81,4.82,66.0
2025-07-01 08:00:00,28.1,78,5.31,172.0
2025-07-01 09:00:00,27.9,82,4.79,308.0
2025-07-01 10:00:00,27.7,86,2.28,411.0
2025-07-01 11:00:00,28.5,78,5.33,335.0
2025-07-01 12:00:00,28.6,78,5.14,392.0
2025-07-01 13:00:00,28.8,78,4.87,439.0
2025-07-01 14:00:00,28.3,79,5.2,575.0
2025-07-01 15:00:00,28.1,81,4.5,363.0
2025-07-01 16:00:00,26.2,87,4.36,256.0
2025-07-01 17:00:00,26.4,87,4.33,105.0
2025-07-01 18:00:00,28.0,83,4.97,111.0
2025-07-01 19:00:00,28.0,80,5.13,14.0
2025-07-01 20:00:00,27.4,85,5.22,0.0
2025-07-01 21:00:00,26.3,88,5.11,0.0
2025-07-01 22:00:00,25.3,93,2.96,0.0
2025-07-01 23:00:00,25.9,90,4.48,0.0
2025-07-02 00:00:00,25.8,92,3.61,0.0
2025-07-02 01:00:00,25.1,94,4.81,0.0
2025-07-02 02:00:00,25.3,95,4.21,0.0
2025-07-02 03:00:00,25.3,93,3.01,0.0
2025-07-02 04:00:00,25.3,94,3.32,0.0
2025-07-02 05:00:00,26.0,90,4.26,0.0
2025-07-02 06:00:00,28.2,79,5.06,2.0
2025-07-02 07:00:00,27.7,80,5.06,35.0
2025-07-02 08:00:00,28.1,78,4.57,182.0
2025-07-02 09:00:00,28.3,78,5.42,244.0
2025-07-02 10:00:00,27.9,85,4.51,370.0
2025-07-02 11:00:00,28.7,78,5.03,522.0
2025-07-02 12:00:00,26.7,87,4.98,318.0
2025-07-02 13:00:00,25.4,92,4.67,204.0
2025-07-02 14:00:00,27.1,85,3.78,545.0
2025-07-02 15:00:00,26.8,85,4.6,314.0
2025-07-02 16:00:00,26.2,90,4.19,139.0
2025-07-02 17:00:00,26.1,88,4.34,98.0
2025-07-02 18:00:00,26.6,89,4.58,102.0
2025-07-02 19:00:00,26.1,90,4.9,14.0
2025-07-02 20:00:00,25.7,92,3.02,0.0
2025-07-02 21:00:00,26.3,90,4.29,0.0
2025-07-02 22:00:00,26.5,90,4.47,0.0
2025-07-02 23:00:00,26.4,90,5.19,0.0
2025-07-03 00:00:00,25.5,91,4.69,0.0
2025-07-03 01:00:00,24.9,92,3.82,0.0
2025-07-03 02:00:00,25.1,93,3.58,0.0
2025-07-03 03:00:00,24.8,94,3.48,0.0
2025-07-03 04:00:00,25.0,93,4.55,0.0
2025-07-03 05:00:00,25.4,92,3.2,0.0
2025-07-03 06:00:00,27.2,84,4.92,3.0
2025-07-03 07:00:00,26.9,85,5.39,81.0
2025-07-03 08:00:00,27.6,83,4.15,180.0
2025-07-03 09:00:00,28.3,81,4.11,343.0
2025-07-03 10:00:00,27.7,84,4.21,584.0
2025-07-03 11:00:00,27.4,81,5.02,534.0
2025-07-03 12:00:00,26.9,85,5.39,531.0
2025-07-03 13:00:00,28.1,81,5.19,544.0
2025-07-03 14:00:00,27.8,78,5.62,519.0
2025-07-03 15:00:00,27.6,79,6.27,560.0
2025-07-03 16:00:00,26.7,84,4.38,291.0
2025-07-03 17:00:00,26.2,84,6.09,303.0
2025-07-03 18:00:00,26.9,87,4.98,139.0
2025-07-03 19:00:00,26.3,88,5.67,20.0
2025-07-03 20:00:00,25.6,91,4.47,0.0
2025-07-03 21:00:00,25.6,91,3.63,0.0
2025-07-03 22:00:00,25.5,92,5.73,0.0
2025-07-03 23:00:00,25.6,91,5.55,0.0
2025-07-04 00:00:00,26.3,90,5.02,0.0
2025-07-04 01:00:00,26.2,88,5.12,0.0
2025-07-04 02:00:00,25.5,91,5.46,0.0
2025-07-04 03:00:00,25.8,89,5.07,0.0
2025-07-04 04:00:00,25.9,88,5.32,0.0
2025-07-04 05:00:00,25.5,90,5.62,0.0
2025-07-04 06:00:00,26.8,84,5.02,2.0
2025-07-04 07:00:00,26.9,82,5.7,46.0
2025-07-04 08:00:00,27.3,80,5.57,138.0
2025-07-04 09:00:00,27.5,79,5.49,252.0
2025-07-04 10:00:00,27.9,77,5.8,408.0
2025-07-04 11:00:00,27.2,80,5.73,483.0
2025-07-04 12:00:00,27.4,82,4.76,391.0
2025-07-04 13:00:00,26.9,84,6.02,742.0
2025-07-04 14:00:00,28.0,81,5.48,588.0
2025-07-04 15:00:00,27.5,84,4.81,545.0
2025-07-04 16:00:00,27.5,83,4.15,299.0
2025-07-04 17:00:00,25.8,89,3.67,259.0
2025-07-04 18:00:00,27.7,81,4.96,106.0
2025-07-04 19:00:00,27.3,82,4.44,19.0
2025-07-04 20:00:00,26.8,85,4.83,0.0
2025-07-04 21:00:00,26.4,86,5.41,0.0
2025-07-04 22:00:00,26.2,89,5.08,0.0
2025-07-04 23:00:00,26.4,87,5.87,0.0
2025-07-05 00:00:00,26.2,89,5.7,0.0
2025-07-05 01:00:00,26.5,89,5.34,0.0
2025-07-05 02:00:00,25.8,89,5.76,0.0
2025-07-05 03:00:00,25.9,90,5.16,0.0
2025-07-05 04:00:00,26.1,88,5.05,0.0
2025-07-05 05:00:00,26.0,89,5.01,0.0
2025-07-05 06:00:00,25.8,88,5.81,3.0
2025-07-05 07:00:00,26.8,87,6.49,56.0
2025-07-05 08:00:00,27.2,83,5.24,227.0
2025-07-05 09:00:00,27.3,84,4.05,228.0
2025-07-05 10:00:00,27.5,83,4.25,248.0
2025-07-05 11:00:00,27.5,83,5.27,345.0
2025-07-05 12:00:00,27.5,83,6.14,522.0
2025-07-05 13:00:00,26.9,85,5.93,312.0
2025-07-05 14:00:00,27.2,85,4.98,246.0
2025-07-05 15:00:00,27.5,83,5.99,564.0
2025-07-05 16:00:00,27.1,83,5.43,343.0
2025-07-05 17:00:00,26.1,87,5.57,163.0
2025-07-05 18:00:00,27.0,82,5.8,98.0
2025-07-05 19:00:00,26.4,85,5.21,17.0
2025-07-05 20:00:00,26.9,81,6.11,0.0
2025-07-05 21:00:00,26.9,82,5.58,0.0
2025-07-05 22:00:00,26.0,87,4.97,0.0
2025-07-05 23:00:00,26.0,87,6.11,0.0
2025-07-06 00:00:00,26.2,90,5.06,0.0
2025-07-06 01:00:00,26.3,88,5.39,0.0
2025-07-06 02:00:00,26.4,90,4.88,0.0
2025-07-06 03:00:00,26.0,88,4.85,0.0
2025-07-06 04:00:00,26.4,86,5.22,0.0
2025-07-06 05:00:00,26.2,88,5.36,0.0
2025-07-06 06:00:00,25.7,89,6.08,1.0
2025-07-06 07:00:00,26.5,84,7.37,13.0
2025-07-06 08:00:00,26.6,87,5.14,130.0
2025-07-06 09:00:00,27.0,83,5.94,181.0
2025-07-06 10:00:00,26.3,85,6.73,192.0
2025-07-06 11:00:00,27.0,87,4.79,144.0
2025-07-06 12:00:00,27.5,82,5.17,315.0
2025-07-06 13:00:00,27.6,84,4.72,351.0
2025-07-06 14:00:00,27.3,85,5.95,463.0
2025-07-06 15:00:00,26.3,87,5.95,265.0
2025-07-06 16:00:00,26.5,87,5.35,206.0
2025-07-06 17:00:00,26.4,86,6.91,189.0
2025-07-06 18:00:00,26.2,91,5.07,48.0
2025-07-06 19:00:00,26.1,91,4.62,5.0
2025-07-06 20:00:00,26.0,89,5.47,0.0
2025-07-06 21:00:00,26.1,91,4.04,0.0
2025-07-06 22:00:00,26.0,89,4.26,0.0
2025-07-06 23:00:00,25.6,91,4.83,0.0
2025-07-07 00:00:00,25.5,92,2.87,0.0
2025-07-07 01:00:00,26.3,91,4.26,0.0
2025-07-07 02:00:00,26.3,88,4.59,0.0
2025-07-07 03:00:00,26.3,89,5.56,0.0
2025-07-07 04:00:00,26.3,90,5.0,0.0
2025-07-07 05:00:00,26.9,87,5.06,0.0
2025-07-07 06:00:00,26.9,85,5.09,2.0
2025-07-07 07:00:00,26.5,84,4.74,63.0
2025-07-07 08:00:00,26.2,88,4.17,93.0
2025-07-07 09:00:00,26.7,87,3.52,163.0
2025-07-07 10:00:00,27.5,83,4.83,317.0
2025-07-07 11:00:00,28.0,83,5.34,327.0
2025-07-07 12:00:00,28.4,78,6.32,429.0
2025-07-07 13:00:00,27.8,80,5.31,494.0
2025-07-07 14:00:00,28.6,77,5.54,420.0
2025-07-07 15:00:00,28.4,74,5.28,339.0
2025-07-07 16:00:00,27.7,79,5.29,138.0
2025-07-07 17:00:00,27.6,82,5.28,89.0
2025-07-07 18:00:00,27.5,83,5.38,38.0
2025-07-07 19:00:00,27.4,83,5.64,7.0
2025-07-07 20:00:00,27.3,84,4.97,0.0
2025-07-07 21:00:00,26.5,87,4.76,0.0
2025-07-07 22:00:00,25.8,91,4.24,0.0
2025-07-07 23:00:00,27.3,85,4.88,0.0
2025-07-08 00:00:00,27.4,85,5.25,0.0
2025-07-08 01:00:00,27.3,84,5.3,0.0
2025-07-08 02:00:00,27.3,85,5.15,0.0
2025-07-08 03:00:00,27.3,85,4.49,0.0
2025-07-08 04:00:00,27.1,80,4.44,0.0
2025-07-08 05:00:00,26.9,84,4.71,0.0
2025-07-08 06:00:00,26.9,84,4.52,2.0
2025-07-08 07:00:00,27.7,82,4.84,50.0
2025-07-08 08:00:00,27.9,76,6.07,176.0
2025-07-08 09:00:00,27.6,83,5.08,181.0
2025-07-08 10:00:00,28.2,81,5.43,503.0
2025-07-08 11:00:00,27.7,82,6.02,537.0
2025-07-08 12:00:00,28.6,81,5.26,507.0
2025-07-08 13:00:00,27.9,83,4.67,407.0
2025-07-08 14:00:00,27.8,82,5.38,309.0
2025-07-08 15:00:00,28.2,79,6.08,338.0
2025-07-08 16:00:00,28.5,77,6.39,469.0
2025-07-08 17:00:00,28.0,81,5.79,207.0
2025-07-08 18:00:00,27.6,84,5.09,67.0
2025-07-08 19:00:00,27.7,81,4.69,11.0
2025-07-08 20:00:00,27.3,85,4.7,0.0
2025-07-08 21:00:00,27.2,85,4.78,0.0
2025-07-08 22:00:00,27.2,84,4.79,0.0
2025-07-08 23:00:00,26.4,87,4.84,0.0
2025-07-09 00:00:00,26.8,87,4.71,0.0
2025-07-09 01:00:00,26.7,85,4.95,0.0
2025-07-09 02:00:00,26.7,84,5.2,0.0
2025-07-09 03:00:00,26.7,83,4.95,0.0
2025-07-09 04:00:00,26.4,86,4.89,0.0
2025-07-09 05:00:00,26.2,90,4.32,0.0
2025-07-09 06:00:00,26.7,86,3.01,1.0
2025-07-09 07:00:00,27.2,83,4.05,59.0
2025-07-09 08:00:00,25.7,90,2.5,110.0
2025-07-09 09:00:00,25.8,91,2.1,133.0
2025-07-09 10:00:00,26.1,91,1.68,203.0
2025-07-09 11:00:00,27.1,87,1.85,355.0
2025-07-09 12:00:00,27.5,84,3.78,447.0
2025-07-09 13:00:00,26.8,84,5.25,358.0
2025-07-09 14:00:00,26.0,88,2.76,325.0
2025-07-09 15:00:00,27.3,83,3.18,567.0
2025-07-09 16:00:00,26.4,83,3.72,409.0
2025-07-09 17:00:00,25.8,89,3.39,202.0
2025-07-09 18:00:00,27.4,92,2.87,56.0
2025-07-09 19:00:00,27.3,90,3.91,15.0
2025-07-09 20:00:00,27.3,89,3.52,0.0
2025-07-09 21:00:00,27.2,88,3.79,0.0
2025-07-09 22:00:00,26.9,89,4.19,0.0
2025-07-09 23:00:00,26.5,87,3.91,0.0
2025-07-10 00:00:00,26.8,89,2.97,0.0
2025-07-10 01:00:00,26.3,88,3.0,0.0
2025-07-10 02:00:00,25.7,91,2.77,0.0
2025-07-10 03:00:00,25.2,94,2.35,0.0
2025-07-10 04:00:00,25.0,94,1.29,0.0
2025-07-10 05:00:00,24.8,94,1.69,0.0
2025-07-10 06:00:00,26.1,88,2.48,1.0
2025-07-10 07:00:00,27.1,81,2.07,30.0
2025-07-10 08:00:00,27.8,79,1.81,137.0
2025-07-10 09:00:00,28.1,77,2.48,281.0
2025-07-10 10:00:00,28.0,81,3.42,397.0
2025-07-10 11:00:00,28.7,78,3.72,539.0
2025-07-10 12:00:00,27.5,82,3.67,415.0
2025-07-10 13:00:00,28.2,82,3.09,612.0
2025-07-10 14:00:00,29.1,79,3.24,802.0
2025-07-10 15:00:00,28.5,83,3.2,653.0
2025-07-10 16:00:00,27.1,87,4.0,419.0
2025-07-10 17:00:00,27.1,84,3.4,260.0
2025-07-10 18:00:00,27.9,83,3.96,114.0
2025-07-10 19:00:00,27.3,83,3.63,22.0
2025-07-10 20:00:00,26.8,88,3.22,0.0
2025-07-10 21:00:00,26.6,87,3.11,0.0
2025-07-10 22:00:00,26.3,88,2.65,0.0
2025-07-10 23:00:00,26.0,90,2.5,0.0
2025-07-11 00:00:00,26.0,92,2.77,0.0
2025-07-11 01:00:00,25.7,90,2.86,0.0
2025-07-11 02:00:00,25.4,92,2.69,0.0
2025-07-11 03:00:00,25.1,92,2.86,0.0
2025-07-11 04:00:00,25.1,91,3.38,0.0
2025-07-11 05:00:00,25.4,90,2.57,0.0
2025-07-11 06:00:00,26.2,89,2.12,3.0
2025-07-11 07:00:00,27.0,87,2.34,40.0
2025-07-11 08:00:00,28.0,80,2.46,177.0
2025-07-11 09:00:00,27.7,78,3.17,252.0
2025-07-11 10:00:00,27.3,84,2.38,353.0
2025-07-11 11:00:00,28.0,83,2.12,541.0
2025-07-11 12:00:00,27.9,83,2.73,568.0
2025-07-11 13:00:00,27.1,86,2.59,578.0
2025-07-11 14:00:00,27.8,83,2.76,583.0
2025-07-11 15:00:00,27.6,83,2.62,492.0
2025-07-11 16:00:00,27.2,85,2.7,417.0
2025-07-11 17:00:00,27.3,85,2.62,289.0
2025-07-11 18:00:00,27.6,87,3.07,82.0
2025-07-11 19:00:00,27.1,83,3.2,16.0
2025-07-11 20:00:00,26.4,87,3.59,0.0
2025-07-11 21:00:00,26.3,89,3.11,0.0
2025-07-11 22:00:00,26.4,87,2.86,0.0
2025-07-11 23:00:00,26.4,89,2.3,0.0
2025-07-12 00:00:00,26.0,89,1.92,0.0
2025-07-12 01:00:00,25.7,90,1.63,0.0
2025-07-12 02:00:00,25.3,90,1.64,0.0
2025-07-12 03:00:00,25.4,90,1.6,0.0
2025-07-12 04:00:00,25.1,94,1.96,0.0
2025-07-12 05:00:00,25.3,92,1.5,0.0
2025-07-12 06:00:00,26.6,89,2.68,2.0
2025-07-12 07:00:00,27.0,84,2.59,77.0
2025-07-12 08:00:00,26.2,86,2.16,181.0
2025-07-12 09:00:00,27.4,83,2.1,361.0
2025-07-12 10:00:00,28.3,81,2.55,491.0
2025-07-12 11:00:00,29.2,79,2.87,730.0
2025-07-12 12:00:00,29.3,77,3.75,749.0
2025-07-12 13:00:00,29.2,76,4.11,829.0
2025-07-12 14:00:00,29.1,77,4.21,786.0
2025-07-12 15:00:00,29.0,77,4.49,706.0
2025-07-12 16:00:00,28.4,78,4.73,506.0
2025-07-12 17:00:00,27.9,81,4.32,345.0
2025-07-12 18:00:00,27.4,85,3.98,141.0
2025-07-12 19:00:00,27.1,85,3.95,23.0
2025-07-12 20:00:00,26.8,86,3.45,0.0
2025-07-12 21:00:00,26.9,85,3.21,0.0
2025-07-12 22:00:00,26.5,88,3.07,0.0
2025-07-12 23:00:00,26.1,91,2.69,0.0
2025-07-13 00:00:00,26.1,90,2.13,0.0
2025-07-13 01:00:00,26.1,89,2.55,0.0
2025-07-13 02:00:00,25.7,90,2.44,0.0
2025-07-13 03:00:00,25.5,91,2.47,0.0
2025-07-13 04:00:00,25.4,91,2.66,0.0
2025-07-13 05:00:00,25.5,91,2.95,0.0
2025-07-13 06:00:00,26.2,90,2.3,2.0
2025-07-13 07:00:00,26.6,86,2.75,54.0
2025-07-13 08:00:00,27.1,83,3.19,174.0
2025-07-13 09:00:00,26.7,86,3.39,364.0
2025-07-13 10:00:00,26.5,87,2.76,330.0
2025-07-13 11:00:00,28.0,80,3.02,490.0
2025-07-13 12:00:00,26.7,84,3.68,618.0
2025-07-13 13:00:00,27.8,83,3.1,615.0
2025-07-13 14:00:00,28.5,80,3.89,641.0
2025-07-13 15:00:00,27.5,82,4.25,552.0
2025-07-13 16:00:00,27.6,79,4.37,283.0
2025-07-13 17:00:00,27.5,83,3.58,252.0
2025-07-13 18:00:00,27.8,79,3.83,106.0
2025-07-13 19:00:00,27.5,79,3.69,18.0
2025-07-13 20:00:00,26.7,83,3.68,0.0
2025-07-13 21:00:00,26.0,89,3.26,0.0
2025-07-13 22:00:00,26.0,90,3.37,0.0
2025-07-13 23:00:00,25.7,91,3.32,0.0
2025-07-14 00:00:00,25.8,91,3.58,0.0
2025-07-14 01:00:00,25.8,92,3.82,0.0
2025-07-14 02:00:00,25.5,92,3.8,0.0
2025-07-14 03:00:00,25.9,90,4.14,0.0
2025-07-14 04:00:00,25.6,92,3.73,0.0
2025-07-14 05:00:00,25.6,91,3.97,0.0
2025-07-14 06:00:00,25.5,91,4.3,2.0
2025-07-14 07:00:00,26.2,90,3.76,44.0
2025-07-14 08:00:00,25.8,91,4.27,128.0
2025-07-14 09:00:00,26.8,87,3.29,252.0
2025-07-14 10:00:00,27.5,82,4.52,355.0
2025-07-14 11:00:00,26.3,89,5.17,317.0
2025-07-14 12:00:00,27.1,85,5.17,424.0
2025-07-14 13:00:00,27.0,86,4.82,525.0
2025-07-14 14:00:00,26.8,88,6.04,429.0
2025-07-14 15:00:00,26.4,90,5.43,80.0
2025-07-14 16:00:00,26.7,88,4.85,161.0
2025-07-14 17:00:00,26.5,89,4.47,118.0
2025-07-14 18:00:00,26.8,86,4.22,81.0
2025-07-14 19:00:00,26.4,89,3.29,17.0
2025-07-14 20:00:00,24.6,96,3.21,0.0
2025-07-14 21:00:00,25.4,91,2.75,0.0
2025-07-14 22:00:00,25.8,94,2.85,0.0
2025-07-14 23:00:00,25.2,94,2.65,0.0
2025-07-15 00:00:00,25.4,93,3.72,0.0
2025-07-15 01:00:00,25.8,91,3.44,0.0
2025-07-15 02:00:00,25.5,91,3.91,0.0
2025-07-15 03:00:00,25.6,90,3.49,0.0
2025-07-15 04:00:00,25.6,91,3.33,0.0
2025-07-15 05:00:00,25.2,93,3.62,0.0
2025-07-15 06:00:00,27.0,85,3.66,2.0
2025-07-15 07:00:00,27.3,82,3.59,62.0
2025-07-15 08:00:00,27.4,82,3.38,203.0
2025-07-15 09:00:00,27.1,88,1.94,248.0
2025-07-15 10:00:00,26.5,86,3.26,245.0
2025-07-15 11:00:00,27.0,83,3.47,489.0
2025-07-15 12:00:00,26.9,83,2.8,480.0
2025-07-15 13:00:00,27.0,83,2.75,587.0
2025-07-15 14:00:00,27.6,83,3.24,581.0
2025-07-15 15:00:00,27.1,87,3.15,428.0
2025-07-15 16:00:00,26.9,85,3.18,193.0
2025-07-15 17:00:00,26.7,87,3.33,165.0
2025-07-15 18:00:00,27.3,88,4.1,69.0
2025-07-15 19:00:00,26.6,87,4.12,10.0
2025-07-15 20:00:00,26.9,89,3.11,0.0
2025-07-15 21:00:00,27.0,88,3.02,0.0
2025-07-15 22:00:00,26.3,86,3.04,0.0
2025-07-15 23:00:00,25.6,92,2.52,0.0
2025-07-16 00:00:00,25.6,93,2.17,0.0
2025-07-16 01:00:00,25.8,93,1.14,0.0
2025-07-16 02:00:00,25.9,90,2.12,0.0
2025-07-16 03:00:00,25.7,91,2.57,0.0
2025-07-16 04:00:00,25.6,91,2.14,0.0
2025-07-16 05:00:00,25.5,91,2.65,0.0
2025-07-16 06:00:00,26.4,91,2.42,3.0
2025-07-16 07:00:00,27.1,88,2.43,74.0
2025-07-16 08:00:00,27.7,84,2.72,215.0
2025-07-16 09:00:00,27.9,82,3.13,320.0
2025-07-16 10:00:00,28.4,79,3.28,456.0
2025-07-16 11:00:00,29.0,75,3.76,686.0
2025-07-16 12:00:00,29.1,75,3.97,714.0
2025-07-16 13:00:00,29.2,75,4.02,719.0
2025-07-16 14:00:00,28.9,77,4.15,720.0
2025-07-16 15:00:00,28.6,78,4.45,620.0
2025-07-16 16:00:00,28.4,80,4.4,474.0
2025-07-16 17:00:00,28.1,80,3.93,338.0
2025-07-16 18:00:00,28.0,85,3.46,159.0
2025-07-16 19:00:00,27.4,88,3.2,24.0
2025-07-16 20:00:00,27.1,91,3.07,0.0
2025-07-16 21:00:00,26.8,92,3.15,0.0
2025-07-16 22:00:00,26.7,92,2.92,0.0
2025-07-16 23:00:00,26.3,92,3.02,0.0
2025-07-17 00:00:00,26.4,91,2.89,0.0
2025-07-17 01:00:00,26.3,91,2.57,0.0
2025-07-17 02:00:00,26.1,92,2.41,0.0
2025-07-17 03:00:00,25.8,91,2.09,0.0
2025-07-17 04:00:00,25.5,93,1.54,0.0
2025-07-17 05:00:00,25.5,92,1.12,0.0
2025-07-17 06:00:00,26.3,91,1.56,2.0
2025-07-17 07:00:00,26.7,86,0.92,58.0
2025-07-17 08:00:00,26.5,87,1.52,148.0
2025-07-17 09:00:00,27.6,83,0.79,335.0
2025-07-17 10:00:00,28.5,79,2.14,534.0
2025-07-17 11:00:00,28.9,76,2.79,713.0
2025-07-17 12:00:00,29.3,74,3.11,834.0
2025-07-17 13:00:00,29.3,75,3.11,812.0
2025-07-17 14:00:00,29.0,80,2.74,682.0
2025-07-17 15:00:00,28.9,80,2.49,614.0
2025-07-17 16:00:00,28.7,80,2.78,449.0
2025-07-17 17:00:00,28.3,80,2.47,291.0
2025-07-17 18:00:00,28.4,82,2.16,119.0
2025-07-17 19:00:00,27.7,87,2.06,24.0
2025-07-17 20:00:00,27.5,88,1.86,0.0
2025-07-17 21:00:00,27.3,88,2.02,0.0
2025-07-17 22:00:00,26.9,90,2.09,0.0
2025-07-17 23:00:00,26.6,90,2.41,0.0
2025-07-18 00:00:00,26.4,90,1.86,0.0
2025-07-18 01:00:00,26.1,90,2.02,0.0
2025-07-18 02:00:00,26.0,90,1.84,0.0
2025-07-18 03:00:00,25.8,91,1.84,0.0
2025-07-18 04:00:00,25.6,92,1.32,0.0
2025-07-18 05:00:00,25.8,90,1.61,0.0
2025-07-18 06:00:00,26.6,88,1.46,2.0
2025-07-18 07:00:00,27.1,88,1.75,80.0
2025-07-18 08:00:00,27.9,81,2.22,237.0
2025-07-18 09:00:00,28.6,77,2.39,430.0
2025-07-18 10:00:00,28.6,78,2.94,480.0
2025-07-18 11:00:00,28.9,77,2.98,601.0
2025-07-18 12:00:00,29.1,77,2.84,692.0
2025-07-18 13:00:00,29.4,76,3.11,792.0
2025-07-18 14:00:00,29.5,75,3.3,824.0
2025-07-18 15:00:00,29.1,75,3.36,663.0
2025-07-18 16:00:00,28.7,76,3.11,454.0
2025-07-18 17:00:00,28.4,77,3.1,334.0
2025-07-18 18:00:00,28.2,80,2.81,106.0
2025-07-18 19:00:00,27.7,82,2.52,24.0
2025-07-18 20:00:00,27.5,83,1.95,0.0
2025-07-18 21:00:00,27.3,84,1.92,0.0
2025-07-18 22:00:00,27.0,86,1.89,0.0
2025-07-18 23:00:00,26.6,88,2.09,0.0
2025-07-19 00:00:00,26.0,89,1.9,0.0
2025-07-19 01:00:00,26.3,86,1.66,0.0
2025-07-19 02:00:00,25.9,89,1.73,0.0
2025-07-19 03:00:00,25.3,91,1.48,0.0
2025-07-19 04:00:00,25.3,93,1.57,0.0
2025-07-19 05:00:00,24.9,94,1.98,0.0
2025-07-19 06:00:00,26.3,88,2.46,2.0
2025-07-19 07:00:00,27.0,87,2.31,74.0
2025-07-19 08:00:00,27.9,81,2.53,240.0
2025-07-19 09:00:00,28.2,78,2.69,305.0
2025-07-19 10:00:00,28.2,80,2.43,432.0
2025-07-19 11:00:00,27.7,82,2.98,609.0
2025-07-19 12:00:00,27.9,82,3.24,743.0
2025-07-19 13:00:00,28.2,80,3.65,693.0
2025-07-19 14:00:00,27.6,83,3.7,652.0
2025-07-19 15:00:00,28.1,83,3.08,673.0
2025-07-19 16:00:00,28.0,81,3.07,489.0
2025-07-19 17:00:00,27.5,84,2.94,303.0
2025-07-19 18:00:00,28.3,82,3.16,141.0
2025-07-19 19:00:00,27.8,80,2.73,24.0
2025-07-19 20:00:00,27.5,82,2.88,0.0
2025-07-19 21:00:00,26.9,86,2.7,0.0
2025-07-19 22:00:00,26.7,86,2.65,0.0
2025-07-19 23:00:00,26.0,90,2.65,0.0
2025-07-20 00:00:00,25.7,90,1.9,0.0
2025-07-20 01:00:00,25.3,93,2.26,0.0
2025-07-20 02:00:00,25.1,94,2.67,0.0
2025-07-20 03:00:00,24.9,93,2.89,0.0
2025-07-20 04:00:00,25.1,93,3.05,0.0
2025-07-20 05:00:00,25.1,93,2.66,0.0
2025-07-20 06:00:00,25.8,90,2.23,2.0
2025-07-20 07:00:00,25.9,90,3.43,41.0
2025-07-20 08:00:00,26.5,86,3.61,148.0
2025-07-20 09:00:00,26.5,86,3.97,321.0
2025-07-20 10:00:00,27.3,85,2.86,444.0
2025-07-20 11:00:00,27.9,81,3.42,492.0
2025-07-20 12:00:00,27.7,83,2.96,587.0
2025-07-20 13:00:00,27.6,84,3.42,827.0
2025-07-20 14:00:00,28.0,81,3.55,581.0
2025-07-20 15:00:00,27.3,84,3.73,520.0
2025-07-20 16:00:00,27.5,80,3.98,444.0
2025-07-20 17:00:00,27.4,83,3.4,217.0
2025-07-20 18:00:00,26.7,88,2.42,52.0
2025-07-20 19:00:00,26.6,86,2.9,7.0
2025-07-20 20:00:00,25.7,93,2.99,0.0
2025-07-20 21:00:00,25.5,94,2.22,0.0
2025-07-20 22:00:00,25.7,93,3.22,0.0
2025-07-20 23:00:00,25.8,91,3.45,0.0
2025-07-21 00:00:00,25.7,91,3.08,0.0
2025-07-21 01:00:00,25.8,90,2.8,0.0
2025-07-21 02:00:00,25.8,91,2.98,0.0
2025-07-21 03:00:00,25.7,90,2.68,0.0
2025-07-21 04:00:00,25.7,91,2.26,0.0
2025-07-21 05:00:00,25.6,91,2.14,0.0
2025-07-21 06:00:00,25.8,92,2.16,1.0
2025-07-21 07:00:00,26.1,90,2.2,23.0
2025-07-21 08:00:00,25.9,94,1.97,64.0
2025-07-21 09:00:00,26.5,89,1.88,103.0
2025-07-21 10:00:00,26.8,86,2.17,282.0
2025-07-21 11:00:00,27.1,85,2.93,287.0
2025-07-21 12:00:00,26.8,86,2.56,180.0
2025-07-21 13:00:00,28.1,81,3.58,556.0
2025-07-21 14:00:00,27.4,83,3.18,534.0
2025-07-21 15:00:00,27.7,83,3.37,371.0
2025-07-21 16:00:00,27.1,85,3.16,193.0
2025-07-21 17:00:00,27.4,83,3.42,218.0
2025-07-21 18:00:00,26.2,92,2.75,57.0
2025-07-21 19:00:00,26.0,91,1.78,12.0
2025-07-21 20:00:00,26.1,91,2.15,0.0
2025-07-21 21:00:00,26.1,91,1.95,0.0
2025-07-21 22:00:00,26.2,90,2.1,0.0
2025-07-21 23:00:00,26.1,91,2.3,0.0
2025-07-22 00:00:00,25.6,91,2.44,0.0
2025-07-22 01:00:00,25.5,93,2.65,0.0
2025-07-22 02:00:00,25.7,91,2.35,0.0
2025-07-22 03:00:00,26.0,92,2.26,0.0
2025-07-22 04:00:00,25.7,91,2.21,0.0
2025-07-22 05:00:00,25.7,91,2.62,0.0
2025-07-22 06:00:00,25.9,90,1.38,1.0
2025-07-22 07:00:00,26.2,89,1.96,39.0
2025-07-22 08:00:00,26.8,86,1.61,146.0
2025-07-22 09:00:00,27.6,83,2.35,343.0
2025-07-22 10:00:00,27.7,83,3.24,402.0
2025-07-22 11:00:00,28.1,83,3.3,659.0
2025-07-22 12:00:00,27.2,83,3.01,340.0
2025-07-22 13:00:00,27.2,86,3.53,364.0
2025-07-22 14:00:00,27.7,82,4.09,511.0
2025-07-22 15:00:00,27.1,88,3.56,218.0
2025-07-22 16:00:00,26.9,85,3.94,169.0
2025-07-22 17:00:00,26.8,87,3.93,108.0
2025-07-22 18:00:00,26.9,87,3.09,59.0
2025-07-22 19:00:00,26.4,89,2.78,4.0
2025-07-22 20:00:00,26.5,89,2.35,0.0
2025-07-22 21:00:00,25.9,91,3.01,0.0
2025-07-22 22:00:00,26.0,91,3.0,0.0
2025-07-22 23:00:00,25.2,94,3.08,0.0
2025-07-23 00:00:00,25.6,93,3.35,0.0
2025-07-23 01:00:00,25.7,91,3.67,0.0
2025-07-23 02:00:00,25.5,92,3.34,0.0
2025-07-23 03:00:00,25.0,94,2.57,0.0
2025-07-23 04:00:00,25.0,94,3.65,0.0
2025-07-23 05:00:00,24.7,93,3.45,0.0
2025-07-23 06:00:00,25.7,92,2.16,0.0
2025-07-23 07:00:00,26.0,91,2.65,43.0
2025-07-23 08:00:00,26.2,89,2.55,138.0
2025-07-23 09:00:00,26.5,87,3.03,280.0
2025-07-23 10:00:00,27.1,83,3.07,341.0
2025-07-23 11:00:00,27.1,83,3.76,386.0
2025-07-23 12:00:00,26.9,83,3.91,404.0
2025-07-23 13:00:00,27.9,80,3.87,609.0
2025-07-23 14:00:00,28.0,80,4.58,364.0
2025-07-23 15:00:00,26.4,83,4.61,308.0
2025-07-23 16:00:00,27.3,83,3.8,341.0
2025-07-23 17:00:00,26.6,83,4.21,205.0
2025-07-23 18:00:00,27.5,81,4.82,77.0
2025-07-23 19:00:00,26.7,84,3.56,8.0
2025-07-23 20:00:00,26.6,82,4.19,0.0
2025-07-23 21:00:00,26.4,86,3.72,0.0
2025-07-23 22:00:00,26.4,86,3.8,0.0
2025-07-23 23:00:00,26.3,86,3.5,0.0
2025-07-24 00:00:00,25.7,87,3.0,0.0
2025-07-24 01:00:00,24.9,90,4.04,0.0
2025-07-24 02:00:00,25.4,90,3.37,0.0
2025-07-24 03:00:00,25.3,89,4.4,0.0
2025-07-24 04:00:00,25.5,90,4.05,0.0
2025-07-24 05:00:00,25.1,90,4.02,0.0
2025-07-24 06:00:00,26.0,87,4.74,1.0
2025-07-24 07:00:00,26.2,89,3.85,24.0
2025-07-24 08:00:00,25.8,89,3.43,72.0
2025-07-24 09:00:00,26.8,86,2.82,72.0
2025-07-24 10:00:00,27.4,80,3.84,263.0
2025-07-24 11:00:00,26.6,84,3.85,341.0
2025-07-24 12:00:00,26.0,86,3.34,181.0
2025-07-24 13:00:00,26.9,84,4.61,467.0
2025-07-24 14:00:00,27.2,84,4.32,361.0
2025-07-24 15:00:00,27.1,81,5.5,369.0
2025-07-24 16:00:00,26.7,84,4.81,157.0
2025-07-24 17:00:00,26.6,86,4.1,91.0
2025-07-24 18:00:00,26.8,86,4.23,108.0
2025-07-24 19:00:00,26.3,87,3.71,17.0
2025-07-24 20:00:00,25.8,90,3.56,0.0
2025-07-24 21:00:00,25.9,90,3.29,0.0
2025-07-24 22:00:00,26.0,90,3.69,0.0
2025-07-24 23:00:00,26.0,89,4.23,0.0
2025-07-25 00:00:00,25.8,92,4.2,0.0
2025-07-25 01:00:00,25.8,91,4.9,0.0
2025-07-25 02:00:00,25.9,90,5.32,0.0
2025-07-25 03:00:00,25.8,90,5.41,0.0
2025-07-25 04:00:00,25.7,92,5.7,0.0
2025-07-25 05:00:00,25.8,89,5.64,0.0
2025-07-25 06:00:00,26.3,91,4.91,0.0
2025-07-25 07:00:00,25.7,89,5.06,16.0
2025-07-25 08:00:00,26.2,90,4.29,29.0
2025-07-25 09:00:00,26.5,90,4.63,119.0
2025-07-25 10:00:00,26.1,92,3.82,155.0
2025-07-25 11:00:00,26.7,89,3.92,260.0
2025-07-25 12:00:00,26.8,87,4.2,257.0
2025-07-25 13:00:00,27.0,86,4.98,436.0
2025-07-25 14:00:00,27.1,86,4.33,323.0
2025-07-25 15:00:00,27.2,83,5.19,297.0
2025-07-25 16:00:00,26.9,86,5.53,242.0
2025-07-25 17:00:00,26.9,89,4.86,160.0
2025-07-25 18:00:00,26.5,88,4.35,30.0
2025-07-25 19:00:00,26.6,86,4.85,6.0
2025-07-25 20:00:00,26.5,89,4.35,0.0
2025-07-25 21:00:00,26.4,88,4.65,0.0
2025-07-25 22:00:00,26.1,90,5.21,0.0
2025-07-25 23:00:00,26.2,88,5.0,0.0
2025-07-26 00:00:00,26.1,90,4.89,0.0
2025-07-26 01:00:00,26.1,87,5.85,0.0
2025-07-26 02:00:00,26.1,89,5.67,0.0
2025-07-26 03:00:00,25.9,89,4.9,0.0
2025-07-26 04:00:00,25.8,89,5.14,0.0
2025-07-26 05:00:00,25.5,90,4.61,0.0
2025-07-26 06:00:00,26.5,89,5.81,1.0
2025-07-26 07:00:00,26.4,88,5.64,37.0
2025-07-26 08:00:00,26.4,88,5.24,123.0
2025-07-26 09:00:00,26.7,83,5.19,185.0
2025-07-26 10:00:00,26.9,82,5.56,227.0
2025-07-26 11:00:00,28.0,78,6.21,498.0
2025-07-26 12:00:00,27.3,80,5.98,348.0
2025-07-26 13:00:00,27.1,81,6.02,297.0
2025-07-26 14:00:00,27.1,84,5.25,332.0
2025-07-26 15:00:00,26.9,84,5.78,257.0
2025-07-26 16:00:00,26.3,86,6.13,225.0
2025-07-26 17:00:00,26.6,85,5.4,115.0
2025-07-26 18:00:00,26.8,86,5.12,62.0
2025-07-26 19:00:00,25.9,87,5.9,12.0
2025-07-26 20:00:00,25.5,89,4.79,0.0
2025-07-26 21:00:00,25.6,89,4.89,0.0
2025-07-26 22:00:00,25.8,88,5.76,0.0
2025-07-26 23:00:00,26.3,87,5.91,0.0
2025-07-27 00:00:00,26.1,88,5.3,0.0
2025-07-27 01:00:00,26.2,85,5.88,0.0
2025-07-27 02:00:00,25.9,87,5.76,0.0
2025-07-27 03:00:00,25.3,90,5.46,0.0
2025-07-27 04:00:00,25.3,91,5.81,0.0
2025-07-27 05:00:00,25.6,89,4.87,0.0
2025-07-27 06:00:00,26.7,87,6.58,0.0
2025-07-27 07:00:00,27.2,82,6.77,58.0
2025-07-27 08:00:00,27.2,80,7.64,162.0
2025-07-27 09:00:00,27.9,77,7.23,377.0
2025-07-27 10:00:00,28.2,77,7.31,477.0
2025-07-27 11:00:00,28.1,76,7.4,560.0
2025-07-27 12:00:00,27.9,78,7.4,714.0
2025-07-27 13:00:00,27.5,81,6.95,723.0
2025-07-27 14:00:00,27.5,81,7.16,619.0
2025-07-27 15:00:00,27.6,79,7.55,624.0
2025-07-27 16:00:00,27.4,78,7.84,447.0
2025-07-27 17:00:00,27.6,80,6.94,230.0
2025-07-27 18:00:00,26.3,85,6.25,124.0
2025-07-27 19:00:00,27.0,83,6.71,13.0
2025-07-27 20:00:00,26.1,87,5.82,0.0
2025-07-27 21:00:00,26.1,87,5.68,0.0
2025-07-27 22:00:00,26.7,84,5.84,0.0
2025-07-27 23:00:00,26.2,82,6.1,0.0
2025-07-28 00:00:00,25.6,86,6.04,0.0
2025-07-28 01:00:00,26.0,84,6.44,0.0
2025-07-28 02:00:00,26.3,86,5.98,0.0
2025-07-28 03:00:00,26.2,81,6.72,0.0
2025-07-28 04:00:00,25.7,83,6.88,0.0
2025-07-28 05:00:00,25.9,83,6.71,0.0
2025-07-28 06:00:00,26.4,82,6.26,1.0
2025-07-28 07:00:00,26.9,79,6.29,26.0
2025-07-28 08:00:00,26.5,83,6.43,76.0
2025-07-28 09:00:00,26.5,81,6.85,136.0
2025-07-28 10:00:00,26.8,84,5.63,248.0
2025-07-28 11:00:00,27.5,80,6.52,487.0
2025-07-28 12:00:00,28.2,78,6.39,639.0
2025-07-28 13:00:00,27.4,81,6.73,583.0
2025-07-28 14:00:00,28.3,78,6.87,641.0
2025-07-28 15:00:00,28.2,78,6.94,634.0
2025-07-28 16:00:00,27.8,79,6.52,483.0
2025-07-28 17:00:00,26.7,80,6.61,357.0
2025-07-28 18:00:00,27.2,83,5.92,128.0
2025-07-28 19:00:00,26.5,84,5.77,17.0
2025-07-28 20:00:00,26.1,85,5.96,0.0
2025-07-28 21:00:00,26.4,86,5.52,0.0
2025-07-28 22:00:00,26.0,86,5.96,0.0
2025-07-28 23:00:00,25.7,88,5.23,0.0
2025-07-29 00:00:00,26.1,83,6.02,0.0
2025-07-29 01:00:00,26.0,84,5.88,0.0
2025-07-29 02:00:00,26.1,88,5.71,0.0
2025-07-29 03:00:00,26.0,84,6.14,0.0
2025-07-29 04:00:00,25.6,84,6.44,0.0
2025-07-29 05:00:00,26.1,82,6.69,0.0
2025-07-29 06:00:00,26.0,85,6.29,1.0
2025-07-29 07:00:00,26.4,84,6.11,27.0
2025-07-29 08:00:00,26.4,83,6.5,103.0
2025-07-29 09:00:00,26.3,87,5.61,188.0
2025-07-29 10:00:00,27.4,82,6.61,369.0
2025-07-29 11:00:00,27.5,80,7.33,529.0
2025-07-29 12:00:00,27.2,82,6.82,373.0
2025-07-29 13:00:00,27.6,82,6.66,419.0
2025-07-29 14:00:00,27.1,79,6.4,236.0
2025-07-29 15:00:00,26.7,83,6.39,200.0
2025-07-29 16:00:00,26.7,83,6.14,148.0
2025-07-29 17:00:00,26.5,85,5.88,163.0
2025-07-29 18:00:00,26.7,84,6.17,73.0
2025-07-29 19:00:00,26.7,84,5.76,10.0
2025-07-29 20:00:00,26.2,88,5.44,0.0
2025-07-29 21:00:00,26.3,87,5.35,0.0
2025-07-29 22:00:00,26.6,85,5.39,0.0
2025-07-29 23:00:00,26.2,87,5.98,0.0
2025-07-30 00:00:00,26.5,87,6.51,0.0
2025-07-30 01:00:00,26.1,87,6.47,0.0
2025-07-30 02:00:00,26.1,88,6.83,0.0
2025-07-30 03:00:00,25.7,88,6.2,0.0
2025-07-30 04:00:00,25.8,91,5.87,0.0
2025-07-30 05:00:00,26.0,85,5.6,0.0
2025-07-30 06:00:00,26.4,87,5.52,0.0
2025-07-30 07:00:00,26.7,87,5.66,14.0
2025-07-30 08:00:00,26.8,86,5.77,52.0
2025-07-30 09:00:00,27.0,85,5.68,129.0
2025-07-30 10:00:00,27.2,83,5.92,237.0
2025-07-30 11:00:00,26.9,85,6.45,161.0
2025-07-30 12:00:00,27.0,84,5.84,181.0
2025-07-30 13:00:00,26.8,85,5.85,232.0
2025-07-30 14:00:00,26.8,85,5.6,208.0
2025-07-30 15:00:00,27.0,86,5.24,305.0
2025-07-30 16:00:00,27.1,84,5.01,309.0
2025-07-30 17:00:00,26.8,85,5.01,157.0
2025-07-30 18:00:00,26.8,88,5.4,70.0
2025-07-30 19:00:00,26.3,91,5.46,8.0
2025-07-30 20:00:00,26.2,90,5.02,0.0
2025-07-30 21:00:00,26.2,89,5.02,0.0
2025-07-30 22:00:00,26.0,88,4.79,0.0
2025-07-30 23:00:00,25.9,90,4.98,0.0
2025-07-31 00:00:00,26.3,88,5.23,0.0
2025-07-31 01:00:00,26.5,85,5.91,0.0
2025-07-31 02:00:00,26.1,86,5.37,0.0
2025-07-31 03:00:00,25.9,88,5.41,0.0
2025-07-31 04:00:00,26.3,83,5.71,0.0
2025-07-31 05:00:00,26.4,81,5.44,0.0
2025-07-31 06:00:00,26.4,86,5.69,1.0
2025-07-31 07:00:00,26.7,84,5.3,47.0
2025-07-31 08:00:00,27.0,83,5.21,72.0
2025-07-31 09:00:00,27.3,82,5.73,160.0
2025-07-31 10:00:00,27.3,83,5.43,266.0
2025-07-31 11:00:00,27.3,82,5.34,370.0
2025-07-31 12:00:00,27.4,80,5.44,372.0
2025-07-31 13:00:00,27.6,79,5.84,545.0
2025-07-31 14:00:00,27.6,81,5.55,492.0
2025-07-31 15:00:00,27.5,84,5.19,451.0
2025-07-31 16:00:00,27.2,84,4.73,338.0
2025-07-31 17:00:00,26.6,86,4.78,226.0
2025-07-31 18:00:00,27.1,85,4.4,149.0
2025-07-31 19:00:00,26.8,88,4.41,18.0
2025-07-31 20:00:00,26.7,89,5.03,0.0
2025-07-31 21:00:00,26.2,91,5.3,0.0
2025-07-31 22:00:00,26.5,85,4.86,0.0
2025-07-31 23:00:00,26.1,86,5.19,0.0
2025-08-01 00:00:00,26.3,85,4.95,0.0
2025-08-01 01:00:00,26.3,82,5.13,0.0
2025-08-01 02:00:00,25.9,85,5.04,0.0
2025-08-01 03:00:00,25.6,91,4.83,0.0
2025-08-01 04:00:00,26.0,87,4.56,0.0
2025-08-01 05:00:00,25.7,86,4.57,0.0
2025-08-01 06:00:00,26.2,89,4.04,1.0
2025-08-01 07:00:00,26.4,85,4.14,62.0
2025-08-01 08:00:00,27.4,82,3.67,189.0
2025-08-01 09:00:00,28.0,76,4.6,406.0
2025-08-01 10:00:00,27.8,79,4.11,412.0
2025-08-01 11:00:00,27.9,76,4.48,564.0
2025-08-01 12:00:00,28.3,78,4.15,559.0
2025-08-01 13:00:00,28.3,76,4.22,572.0
2025-08-01 14:00:00,28.4,77,4.43,661.0
2025-08-01 15:00:00,28.4,76,4.48,592.0
2025-08-01 16:00:00,27.9,78,4.52,448.0
2025-08-01 17:00:00,27.4,80,4.39,287.0
2025-08-01 18:00:00,27.2,84,3.56,140.0
2025-08-01 19:00:00,26.8,87,3.24,18.0
2025-08-01 20:00:00,26.5,88,3.44,0.0
2025-08-01 21:00:00,26.6,86,3.21,0.0
2025-08-01 22:00:00,26.3,85,3.15,0.0
2025-08-01 23:00:00,26.0,86,3.27,0.0
2025-08-02 00:00:00,25.9,86,3.23,0.0
2025-08-02 01:00:00,25.8,87,2.87,0.0
2025-08-02 02:00:00,25.1,89,3.23,0.0
2025-08-02 03:00:00,25.3,89,2.54,0.0
2025-08-02 04:00:00,25.2,90,3.41,0.0
2025-08-02 05:00:00,25.2,91,2.72,0.0
2025-08-02 06:00:00,25.5,90,2.25,1.0
2025-08-02 07:00:00,26.3,87,2.3,55.0
2025-08-02 08:00:00,27.0,85,2.68,190.0
2025-08-02 09:00:00,27.5,81,3.36,292.0
2025-08-02 10:00:00,27.9,78,3.35,411.0
2025-08-02 11:00:00,28.1,79,3.51,608.0
2025-08-02 12:00:00,27.8,81,3.77,669.0
2025-08-02 13:00:00,27.9,82,2.89,656.0
2025-08-02 14:00:00,28.3,78,4.09,598.0
2025-08-02 15:00:00,28.0,80,4.24,634.0
2025-08-02 16:00:00,27.6,82,3.71,464.0
2025-08-02 17:00:00,27.1,85,3.65,249.0
2025-08-02 18:00:00,26.7,85,2.93,136.0
2025-08-02 19:00:00,26.6,85,2.34,20.0
2025-08-02 20:00:00,25.8,90,2.59,0.0
2025-08-02 21:00:00,25.7,93,2.32,0.0
2025-08-02 22:00:00,25.6,90,1.98,0.0
2025-08-02 23:00:00,25.5,91,2.02,0.0
2025-08-03 00:00:00,25.2,93,2.91,0.0
2025-08-03 01:00:00,25.3,92,2.31,0.0
2025-08-03 02:00:00,25.0,93,2.36,0.0
2025-08-03 03:00:00,25.2,92,2.17,0.0
2025-08-03 04:00:00,24.9,92,2.33,0.0
2025-08-03 05:00:00,25.0,91,2.01,0.0
2025-08-03 06:00:00,25.2,91,1.94,1.0
2025-08-03 07:00:00,25.8,89,2.15,52.0
2025-08-03 08:00:00,26.3,85,2.67,173.0
2025-08-03 09:00:00,27.3,82,2.33,365.0
2025-08-03 10:00:00,27.8,79,3.01,518.0
2025-08-03 11:00:00,26.9,82,2.93,553.0
2025-08-03 12:00:00,27.6,83,2.21,676.0
2025-08-03 13:00:00,28.2,80,2.46,616.0
2025-08-03 14:00:00,27.9,80,3.06,640.0
2025-08-03 15:00:00,27.9,80,3.36,657.0
2025-08-03 16:00:00,27.7,80,3.42,505.0
2025-08-03 17:00:00,27.5,81,3.27,339.0
2025-08-03 18:00:00,27.6,82,2.45,154.0
2025-08-03 19:00:00,26.8,86,1.52,18.0
2025-08-03 20:00:00,26.7,87,1.62,0.0
2025-08-03 21:00:00,26.6,87,1.77,0.0
2025-08-03 22:00:00,26.4,87,1.74,0.0
2025-08-03 23:00:00,26.0,90,1.7,0.0
2025-08-04 00:00:00,25.6,91,1.67,0.0
2025-08-04 01:00:00,25.4,93,1.7,0.0
2025-08-04 02:00:00,25.2,93,1.84,0.0
2025-08-04 03:00:00,25.3,93,1.68,0.0
2025-08-04 04:00:00,25.0,93,1.59,0.0
2025-08-04 05:00:00,25.0,93,1.28,0.0
2025-08-04 06:00:00,25.6,90,1.54,1.0
2025-08-04 07:00:00,26.2,88,1.17,45.0
2025-08-04 08:00:00,26.6,85,1.5,179.0
2025-08-04 09:00:00,27.3,81,1.89,353.0
2025-08-04 10:00:00,27.7,80,2.57,543.0
2025-08-04 11:00:00,28.1,80,2.66,695.0
2025-08-04 12:00:00,28.4,78,2.87,697.0
2025-08-04 13:00:00,28.6,77,2.93,765.0
2025-08-04 14:00:00,28.6,77,3.25,805.0
2025-08-04 15:00:00,28.7,76,3.4,633.0
2025-08-04 16:00:00,28.5,76,3.61,504.0
2025-08-04 17:00:00,28.0,78,3.4,316.0
2025-08-04 18:00:00,27.7,81,2.58,146.0
2025-08-04 19:00:00,27.1,84,1.7,18.0
2025-08-04 20:00:00,27.0,85,1.68,0.0
2025-08-04 21:00:00,26.8,86,1.52,0.0
2025-08-04 22:00:00,26.7,86,1.68,0.0
2025-08-04 23:00:00,26.5,86,1.93,0.0
2025-08-05 00:00:00,26.2,88,1.84,0.0
2025-08-05 01:00:00,25.7,90,1.42,0.0
2025-08-05 02:00:00,25.6,91,1.55,0.0
2025-08-05 03:00:00,25.6,91,1.47,0.0
2025-08-05 04:00:00,25.3,92,0.87,0.0
2025-08-05 05:00:00,25.1,91,0.7,0.0
2025-08-05 06:00:00,25.5,91,0.81,1.0
2025-08-05 07:00:00,25.9,92,0.68,49.0
2025-08-05 08:00:00,26.2,86,1.17,187.0
2025-08-05 09:00:00,27.2,80,1.0,348.0
2025-08-05 10:00:00,27.8,78,1.78,512.0
2025-08-05 11:00:00,28.3,79,2.32,715.0
2025-08-05 12:00:00,28.9,75,2.92,802.0
2025-08-05 13:00:00,28.9,75,3.66,815.0
2025-08-05 14:00:00,28.6,77,3.8,775.0
2025-08-05 15:00:00,28.4,79,3.86,684.0
2025-08-05 16:00:00,28.1,80,3.65,536.0
2025-08-05 17:00:00,27.9,80,3.41,360.0
2025-08-05 18:00:00,28.1,80,2.47,160.0
2025-08-05 19:00:00,27.4,83,2.11,19.0
2025-08-05 20:00:00,27.1,84,1.91,0.0
2025-08-05 21:00:00,26.9,85,2.17,0.0
2025-08-05 22:00:00,26.7,86,1.36,0.0
2025-08-05 23:00:00,26.2,89,0.84,0.0
2025-08-06 00:00:00,26.1,90,0.92,0.0
2025-08-06 01:00:00,25.9,91,1.14,0.0
2025-08-06 02:00:00,25.8,91,1.27,0.0
2025-08-06 03:00:00,25.7,91,1.25,0.0
2025-08-06 04:00:00,25.4,93,1.03,0.0
2025-08-06 05:00:00,25.2,94,1.1,0.0
2025-08-06 06:00:00,25.9,93,0.89,1.0
2025-08-06 07:00:00,26.1,88,1.39,24.0
2025-08-06 08:00:00,26.7,85,1.03,122.0
2025-08-06 09:00:00,27.6,82,1.24,310.0
2025-08-06 10:00:00,28.3,78,1.83,498.0
2025-08-06 11:00:00,29.1,74,1.93,712.0
2025-08-06 12:00:00,29.2,73,2.5,723.0
2025-08-06 13:00:00,29.3,73,3.2,802.0
2025-08-06 14:00:00,29.3,73,3.65,808.0
2025-08-06 15:00:00,28.8,74,3.91,628.0
2025-08-06 16:00:00,28.3,77,3.97,386.0
2025-08-06 17:00:00,28.0,78,3.32,233.0
2025-08-06 18:00:00,27.9,82,2.44,151.0
2025-08-06 19:00:00,27.3,86,1.56,19.0
2025-08-06 20:00:00,27.1,88,1.01,0.0
2025-08-06 21:00:00,26.9,88,1.11,0.0
2025-08-06 22:00:00,26.8,89,1.15,0.0
2025-08-06 23:00:00,26.7,89,1.45,0.0
2025-08-07 00:00:00,26.4,90,1.27,0.0
2025-08-07 01:00:00,26.2,91,1.05,0.0
2025-08-07 02:00:00,26.1,91,1.07,0.0
2025-08-07 03:00:00,25.9,92,1.06,0.0
2025-08-07 04:00:00,25.9,92,1.3,0.0
2025-08-07 05:00:00,25.8,91,0.87,0.0
2025-08-07 06:00:00,25.8,92,0.34,0.0
2025-08-07 07:00:00,26.0,92,0.21,16.0
2025-08-07 08:00:00,26.4,90,0.25,95.0
2025-08-07 09:00:00,26.7,87,0.57,132.0
2025-08-07 10:00:00,27.3,85,1.01,339.0
2025-08-07 11:00:00,27.5,82,1.83,359.0
2025-08-07 12:00:00,27.9,82,2.45,553.0
2025-08-07 13:00:00,27.8,81,2.86,478.0
2025-08-07 14:00:00,27.8,81,3.23,449.0
2025-08-07 15:00:00,27.9,81,3.23,497.0
2025-08-07 16:00:00,27.8,80,3.2,366.0
2025-08-07 17:00:00,27.6,80,2.62,280.0
2025-08-07 18:00:00,27.9,80,2.45,117.0
2025-08-07 19:00:00,27.3,85,1.47,16.0
2025-08-07 20:00:00,27.1,88,1.11,0.0
2025-08-07 21:00:00,26.8,90,0.64,0.0
2025-08-07 22:00:00,26.6,91,0.18,0.0
2025-08-07 23:00:00,26.5,92,0.25,0.0
2025-08-08 00:00:00,26.3,93,0.45,0.0
2025-08-08 01:00:00,26.3,91,0.95,0.0
2025-08-08 02:00:00,26.1,92,0.85,0.0
2025-08-08 03:00:00,26.1,91,0.82,0.0
2025-08-08 04:00:00,26.1,90,1.06,0.0
2025-08-08 05:00:00,25.9,89,0.86,0.0
2025-08-08 06:00:00,26.3,90,1.28,0.0
2025-08-08 07:00:00,26.7,87,0.86,32.0
2025-08-08 08:00:00,27.3,83,1.11,144.0
2025-08-08 09:00:00,27.3,84,1.32,190.0
2025-08-08 10:00:00,27.6,81,0.81,238.0
2025-08-08 11:00:00,27.8,79,1.43,331.0
2025-08-08 12:00:00,27.9,78,1.85,381.0
2025-08-08 13:00:00,27.9,79,2.31,454.0
2025-08-08 14:00:00,28.1,77,1.9,452.0
2025-08-08 15:00:00,28.1,77,2.2,371.0
2025-08-08 16:00:00,28.0,77,2.25,270.0
2025-08-08 17:00:00,27.7,78,2.29,145.0
2025-08-08 18:00:00,26.7,88,1.73,78.0
2025-08-08 19:00:00,26.1,91,0.05,11.0
2025-08-08 20:00:00,26.1,91,0.25,0.0
2025-08-08 21:00:00,25.8,93,0.43,0.0
2025-08-08 22:00:00,25.9,92,0.39,0.0
2025-08-08 23:00:00,25.8,92,0.57,0.0
2025-08-09 00:00:00,26.0,90,0.61,0.0
2025-08-09 01:00:00,25.9,91,1.12,0.0
2025-08-09 02:00:00,25.7,91,0.87,0.0
2025-08-09 03:00:00,25.7,91,0.98,0.0
2025-08-09 04:00:00,25.4,93,0.75,0.0
2025-08-09 05:00:00,25.1,93,0.36,0.0
2025-08-09 06:00:00,24.8,96,1.26,0.0
2025-08-09 07:00:00,25.0,94,1.06,39.0
2025-08-09 08:00:00,25.8,89,1.32,171.0
2025-08-09 09:00:00,26.7,87,0.92,326.0
2025-08-09 10:00:00,27.4,83,1.21,405.0
2025-08-09 11:00:00,27.9,82,1.63,481.0
2025-08-09 12:00:00,28.4,78,2.05,613.0
2025-08-09 13:00:00,28.5,78,2.61,732.0
2025-08-09 14:00:00,28.3,80,2.67,727.0
2025-08-09 15:00:00,28.0,80,2.41,594.0
2025-08-09 16:00:00,27.8,80,2.53,482.0
2025-08-09 17:00:00,27.6,80,2.35,308.0
2025-08-09 18:00:00,27.8,79,1.92,127.0
2025-08-09 19:00:00,27.1,83,1.15,15.0
2025-08-09 20:00:00,26.8,84,1.09,0.0
2025-08-09 21:00:00,26.7,85,1.06,0.0
2025-08-09 22:00:00,26.5,88,0.57,0.0
2025-08-09 23:00:00,26.6,87,0.11,0.0
2025-08-10 00:00:00,26.0,88,0.7,0.0
2025-08-10 01:00:00,25.9,88,0.9,0.0
2025-08-10 02:00:00,25.8,88,0.85,0.0
2025-08-10 03:00:00,25.4,90,0.74,0.0
2025-08-10 04:00:00,25.1,92,0.75,0.0
2025-08-10 05:00:00,25.0,92,0.85,0.0
2025-08-10 06:00:00,25.5,90,0.25,0.0
2025-08-10 07:00:00,25.8,90,0.05,19.0
2025-08-10 08:00:00,26.3,88,0.0,108.0
2025-08-10 09:00:00,26.9,85,0.72,222.0
2025-08-10 10:00:00,26.9,82,1.82,333.0
2025-08-10 11:00:00,27.4,80,1.88,457.0
2025-08-10 12:00:00,27.7,79,2.3,579.0
2025-08-10 13:00:00,27.9,78,2.95,674.0
2025-08-10 14:00:00,28.1,75,3.15,622.0
2025-08-10 15:00:00,27.9,76,3.42,539.0
2025-08-10 16:00:00,27.7,77,3.53,440.0
2025-08-10 17:00:00,27.5,77,3.24,304.0
2025-08-10 18:00:00,26.6,87,1.6,54.0
2025-08-10 19:00:00,26.4,90,1.15,7.0
2025-08-10 20:00:00,26.3,91,0.67,0.0
2025-08-10 21:00:00,26.1,91,0.42,0.0
2025-08-10 22:00:00,26.0,91,0.36,0.0
2025-08-10 23:00:00,26.0,91,0.34,0.0
2025-08-11 00:00:00,25.9,91,1.05,0.0
2025-08-11 01:00:00,25.8,91,0.96,0.0
2025-08-11 02:00:00,25.6,92,0.87,0.0
2025-08-11 03:00:00,25.7,88,1.64,0.0
2025-08-11 04:00:00,25.3,90,1.25,0.0
2025-08-11 05:00:00,25.0,91,1.43,0.0
2025-08-11 06:00:00,25.9,89,1.7,0.0
2025-08-11 07:00:00,25.8,92,1.45,46.0
2025-08-11 08:00:00,26.0,86,2.12,89.0
2025-08-11 09:00:00,26.7,83,2.23,296.0
2025-08-11 10:00:00,26.9,82,2.06,396.0
2025-08-11 11:00:00,28.0,78,2.72,722.0
2025-08-11 12:00:00,28.2,77,3.2,709.0
2025-08-11 13:00:00,28.2,76,3.24,656.0
2025-08-11 14:00:00,28.2,75,3.51,683.0
2025-08-11 15:00:00,28.0,76,4.17,615.0
2025-08-11 16:00:00,27.9,76,3.99,501.0
2025-08-11 17:00:00,27.6,76,3.68,281.0
2025-08-11 18:00:00,27.2,82,3.0,95.0
2025-08-11 19:00:00,26.6,85,2.15,11.0
2025-08-11 20:00:00,26.5,85,2.06,0.0
2025-08-11 21:00:00,26.6,84,1.86,0.0
2025-08-11 22:00:00,26.5,84,2.04,0.0
2025-08-11 23:00:00,25.8,88,1.94,0.0
2025-08-12 00:00:00,25.8,87,1.3,0.0
2025-08-12 01:00:00,25.7,87,1.7,0.0
2025-08-12 02:00:00,25.3,91,1.72,0.0
2025-08-12 03:00:00,25.3,91,1.9,0.0
2025-08-12 04:00:00,24.9,91,0.97,0.0
2025-08-12 05:00:00,25.0,90,0.99,0.0
2025-08-12 06:00:00,25.7,90,1.41,0.0
2025-08-12 07:00:00,26.0,88,1.71,53.0
2025-08-12 08:00:00,26.9,82,1.93,196.0
2025-08-12 09:00:00,26.0,82,3.17,286.0
2025-08-12 10:00:00,27.2,79,2.89,395.0
2025-08-12 11:00:00,27.8,77,3.25,525.0
2025-08-12 12:00:00,28.2,75,3.62,592.0
2025-08-12 13:00:00,28.3,75,3.78,673.0
2025-08-12 14:00:00,28.4,73,4.3,690.0
2025-08-12 15:00:00,28.6,71,4.41,638.0
2025-08-12 16:00:00,28.2,73,4.35,467.0
2025-08-12 17:00:00,27.7,74,4.05,301.0
2025-08-12 18:00:00,27.2,80,3.25,107.0
2025-08-12 19:00:00,26.8,82,2.26,15.0
2025-08-12 20:00:00,26.7,83,1.98,0.0
2025-08-12 21:00:00,25.9,87,2.02,0.0
2025-08-12 22:00:00,26.2,87,1.1,0.0
2025-08-12 23:00:00,25.7,87,2.0,0.0
2025-08-13 00:00:00,25.3,90,1.95,0.0
2025-08-13 01:00:00,25.0,92,1.47,0.0
2025-08-13 02:00:00,25.1,91,1.67,0.0
2025-08-13 03:00:00,25.2,91,2.57,0.0
2025-08-13 04:00:00,25.0,91,2.12,0.0
2025-08-13 05:00:00,25.0,91,2.22,0.0
2025-08-13 06:00:00,25.2,93,1.93,0.0
2025-08-13 07:00:00,25.6,90,2.46,33.0
2025-08-13 08:00:00,26.4,85,2.02,157.0
2025-08-13 09:00:00,27.5,81,2.24,355.0
2025-08-13 10:00:00,26.8,81,2.86,318.0
2025-08-13 11:00:00,26.9,84,2.17,327.0
2025-08-13 12:00:00,28.3,79,2.29,671.0
2025-08-13 13:00:00,27.2,79,2.86,512.0
2025-08-13 14:00:00,27.8,81,3.13,595.0
2025-08-13 15:00:00,26.7,85,3.3,244.0
2025-08-13 16:00:00,27.4,81,2.95,338.0
2025-08-13 17:00:00,26.8,83,2.5,140.0
2025-08-13 18:00:00,26.3,89,1.46,64.0
2025-08-13 19:00:00,25.6,91,1.92,6.0
2025-08-13 20:00:00,25.7,91,2.1,0.0
2025-08-13 21:00:00,25.7,91,1.59,0.0
2025-08-13 22:00:00,25.6,92,2.19,0.0
2025-08-13 23:00:00,25.5,90,1.87,0.0
2025-08-14 00:00:00,25.8,89,1.66,0.0
2025-08-14 01:00:00,25.5,89,2.77,0.0
2025-08-14 02:00:00,25.7,88,1.95,0.0
2025-08-14 03:00:00,25.2,91,2.44,0.0
2025-08-14 04:00:00,25.1,92,2.05,0.0
2025-08-14 05:00:00,25.2,91,2.36,0.0
2025-08-14 06:00:00,25.4,93,0.98,0.0
2025-08-14 07:00:00,25.2,94,1.51,19.0
2025-08-14 08:00:00,25.9,89,1.72,77.0
2025-08-14 09:00:00,25.5,93,2.27,70.0
2025-08-14 10:00:00,26.2,90,2.14,129.0
2025-08-14 11:00:00,26.0,89,2.35,146.0
2025-08-14 12:00:00,26.6,85,2.97,279.0
2025-08-14 13:00:00,27.0,83,3.39,377.0
2025-08-14 14:00:00,27.2,81,3.54,419.0
2025-08-14 15:00:00,26.9,82,3.41,256.0
2025-08-14 16:00:00,27.0,82,3.65,293.0
2025-08-14 17:00:00,26.8,84,3.18,123.0
2025-08-14 18:00:00,26.4,90,2.02,51.0
2025-08-14 19:00:00,25.9,91,2.19,7.0
2025-08-14 20:00:00,25.4,96,1.4,0.0
2025-08-14 21:00:00,25.5,95,2.32,0.0
2025-08-14 22:00:00,25.2,95,2.86,0.0
2025-08-14 23:00:00,25.3,94,3.4,0.0
2025-08-15 00:00:00,25.5,94,3.0,0.0
2025-08-15 01:00:00,25.2,93,3.75,0.0
2025-08-15 02:00:00,25.5,92,3.87,0.0
2025-08-15 03:00:00,25.5,91,3.62,0.0
2025-08-15 04:00:00,25.5,91,3.12,0.0
2025-08-15 05:00:00,25.3,91,3.61,0.0
2025-08-15 06:00:00,25.5,92,1.71,0.0
2025-08-15 07:00:00,25.8,92,1.97,22.0
2025-08-15 08:00:00,26.4,89,1.52,92.0
2025-08-15 09:00:00,26.8,85,2.26,241.0
2025-08-15 10:00:00,27.1,84,2.34,295.0
2025-08-15 11:00:00,27.2,84,3.12,363.0
2025-08-15 12:00:00,27.1,84,3.72,286.0
2025-08-15 13:00:00,26.8,83,3.81,273.0
2025-08-15 14:00:00,27.1,85,4.0,348.0
2025-08-15 15:00:00,26.8,84,3.86,344.0
2025-08-15 16:00:00,27.0,86,3.72,338.0
2025-08-15 17:00:00,26.4,86,3.35,143.0
2025-08-15 18:00:00,25.8,91,3.66,26.0
2025-08-15 19:00:00,25.5,92,3.73,6.0
2025-08-15 20:00:00,25.8,91,2.22,0.0
2025-08-15 21:00:00,25.4,91,2.62,0.0
2025-08-15 22:00:00,25.6,91,2.3,0.0
2025-08-15 23:00:00,25.4,92,1.9,0.0
2025-08-16 00:00:00,25.4,92,1.87,0.0
2025-08-16 01:00:00,25.0,93,2.59,0.0
2025-08-16 02:00:00,24.7,95,2.05,0.0
2025-08-16 03:00:00,24.8,94,1.95,0.0
2025-08-16 04:00:00,24.9,94,2.02,0.0
2025-08-16 05:00:00,24.9,94,2.2,0.0
2025-08-16 06:00:00,25.4,91,3.94,0.0
2025-08-16 07:00:00,25.2,93,2.66,27.0
2025-08-16 08:00:00,25.2,94,2.34,59.0
2025-08-16 09:00:00,25.4,94,2.78,71.0
2025-08-16 10:00:00,26.2,91,2.61,147.0
2025-08-16 11:00:00,26.1,91,3.29,195.0
2025-08-16 12:00:00,26.5,87,3.92,265.0
2025-08-16 13:00:00,26.1,90,3.28,173.0
2025-08-16 14:00:00,25.6,94,3.09,157.0
2025-08-16 15:00:00,25.3,94,2.47,73.0
2025-08-16 16:00:00,25.3,94,2.75,73.0
2025-08-16 17:00:00,25.4,92,3.15,51.0
2025-08-16 18:00:00,26.3,85,3.56,45.0
2025-08-16 19:00:00,25.5,88,2.46,4.0
2025-08-16 20:00:00,25.5,88,2.2,0.0
2025-08-16 21:00:00,25.4,90,1.83,0.0
2025-08-16 22:00:00,25.4,89,1.68,0.0
2025-08-16 23:00:00,25.2,92,1.7,0.0
2025-08-17 00:00:00,25.2,93,2.25,0.0
2025-08-17 01:00:00,25.2,93,1.79,0.0
2025-08-17 02:00:00,25.3,92,2.56,0.0
2025-08-17 03:00:00,25.3,92,2.06,0.0
2025-08-17 04:00:00,25.3,91,2.04,0.0
2025-08-17 05:00:00,25.4,91,1.82,0.0
2025-08-17 06:00:00,25.1,94,2.28,0.0
2025-08-17 07:00:00,25.3,93,2.69,10.0
2025-08-17 08:00:00,26.1,89,2.19,110.0
2025-08-17 09:00:00,26.2,88,2.44,189.0
2025-08-17 10:00:00,26.9,86,2.97,412.0
2025-08-17 11:00:00,27.8,81,3.51,698.0
2025-08-17 12:00:00,28.1,78,3.54,714.0
2025-08-17 13:00:00,28.0,78,3.5,662.0
2025-08-17 14:00:00,27.9,80,4.81,720.0
2025-08-17 15:00:00,27.5,81,5.58,585.0
2025-08-17 16:00:00,26.9,84,5.52,438.0
2025-08-17 17:00:00,26.7,85,5.31,214.0
2025-08-17 18:00:00,26.6,84,4.82,86.0
2025-08-17 19:00:00,26.2,89,4.24,4.0
2025-08-17 20:00:00,25.7,89,4.41,0.0
2025-08-17 21:00:00,25.4,91,4.81,0.0
2025-08-17 22:00:00,25.8,90,5.08,0.0
2025-08-17 23:00:00,25.8,90,4.34,0.0
2025-08-18 00:00:00,25.3,92,4.52,0.0
2025-08-18 01:00:00,25.2,91,4.36,0.0
2025-08-18 02:00:00,25.4,92,4.14,0.0
2025-08-18 03:00:00,25.2,91,4.84,0.0
2025-08-18 04:00:00,25.5,91,4.23,0.0
2025-08-18 05:00:00,25.3,91,4.35,0.0
2025-08-18 06:00:00,25.3,93,4.0,0.0
2025-08-18 07:00:00,25.4,93,4.6,5.0
2025-08-18 08:00:00,25.4,94,5.02,53.0
2025-08-18 09:00:00,25.6,93,4.86,70.0
2025-08-18 10:00:00,25.4,94,6.41,114.0
2025-08-18 11:00:00,25.4,93,5.93,51.0
2025-08-18 12:00:00,25.3,93,5.97,59.0
2025-08-18 13:00:00,26.0,92,6.02,351.0
2025-08-18 14:00:00,25.6,93,5.64,162.0
2025-08-18 15:00:00,25.1,93,6.55,90.0
2025-08-18 16:00:00,25.2,91,5.62,99.0
2025-08-18 17:00:00,25.7,88,6.13,54.0
2025-08-18 18:00:00,25.4,93,5.82,32.0
2025-08-18 19:00:00,25.4,93,5.57,1.0
2025-08-18 20:00:00,25.4,93,5.51,0.0
2025-08-18 21:00:00,25.4,93,5.77,0.0
2025-08-18 22:00:00,25.4,94,4.8,0.0
2025-08-18 23:00:00,25.3,94,4.75,0.0
2025-08-19 00:00:00,25.4,93,4.79,0.0
2025-08-19 01:00:00,25.2,93,5.11,0.0
2025-08-19 02:00:00,25.2,93,5.28,0.0
2025-08-19 03:00:00,25.2,94,5.56,0.0
2025-08-19 04:00:00,25.1,93,5.13,0.0
2025-08-19 05:00:00,25.1,93,5.29,0.0
2025-08-19 06:00:00,25.5,94,4.99,0.0
2025-08-19 07:00:00,25.4,93,6.08,10.0
2025-08-19 08:00:00,25.5,92,6.66,20.0
2025-08-19 09:00:00,25.4,93,6.3,31.0
2025-08-19 10:00:00,25.7,93,7.12,60.0
2025-08-19 11:00:00,26.0,88,7.29,316.0
2025-08-19 12:00:00,26.2,89,6.6,89.0
2025-08-19 13:00:00,26.1,87,7.18,55.0
2025-08-19 14:00:00,25.9,88,7.16,134.0
2025-08-19 15:00:00,26.0,90,7.93,91.0
2025-08-19 16:00:00,25.8,91,8.12,75.0
2025-08-19 17:00:00,25.7,92,8.4,37.0
2025-08-19 18:00:00,25.2,91,7.14,24.0
2025-08-19 19:00:00,25.1,91,6.75,3.0
2025-08-19 20:00:00,25.4,92,6.72,0.0
2025-08-19 21:00:00,25.7,90,6.06,0.0
2025-08-19 22:00:00,25.5,89,7.2,0.0
2025-08-19 23:00:00,25.6,91,7.08,0.0
2025-08-20 00:00:00,25.6,89,7.62,0.0
2025-08-20 01:00:00,25.6,90,7.02,0.0
2025-08-20 02:00:00,25.6,89,6.54,0.0
2025-08-20 03:00:00,24.9,90,5.69,0.0
2025-08-20 04:00:00,24.8,93,5.74,0.0
2025-08-20 05:00:00,24.8,93,5.43,0.0
2025-08-20 06:00:00,25.4,92,7.4,0.0
2025-08-20 07:00:00,25.7,89,7.56,9.0
2025-08-20 08:00:00,25.6,90,7.0,42.0
2025-08-20 09:00:00,25.3,92,6.81,48.0
2025-08-20 10:00:00,25.7,90,7.15,59.0
2025-08-20 11:00:00,25.8,90,7.03,92.0
2025-08-20 12:00:00,26.0,90,6.14,112.0
2025-08-20 13:00:00,25.5,92,7.13,145.0
2025-08-20 14:00:00,25.6,92,6.82,132.0
2025-08-20 15:00:00,26.1,89,6.42,131.0
2025-08-20 16:00:00,26.2,86,5.89,220.0
2025-08-20 17:00:00,26.4,85,6.21,125.0
2025-08-20 18:00:00,25.9,86,6.26,49.0
2025-08-20 19:00:00,26.5,85,5.94,8.0
2025-08-20 20:00:00,26.1,85,6.28,0.0
2025-08-20 21:00:00,25.3,90,5.82,0.0
2025-08-20 22:00:00,25.8,88,6.23,0.0
2025-08-20 23:00:00,25.4,91,6.35,0.0
2025-08-21 00:00:00,25.6,90,5.71,0.0
2025-08-21 01:00:00,25.3,91,6.11,0.0
2025-08-21 02:00:00,25.6,89,5.6,0.0
2025-08-21 03:00:00,26.0,87,5.68,0.0
2025-08-21 04:00:00,26.0,84,5.46,0.0
2025-08-21 05:00:00,25.8,88,5.17,0.0
2025-08-21 06:00:00,25.8,86,5.42,0.0
2025-08-21 07:00:00,26.2,86,5.23,30.0
2025-08-21 08:00:00,26.7,84,5.61,173.0
2025-08-21 09:00:00,26.8,85,5.21,372.0
2025-08-21 10:00:00,27.9,78,6.23,594.0
2025-08-21 11:00:00,27.4,79,6.46,515.0
2025-08-21 12:00:00,28.0,77,7.02,751.0
2025-08-21 13:00:00,27.9,80,6.43,672.0
2025-08-21 14:00:00,27.6,83,6.43,737.0
2025-08-21 15:00:00,27.6,82,6.03,612.0
2025-08-21 16:00:00,27.1,82,6.57,438.0
2025-08-21 17:00:00,26.3,83,5.59,225.0
2025-08-21 18:00:00,27.2,82,6.14,107.0
2025-08-21 19:00:00,26.6,86,4.97,9.0
2025-08-21 20:00:00,26.0,88,4.67,0.0
2025-08-21 21:00:00,25.9,87,4.92,0.0
2025-08-21 22:00:00,26.5,87,5.13,0.0
2025-08-21 23:00:00,26.1,86,4.86,0.0
2025-08-22 00:00:00,26.3,87,5.02,0.0
2025-08-22 01:00:00,26.4,86,5.15,0.0
2025-08-22 02:00:00,25.6,87,5.44,0.0
2025-08-22 03:00:00,26.2,85,5.05,0.0
2025-08-22 04:00:00,25.6,89,4.82,0.0
2025-08-22 05:00:00,25.7,87,4.34,0.0
2025-08-22 06:00:00,26.5,82,5.08,0.0
2025-08-22 07:00:00,26.2,84,5.06,54.0
2025-08-22 08:00:00,26.8,84,4.72,152.0
2025-08-22 09:00:00,27.6,77,5.5,334.0
2025-08-22 10:00:00,27.9,78,4.99,521.0
2025-08-22 11:00:00,28.0,78,5.37,628.0
2025-08-22 12:00:00,28.0,77,5.95,700.0
2025-08-22 13:00:00,28.2,78,5.79,754.0
2025-08-22 14:00:00,28.2,75,5.77,741.0
2025-08-22 15:00:00,28.1,77,5.84,695.0
2025-08-22 16:00:00,27.8,76,6.15,506.0
2025-08-22 17:00:00,27.1,76,5.88,297.0
2025-08-22 18:00:00,26.8,80,5.13,107.0
2025-08-22 19:00:00,26.3,83,4.25,7.0
2025-08-22 20:00:00,26.2,84,4.32,0.0
2025-08-22 21:00:00,26.8,80,4.72,0.0
2025-08-22 22:00:00,26.5,82,4.54,0.0
2025-08-22 23:00:00,26.5,80,4.48,0.0
2025-08-23 00:00:00,26.1,84,4.31,0.0
2025-08-23 01:00:00,26.0,86,4.15,0.0
2025-08-23 02:00:00,25.4,86,4.64,0.0
2025-08-23 03:00:00,24.8,87,5.13,0.0
2025-08-23 04:00:00,24.7,90,3.62,0.0
2025-08-23 05:00:00,24.8,90,4.16,0.0
2025-08-23 06:00:00,26.4,80,5.34,0.0
2025-08-23 07:00:00,26.5,78,5.85,35.0
2025-08-23 08:00:00,26.3,81,6.02,169.0
2025-08-23 09:00:00,27.4,80,5.68,305.0
2025-08-23 10:00:00,28.2,73,6.44,543.0
2025-08-23 11:00:00,28.1,75,6.42,572.0
2025-08-23 12:00:00,28.3,70,6.95,782.0
2025-08-23 13:00:00,27.5,77,6.46,583.0
2025-08-23 14:00:00,27.7,76,6.69,642.0
2025-08-23 15:00:00,26.6,79,6.96,504.0
2025-08-23 16:00:00,27.6,76,6.92,355.0
2025-08-23 17:00:00,27.3,75,6.78,281.0
2025-08-23 18:00:00,27.1,80,5.86,122.0
2025-08-23 19:00:00,26.7,82,5.24,8.0
2025-08-23 20:00:00,26.6,82,4.99,0.0
2025-08-23 21:00:00,26.6,82,4.8,0.0
2025-08-23 22:00:00,26.5,84,5.17,0.0
2025-08-23 23:00:00,26.4,84,5.5,0.0
2025-08-24 00:00:00,26.1,85,6.12,0.0
2025-08-24 01:00:00,26.0,86,5.7,0.0
2025-08-24 02:00:00,25.9,87,5.94,0.0
2025-08-24 03:00:00,25.5,85,6.13,0.0
2025-08-24 04:00:00,25.4,89,5.01,0.0
2025-08-24 05:00:00,25.4,87,4.9,0.0
2025-08-24 06:00:00,26.3,81,6.14,0.0
2025-08-24 07:00:00,26.5,82,5.35,56.0
2025-08-24 08:00:00,27.6,78,6.02,248.0
2025-08-24 09:00:00,27.9,77,6.07,447.0
2025-08-24 10:00:00,27.7,77,6.31,571.0
2025-08-24 11:00:00,28.5,76,6.56,738.0
2025-08-24 12:00:00,28.5,74,6.67,731.0
2025-08-24 13:00:00,28.4,76,6.64,867.0
2025-08-24 14:00:00,27.9,76,6.69,816.0
2025-08-24 15:00:00,27.3,80,5.28,468.0
2025-08-24 16:00:00,26.7,81,5.44,533.0
2025-08-24 17:00:00,26.0,84,5.23,277.0
2025-08-24 18:00:00,27.0,82,5.19,114.0
2025-08-24 19:00:00,25.8,84,5.32,9.0
2025-08-24 20:00:00,25.7,87,4.6,0.0
2025-08-24 21:00:00,26.6,80,5.31,0.0
2025-08-24 22:00:00,26.3,82,5.07,0.0
2025-08-24 23:00:00,25.9,83,5.39,0.0
2025-08-25 00:00:00,25.5,83,4.98,0.0
2025-08-25 01:00:00,24.7,88,4.95,0.0
2025-08-25 02:00:00,24.7,89,5.17,0.0
2025-08-25 03:00:00,25.2,88,4.77,0.0
2025-08-25 04:00:00,25.1,85,5.2,0.0
2025-08-25 05:00:00,25.0,87,4.86,0.0
2025-08-25 06:00:00,25.0,89,5.21,0.0
2025-08-25 07:00:00,25.3,89,5.52,21.0
2025-08-25 08:00:00,25.6,86,6.19,54.0
2025-08-25 09:00:00,26.1,86,5.68,126.0
2025-08-25 10:00:00,25.9,86,5.52,97.0
2025-08-25 11:00:00,26.0,84,6.11,235.0
2025-08-25 12:00:00,26.1,80,6.13,196.0
2025-08-25 13:00:00,26.8,80,5.39,384.0
2025-08-25 14:00:00,26.1,83,5.65,295.0
2025-08-25 15:00:00,26.2,84,5.09,177.0
2025-08-25 16:00:00,26.4,81,5.25,166.0
2025-08-25 17:00:00,26.4,83,5.21,83.0
2025-08-25 18:00:00,25.5,88,4.4,34.0
2025-08-25 19:00:00,25.5,90,2.93,3.0
2025-08-25 20:00:00,24.6,94,3.83,0.0
2025-08-25 21:00:00,25.3,90,2.91,0.0
2025-08-25 22:00:00,25.1,92,2.93,0.0
2025-08-25 23:00:00,25.3,91,3.62,0.0
2025-08-26 00:00:00,25.1,91,3.01,0.0
2025-08-26 01:00:00,25.1,92,3.23,0.0
2025-08-26 02:00:00,25.0,92,3.66,0.0
2025-08-26 03:00:00,25.0,91,3.36,0.0
2025-08-26 04:00:00,25.2,92,3.27,0.0
2025-08-26 05:00:00,24.9,92,3.14,0.0
2025-08-26 06:00:00,26.1,86,4.13,0.0
2025-08-26 07:00:00,26.8,86,3.67,57.0
2025-08-26 08:00:00,27.3,79,3.81,215.0
2025-08-26 09:00:00,27.8,76,4.24,344.0
2025-08-26 10:00:00,27.7,76,4.39,419.0
2025-08-26 11:00:00,27.8,79,4.51,627.0
2025-08-26 12:00:00,27.1,82,4.67,543.0
2025-08-26 13:00:00,27.4,82,4.66,679.0
2025-08-26 14:00:00,26.5,84,4.4,399.0
2025-08-26 15:00:00,27.3,81,4.6,462.0
2025-08-26 16:00:00,26.4,86,4.17,357.0
2025-08-26 17:00:00,26.6,84,3.91,138.0
2025-08-26 18:00:00,26.9,81,4.85,63.0
2025-08-26 19:00:00,26.4,82,4.2,6.0
2025-08-26 20:00:00,26.2,88,3.55,0.0
2025-08-26 21:00:00,26.4,90,3.36,0.0
2025-08-26 22:00:00,25.9,88,3.06,0.0
2025-08-26 23:00:00,26.1,87,3.41,0.0
2025-08-27 00:00:00,25.8,85,3.15,0.0
2025-08-27 01:00:00,25.4,90,2.1,0.0
2025-08-27 02:00:00,25.6,89,2.66,0.0
2025-08-27 03:00:00,25.4,90,2.33,0.0
2025-08-27 04:00:00,25.3,89,1.4,0.0
2025-08-27 05:00:00,25.0,91,1.51,0.0
2025-08-27 06:00:00,25.0,91,2.37,0.0
2025-08-27 07:00:00,25.8,89,2.03,30.0
2025-08-27 08:00:00,27.0,85,2.35,230.0
2025-08-27 09:00:00,27.6,79,2.34,372.0
2025-08-27 10:00:00,26.9,82,2.27,352.0
2025-08-27 11:00:00,28.2,79,2.62,626.0
2025-08-27 12:00:00,28.4,78,2.88,708.0
2025-08-27 13:00:00,27.9,78,3.04,685.0
2025-08-27 14:00:00,27.6,81,3.26,529.0
2025-08-27 15:00:00,27.8,82,3.51,565.0
2025-08-27 16:00:00,27.5,82,3.3,405.0
2025-08-27 17:00:00,26.7,84,2.81,96.0
2025-08-27 18:00:00,26.9,86,2.85,104.0
2025-08-27 19:00:00,26.7,89,2.16,6.0
2025-08-27 20:00:00,26.8,82,2.51,0.0
2025-08-27 21:00:00,26.4,86,2.04,0.0
2025-08-27 22:00:00,26.2,89,2.0,0.0
2025-08-27 23:00:00,25.5,91,1.62,0.0
2025-08-28 00:00:00,25.3,93,0.46,0.0
2025-08-28 01:00:00,25.2,93,1.68,0.0
2025-08-28 02:00:00,25.2,93,1.98,0.0
2025-08-28 03:00:00,25.2,92,2.03,0.0
2025-08-28 04:00:00,25.4,91,1.66,0.0
2025-08-28 05:00:00,25.1,91,1.92,0.0
2025-08-28 06:00:00,25.7,90,2.8,0.0
2025-08-28 07:00:00,26.1,90,3.16,27.0
2025-08-28 08:00:00,26.5,84,3.04,100.0
2025-08-28 09:00:00,26.4,87,2.32,134.0
2025-08-28 10:00:00,27.2,85,2.05,348.0
2025-08-28 11:00:00,28.0,82,2.66,507.0
2025-08-28 12:00:00,28.3,79,3.11,647.0
2025-08-28 13:00:00,28.3,80,3.0,633.0
2025-08-28 14:00:00,27.9,81,3.12,561.0
2025-08-28 15:00:00,27.9,80,2.53,398.0
2025-08-28 16:00:00,27.5,81,2.51,235.0
2025-08-28 17:00:00,27.1,84,2.28,124.0
2025-08-28 18:00:00,26.8,91,2.35,16.0
2025-08-28 19:00:00,26.3,95,1.87,1.0
2025-08-28 20:00:00,26.2,95,1.47,0.0
2025-08-28 21:00:00,26.1,94,1.15,0.0
2025-08-28 22:00:00,26.0,94,1.99,0.0
2025-08-28 23:00:00,25.9,94,1.75,0.0
2025-08-29 00:00:00,25.9,92,2.76,0.0
2025-08-29 01:00:00,25.8,93,2.69,0.0
2025-08-29 02:00:00,25.7,93,2.87,0.0
2025-08-29 03:00:00,25.7,91,2.33,0.0
2025-08-29 04:00:00,25.5,92,2.32,0.0
2025-08-29 05:00:00,25.4,90,1.63,0.0
2025-08-29 06:00:00,25.9,89,1.79,0.0
2025-08-29 07:00:00,25.9,90,2.07,37.0
2025-08-29 08:00:00,26.6,87,1.85,160.0
2025-08-29 09:00:00,27.0,84,1.76,195.0
2025-08-29 10:00:00,27.5,83,1.8,341.0
2025-08-29 11:00:00,27.8,82,2.62,478.0
2025-08-29 12:00:00,27.6,83,2.46,463.0
2025-08-29 13:00:00,28.0,81,2.8,570.0
2025-08-29 14:00:00,28.0,80,3.27,500.0
2025-08-29 15:00:00,27.9,81,3.2,506.0
2025-08-29 16:00:00,27.3,81,3.38,290.0
2025-08-29 17:00:00,27.0,85,3.04,122.0
2025-08-29 18:00:00,25.8,95,2.23,20.0
2025-08-29 19:00:00,25.5,92,2.84,1.0
2025-08-29 20:00:00,25.5,93,1.67,0.0
2025-08-29 21:00:00,25.6,92,2.3,0.0
2025-08-29 22:00:00,25.5,92,2.34,0.0
2025-08-29 23:00:00,25.5,90,1.71,0.0
2025-08-30 00:00:00,25.3,92,2.29,0.0
2025-08-30 01:00:00,25.2,93,1.86,0.0
2025-08-30 02:00:00,25.1,94,2.63,0.0
2025-08-30 03:00:00,25.0,93,2.67,0.0
2025-08-30 04:00:00,25.3,93,1.96,0.0
2025-08-30 05:00:00,25.1,93,2.24,0.0
2025-08-30 06:00:00,25.4,93,2.34,0.0
2025-08-30 07:00:00,25.9,90,2.55,17.0
2025-08-30 08:00:00,26.1,87,2.5,47.0
2025-08-30 09:00:00,26.8,80,2.94,270.0
2025-08-30 10:00:00,26.8,79,2.75,396.0
2025-08-30 11:00:00,27.7,77,1.85,668.0
2025-08-30 12:00:00,27.6,77,1.81,496.0
2025-08-30 13:00:00,28.2,76,2.6,707.0
2025-08-30 14:00:00,28.4,76,3.31,753.0
2025-08-30 15:00:00,28.2,77,3.34,533.0
2025-08-30 16:00:00,28.0,78,3.32,371.0
2025-08-30 17:00:00,27.6,81,3.09,293.0
2025-08-30 18:00:00,26.8,86,2.59,56.0
2025-08-30 19:00:00,26.4,89,2.39,3.0
2025-08-30 20:00:00,26.3,90,1.94,0.0
2025-08-30 21:00:00,26.3,89,2.09,0.0
2025-08-30 22:00:00,26.2,89,2.09,0.0
2025-08-30 23:00:00,26.0,90,2.23,0.0
2025-08-31 00:00:00,25.8,90,2.91,0.0
2025-08-31 01:00:00,25.8,88,2.91,0.0
2025-08-31 02:00:00,25.6,90,2.76,0.0
2025-08-31 03:00:00,25.4,90,3.32,0.0
2025-08-31 04:00:00,25.0,94,2.72,0.0
2025-08-31 05:00:00,25.2,92,3.03,0.0
2025-08-31 06:00:00,25.7,87,2.67,0.0
2025-08-31 07:00:00,25.8,90,2.45,44.0
2025-08-31 08:00:00,26.7,85,2.91,193.0
2025-08-31 09:00:00,27.1,83,2.8,279.0
2025-08-31 10:00:00,27.4,81,3.61,456.0
2025-08-31 11:00:00,27.0,84,3.09,402.0
2025-08-31 12:00:00,27.6,81,3.65,497.0
2025-08-31 13:00:00,27.6,80,4.19,606.0
2025-08-31 14:00:00,27.5,82,4.6,524.0
2025-08-31 15:00:00,27.7,82,4.84,570.0
2025-08-31 16:00:00,27.4,81,5.04,459.0
2025-08-31 17:00:00,27.0,82,4.7,256.0
2025-08-31 18:00:00,26.2,87,3.57,39.0
2025-08-31 19:00:00,26.3,86,3.2,2.0
2025-08-31 20:00:00,26.1,87,3.34,0.0
2025-08-31 21:00:00,26.2,90,3.32,0.0
2025-08-31 22:00:00,25.7,90,3.18,0.0
2025-08-31 23:00:00,25.6,89,3.64,0.0
2025-09-01 00:00:00,25.3,90,2.88,0.0
2025-09-01 01:00:00,25.5,90,3.11,0.0
2025-09-01 02:00:00,25.1,91,3.71,0.0
2025-09-01 03:00:00,25.4,89,3.34,0.0
2025-09-01 04:00:00,25.4,87,3.42,0.0
2025-09-01 05:00:00,25.5,85,3.81,0.0
2025-09-01 06:00:00,26.3,88,4.01,0.0
2025-09-01 07:00:00,26.7,85,4.78,44.0
2025-09-01 08:00:00,27.1,80,5.21,172.0
2025-09-01 09:00:00,26.5,84,4.97,286.0
2025-09-01 10:00:00,27.1,80,4.81,342.0
2025-09-01 11:00:00,27.6,78,4.82,442.0
2025-09-01 12:00:00,27.1,80,5.32,486.0
2025-09-01 13:00:00,27.7,80,5.49,578.0
2025-09-01 14:00:00,27.8,79,5.84,595.0
2025-09-01 15:00:00,27.2,78,5.86,523.0
2025-09-01 16:00:00,27.2,81,5.38,294.0
2025-09-01 17:00:00,26.4,85,5.1,248.0
2025-09-01 18:00:00,26.6,86,5.11,94.0
2025-09-01 19:00:00,26.8,86,4.67,3.0
2025-09-01 20:00:00,26.2,86,4.41,0.0
2025-09-01 21:00:00,26.3,87,4.18,0.0
2025-09-01 22:00:00,26.2,89,4.43,0.0
2025-09-01 23:00:00,25.8,89,4.82,0.0
2025-09-02 00:00:00,25.9,87,4.22,0.0
2025-09-02 01:00:00,25.8,85,4.07,0.0
2025-09-02 02:00:00,25.2,91,3.76,0.0
2025-09-02 03:00:00,25.4,89,3.07,0.0
2025-09-02 04:00:00,25.5,90,3.25,0.0
2025-09-02 05:00:00,24.9,90,3.15,0.0
2025-09-02 06:00:00,25.7,89,3.84,0.0
2025-09-02 07:00:00,25.9,88,3.48,42.0
2025-09-02 08:00:00,26.3,86,3.89,147.0
2025-09-02 09:00:00,27.0,82,4.18,226.0
2025-09-02 10:00:00,27.6,83,3.99,565.0
2025-09-02 11:00:00,28.0,82,4.02,696.0
2025-09-02 12:00:00,28.2,81,4.18,860.0
2025-09-02 13:00:00,28.1,81,4.26,750.0
2025-09-02 14:00:00,28.3,80,4.28,809.0
2025-09-02 15:00:00,27.9,81,4.27,609.0
2025-09-02 16:00:00,27.4,82,4.07,478.0
2025-09-02 17:00:00,26.8,84,3.95,243.0
2025-09-02 18:00:00,27.0,86,3.71,83.0
2025-09-02 19:00:00,26.8,86,3.51,4.0
2025-09-02 20:00:00,26.4,87,3.16,0.0
2025-09-02 21:00:00,26.3,86,3.31,0.0
2025-09-02 22:00:00,26.3,88,3.06,0.0
2025-09-02 23:00:00,26.2,88,3.44,0.0
2025-09-03 00:00:00,25.7,87,3.7,0.0
2025-09-03 01:00:00,25.2,90,3.18,0.0
2025-09-03 02:00:00,25.4,89,2.85,0.0
2025-09-03 03:00:00,25.0,89,2.81,0.0
2025-09-03 04:00:00,25.2,91,2.55,0.0
2025-09-03 05:00:00,24.7,91,2.49,0.0
2025-09-03 06:00:00,26.4,86,4.39,0.0
2025-09-03 07:00:00,26.7,83,4.07,58.0
2025-09-03 08:00:00,26.8,79,3.91,163.0
2025-09-03 09:00:00,27.7,80,3.53,308.0
2025-09-03 10:00:00,28.6,77,3.56,636.0
2025-09-03 11:00:00,28.7,70,3.29,691.0
2025-09-03 12:00:00,28.6,74,3.76,768.0
2025-09-03 13:00:00,28.7,74,4.02,778.0
2025-09-03 14:00:00,28.3,76,4.25,719.0
2025-09-03 15:00:00,28.2,76,4.39,645.0
2025-09-03 16:00:00,27.9,77,4.49,521.0
2025-09-03 17:00:00,27.4,78,4.18,291.0
2025-09-03 18:00:00,27.2,81,3.35,93.0
2025-09-03 19:00:00,26.6,85,2.8,4.0
2025-09-03 20:00:00,26.5,86,2.4,0.0
2025-09-03 21:00:00,26.4,87,1.5,0.0
2025-09-03 22:00:00,26.3,88,2.01,0.0
2025-09-03 23:00:00,26.0,91,2.51,0.0
2025-09-04 00:00:00,25.7,91,2.61,0.0
2025-09-04 01:00:00,25.8,87,2.39,0.0
2025-09-04 02:00:00,25.4,90,1.96,0.0
2025-09-04 03:00:00,24.8,91,1.86,0.0
2025-09-04 04:00:00,25.0,92,1.88,0.0
2025-09-04 05:00:00,24.8,91,2.21,0.0
2025-09-04 06:00:00,25.1,89,3.3,0.0
2025-09-04 07:00:00,25.9,86,2.46,38.0
2025-09-04 08:00:00,25.7,87,2.95,101.0
2025-09-04 09:00:00,25.5,89,2.01,105.0
2025-09-04 10:00:00,25.8,87,2.27,224.0
2025-09-04 11:00:00,25.9,83,2.31,181.0
2025-09-04 12:00:00,25.8,86,2.3,205.0
2025-09-04 13:00:00,25.9,87,2.74,189.0
2025-09-04 14:00:00,25.7,89,3.15,136.0
2025-09-04 15:00:00,25.8,88,3.2,131.0
2025-09-04 16:00:00,25.5,88,3.37,103.0
2025-09-04 17:00:00,25.7,89,2.5,76.0
2025-09-04 18:00:00,26.0,88,3.38,30.0
2025-09-04 19:00:00,25.8,87,3.37,1.0
2025-09-04 20:00:00,26.2,86,3.45,0.0
2025-09-04 21:00:00,25.9,88,3.36,0.0
2025-09-04 22:00:00,25.8,88,3.1,0.0
2025-09-04 23:00:00,25.2,91,3.1,0.0
2025-09-05 00:00:00,25.1,91,2.36,0.0
2025-09-05 01:00:00,25.3,91,2.64,0.0
2025-09-05 02:00:00,25.2,91,2.47,0.0
2025-09-05 03:00:00,24.9,93,2.91,0.0
2025-09-05 04:00:00,25.1,93,3.31,0.0
2025-09-05 05:00:00,25.1,92,3.28,0.0
2025-09-05 06:00:00,24.9,92,2.93,0.0
2025-09-05 07:00:00,25.4,89,3.1,13.0
2025-09-05 08:00:00,25.7,90,2.91,51.0
2025-09-05 09:00:00,26.3,88,3.44,155.0
2025-09-05 10:00:00,26.6,88,4.51,400.0
2025-09-05 11:00:00,26.1,91,4.9,222.0
2025-09-05 12:00:00,26.6,87,3.92,331.0
2025-09-05 13:00:00,26.9,85,3.71,336.0
2025-09-05 14:00:00,27.4,83,3.99,389.0
2025-09-05 15:00:00,27.0,84,4.03,240.0
2025-09-05 16:00:00,26.9,85,3.87,279.0
2025-09-05 17:00:00,26.8,84,3.82,134.0
2025-09-05 18:00:00,26.1,90,2.68,22.0
2025-09-05 19:00:00,26.0,90,2.58,1.0
2025-09-05 20:00:00,25.6,90,2.82,0.0
2025-09-05 21:00:00,25.5,91,2.33,0.0
2025-09-05 22:00:00,25.8,89,2.25,0.0
2025-09-05 23:00:00,25.5,90,2.5,0.0
2025-09-06 00:00:00,25.3,91,2.53,0.0
2025-09-06 01:00:00,25.4,90,3.02,0.0
2025-09-06 02:00:00,25.2,92,3.49,0.0
2025-09-06 03:00:00,25.2,92,3.23,0.0
2025-09-06 04:00:00,25.0,93,3.49,0.0
2025-09-06 05:00:00,24.8,94,3.49,0.0
2025-09-06 06:00:00,25.1,93,3.52,0.0
2025-09-06 07:00:00,25.2,93,3.9,12.0
2025-09-06 08:00:00,25.5,91,4.23,43.0
2025-09-06 09:00:00,25.7,90,4.76,84.0
2025-09-06 10:00:00,25.5,91,4.96,149.0
2025-09-06 11:00:00,26.0,86,5.48,226.0
2025-09-06 12:00:00,25.4,83,5.17,246.0
2025-09-06 13:00:00,25.8,82,4.23,295.0
2025-09-06 14:00:00,26.5,80,5.5,521.0
2025-09-06 15:00:00,26.4,81,5.15,397.0
2025-09-06 16:00:00,26.3,83,4.85,142.0
2025-09-06 17:00:00,26.2,84,4.65,86.0
2025-09-06 18:00:00,26.5,83,3.79,30.0
2025-09-06 19:00:00,26.2,82,3.49,2.0
2025-09-06 20:00:00,26.1,83,3.32,0.0
2025-09-06 21:00:00,26.2,84,3.24,0.0
2025-09-06 22:00:00,26.2,84,3.58,0.0
2025-09-06 23:00:00,26.1,84,4.24,0.0
2025-09-07 00:00:00,25.9,85,4.13,0.0
2025-09-07 01:00:00,25.5,86,3.87,0.0
2025-09-07 02:00:00,25.3,87,4.31,0.0
2025-09-07 03:00:00,25.1,88,4.94,0.0
2025-09-07 04:00:00,25.3,89,4.38,0.0
2025-09-07 05:00:00,25.3,89,4.39,0.0
2025-09-07 06:00:00,25.0,91,4.72,0.0
2025-09-07 07:00:00,26.0,87,3.91,19.0
2025-09-07 08:00:00,26.6,84,4.11,65.0
2025-09-07 09:00:00,27.6,76,4.29,240.0
2025-09-07 10:00:00,28.1,74,4.52,525.0
2025-09-07 11:00:00,27.9,75,4.53,529.0
2025-09-07 12:00:00,27.8,76,4.44,671.0
2025-09-07 13:00:00,27.7,80,4.16,644.0
2025-09-07 14:00:00,28.0,78,4.72,732.0
2025-09-07 15:00:00,27.5,79,4.44,514.0
2025-09-07 16:00:00,26.7,81,3.94,404.0
2025-09-07 17:00:00,26.6,82,3.82,228.0
2025-09-07 18:00:00,26.3,85,3.57,73.0
2025-09-07 19:00:00,25.5,86,2.48,1.0
2025-09-07 20:00:00,25.4,91,1.6,0.0
2025-09-07 21:00:00,25.3,92,1.96,0.0
2025-09-07 22:00:00,25.2,91,2.25,0.0
2025-09-07 23:00:00,24.7,92,2.55,0.0
2025-09-08 00:00:00,24.7,92,2.96,0.0
2025-09-08 01:00:00,24.6,92,3.27,0.0
2025-09-08 02:00:00,24.4,92,3.71,0.0
2025-09-08 03:00:00,24.3,93,3.86,0.0
2025-09-08 04:00:00,24.6,92,3.88,0.0
2025-09-08 05:00:00,24.6,91,3.75,0.0
2025-09-08 06:00:00,24.7,92,3.4,0.0
2025-09-08 07:00:00,25.3,90,3.29,57.0
2025-09-08 08:00:00,26.1,84,4.18,212.0
2025-09-08 09:00:00,26.8,80,4.38,372.0
2025-09-08 10:00:00,27.6,77,4.61,641.0
2025-09-08 11:00:00,27.6,77,4.62,702.0
2025-09-08 12:00:00,27.7,75,4.74,784.0
2025-09-08 13:00:00,27.3,82,4.25,748.0
2025-09-08 14:00:00,27.7,80,4.08,768.0
2025-09-08 15:00:00,27.8,79,3.68,692.0
2025-09-08 16:00:00,27.6,78,3.57,493.0
2025-09-08 17:00:00,27.1,80,3.56,303.0
2025-09-08 18:00:00,27.0,84,2.52,97.0
2025-09-08 19:00:00,26.5,87,1.99,2.0
2025-09-08 20:00:00,26.3,89,1.7,0.0
2025-09-08 21:00:00,25.9,90,1.52,0.0
2025-09-08 22:00:00,25.5,92,1.5,0.0
2025-09-08 23:00:00,25.2,94,1.97,0.0
2025-09-09 00:00:00,24.9,95,1.87,0.0
2025-09-09 01:00:00,24.7,96,1.88,0.0
2025-09-09 02:00:00,24.6,95,1.93,0.0
2025-09-09 03:00:00,24.4,96,1.99,0.0
2025-09-09 04:00:00,24.3,96,2.05,0.0
2025-09-09 05:00:00,24.2,95,2.13,0.0
2025-09-09 06:00:00,24.7,95,1.96,0.0
2025-09-09 07:00:00,25.2,93,2.44,60.0
2025-09-09 08:00:00,25.9,90,2.86,235.0
2025-09-09 09:00:00,27.2,81,2.9,458.0
2025-09-09 10:00:00,28.0,77,2.82,608.0
2025-09-09 11:00:00,28.6,74,2.85,794.0
2025-09-09 12:00:00,28.8,74,2.73,887.0
2025-09-09 13:00:00,28.9,72,2.8,903.0
2025-09-09 14:00:00,28.9,72,2.77,843.0
2025-09-09 15:00:00,28.8,74,2.73,710.0
2025-09-09 16:00:00,28.4,75,2.57,517.0
2025-09-09 17:00:00,27.9,76,2.42,309.0
2025-09-09 18:00:00,27.2,84,2.62,98.0
2025-09-09 19:00:00,26.5,90,1.6,2.0
2025-09-09 20:00:00,26.0,93,0.76,0.0
2025-09-09 21:00:00,25.7,94,0.36,0.0
2025-09-09 22:00:00,25.3,95,0.39,0.0
2025-09-09 23:00:00,25.0,96,0.22,0.0
2025-09-10 00:00:00,24.6,97,0.63,0.0
2025-09-10 01:00:00,24.8,97,0.96,0.0
2025-09-10 02:00:00,24.9,97,0.9,0.0
2025-09-10 03:00:00,24.6,98,0.96,0.0
2025-09-10 04:00:00,24.7,97,1.29,0.0
2025-09-10 05:00:00,24.6,98,1.36,0.0
2025-09-10 06:00:00,24.7,99,1.27,0.0
2025-09-10 07:00:00,24.8,99,1.37,44.0
2025-09-10 08:00:00,26.0,93,1.15,180.0
2025-09-10 09:00:00,27.7,81,0.47,461.0
2025-09-10 10:00:00,28.9,71,0.46,667.0
2025-09-10 11:00:00,29.4,68,1.38,812.0
2025-09-10 12:00:00,29.5,68,2.03,890.0
2025-09-10 13:00:00,29.2,70,2.6,890.0
2025-09-10 14:00:00,29.0,71,2.93,823.0
2025-09-10 15:00:00,28.7,73,3.04,700.0
2025-09-10 16:00:00,28.4,75,3.3,523.0
2025-09-10 17:00:00,27.8,77,3.24,311.0
2025-09-10 18:00:00,27.8,75,2.21,98.0
2025-09-10 19:00:00,27.1,79,1.77,2.0
2025-09-10 20:00:00,26.7,82,1.63,0.0
2025-09-10 21:00:00,26.5,84,1.45,0.0
2025-09-10 22:00:00,26.1,86,1.01,0.0
2025-09-10 23:00:00,25.8,89,0.81,0.0
2025-09-11 00:00:00,25.3,91,0.64,0.0
2025-09-11 01:00:00,25.0,93,0.34,0.0
2025-09-11 02:00:00,24.7,94,0.46,0.0
2025-09-11 03:00:00,24.4,94,0.75,0.0
2025-09-11 04:00:00,24.3,95,0.68,0.0
2025-09-11 05:00:00,24.2,96,0.7,0.0
2025-09-11 06:00:00,25.4,90,1.99,0.0
2025-09-11 07:00:00,25.8,87,1.04,42.0
2025-09-11 08:00:00,26.7,83,1.06,201.0
2025-09-11 09:00:00,26.7,82,1.72,347.0
2025-09-11 10:00:00,27.7,78,1.1,539.0
2025-09-11 11:00:00,28.3,74,1.52,656.0
2025-09-11 12:00:00,28.8,71,1.97,834.0
2025-09-11 13:00:00,28.7,71,2.38,786.0
2025-09-11 14:00:00,28.9,70,2.83,761.0
2025-09-11 15:00:00,28.6,72,3.06,664.0
2025-09-11 16:00:00,28.2,72,3.2,424.0
2025-09-11 17:00:00,27.8,74,2.91,252.0
2025-09-11 18:00:00,28.0,73,2.82,87.0
2025-09-11 19:00:00,27.3,77,1.71,1.0
2025-09-11 20:00:00,26.8,80,1.91,0.0
2025-09-11 21:00:00,26.5,82,1.32,0.0
2025-09-11 22:00:00,26.1,87,0.74,0.0
2025-09-11 23:00:00,25.9,87,0.39,0.0
2025-09-12 00:00:00,25.7,88,0.58,0.0
2025-09-12 01:00:00,25.6,88,0.47,0.0
2025-09-12 02:00:00,25.4,88,0.35,0.0
2025-09-12 03:00:00,25.1,90,0.6,0.0
2025-09-12 04:00:00,25.0,90,0.71,0.0
2025-09-12 05:00:00,24.8,92,0.57,0.0
2025-09-12 06:00:00,25.5,86,1.58,0.0
2025-09-12 07:00:00,26.0,82,1.5,58.0
2025-09-12 08:00:00,27.0,78,1.05,241.0
2025-09-12 09:00:00,28.1,75,1.25,444.0
2025-09-12 10:00:00,28.9,73,1.2,631.0
2025-09-12 11:00:00,29.3,69,1.84,640.0
2025-09-12 12:00:00,29.1,68,2.87,772.0
2025-09-12 13:00:00,28.3,71,2.7,648.0
2025-09-12 14:00:00,28.9,70,3.29,747.0
2025-09-12 15:00:00,28.6,71,3.58,608.0
2025-09-12 16:00:00,27.9,75,3.29,400.0
2025-09-12 17:00:00,27.5,77,2.72,190.0
2025-09-12 18:00:00,27.3,81,2.21,58.0
2025-09-12 19:00:00,27.0,85,1.2,1.0
2025-09-12 20:00:00,26.8,88,1.06,0.0
2025-09-12 21:00:00,26.5,91,0.51,0.0
2025-09-12 22:00:00,26.4,92,0.5,0.0
2025-09-12 23:00:00,26.1,93,0.58,0.0
2025-09-13 00:00:00,25.7,96,0.35,0.0
2025-09-13 01:00:00,25.6,96,0.55,0.0
2025-09-13 02:00:00,25.5,96,0.6,0.0
2025-09-13 03:00:00,25.1,98,0.32,0.0
2025-09-13 04:00:00,25.0,98,0.35,0.0
2025-09-13 05:00:00,25.1,97,0.8,0.0
2025-09-13 06:00:00,25.7,93,1.08,0.0
2025-09-13 07:00:00,26.0,88,1.41,40.0
2025-09-13 08:00:00,26.4,87,0.76,124.0
2025-09-13 09:00:00,27.0,84,0.92,228.0
2025-09-13 10:00:00,27.8,81,1.46,390.0
2025-09-13 11:00:00,28.3,77,1.84,418.0
2025-09-13 12:00:00,28.2,76,2.42,373.0
2025-09-13 13:00:00,28.3,75,3.37,600.0
2025-09-13 14:00:00,28.6,74,3.8,624.0
2025-09-13 15:00:00,28.3,75,4.05,549.0
2025-09-13 16:00:00,28.1,75,3.75,359.0
2025-09-13 17:00:00,27.4,79,3.05,153.0
2025-09-13 18:00:00,25.9,93,2.34,14.0
2025-09-13 19:00:00,25.7,95,2.48,0.0
2025-09-13 20:00:00,25.8,93,2.39,0.0
2025-09-13 21:00:00,25.6,95,1.95,0.0
2025-09-13 22:00:00,25.7,93,2.27,0.0
2025-09-13 23:00:00,25.4,95,1.41,0.0
2025-09-14 00:00:00,25.4,94,1.76,0.0
2025-09-14 01:00:00,25.4,94,2.02,0.0
2025-09-14 02:00:00,25.3,94,1.93,0.0
2025-09-14 03:00:00,25.4,94,1.53,0.0
2025-09-14 04:00:00,25.1,96,1.73,0.0
2025-09-14 05:00:00,25.1,96,0.85,0.0
2025-09-14 06:00:00,24.8,94,2.24,0.0
2025-09-14 07:00:00,24.9,97,1.63,23.0
2025-09-14 08:00:00,26.0,91,1.65,131.0
2025-09-14 09:00:00,26.7,86,1.62,278.0
2025-09-14 10:00:00,27.9,78,1.1,517.0
2025-09-14 11:00:00,28.9,73,1.84,763.0
2025-09-14 12:00:00,29.1,71,2.35,738.0
2025-09-14 13:00:00,29.0,71,3.74,866.0
2025-09-14 14:00:00,27.8,77,4.32,507.0
2025-09-14 15:00:00,27.5,82,3.94,293.0
2025-09-14 16:00:00,27.5,81,3.52,202.0
2025-09-14 17:00:00,27.2,80,3.73,125.0
2025-09-14 18:00:00,26.5,87,3.32,34.0
2025-09-14 19:00:00,26.0,90,2.15,0.0
2025-09-14 20:00:00,26.3,89,2.45,0.0
2025-09-14 21:00:00,26.2,90,2.51,0.0
2025-09-14 22:00:00,26.1,90,2.26,0.0
2025-09-14 23:00:00,25.6,93,1.3,0.0
2025-09-15 00:00:00,25.2,96,1.05,0.0
2025-09-15 01:00:00,25.2,96,0.86,0.0
2025-09-15 02:00:00,25.3,95,1.38,0.0
2025-09-15 03:00:00,25.4,94,1.66,0.0
2025-09-15 04:00:00,24.9,96,2.39,0.0
2025-09-15 05:00:00,25.3,93,2.44,0.0
2025-09-15 06:00:00,25.3,95,2.73,0.0
2025-09-15 07:00:00,25.3,94,2.84,9.0
2025-09-15 08:00:00,25.2,93,2.07,35.0
2025-09-15 09:00:00,25.5,94,2.43,56.0
2025-09-15 10:00:00,25.6,95,2.58,69.0
2025-09-15 11:00:00,26.5,90,2.65,291.0
2025-09-15 12:00:00,26.3,87,2.95,354.0
2025-09-15 13:00:00,27.0,86,3.75,637.0
2025-09-15 14:00:00,27.1,85,4.5,519.0
2025-09-15 15:00:00,26.9,86,4.37,253.0
2025-09-15 16:00:00,26.6,85,4.25,115.0
2025-09-15 17:00:00,26.7,85,3.5,65.0
2025-09-15 18:00:00,26.9,85,2.83,35.0
2025-09-15 19:00:00,26.6,86,2.83,0.0
2025-09-15 20:00:00,26.3,85,2.77,0.0
2025-09-15 21:00:00,26.0,87,2.21,0.0
2025-09-15 22:00:00,26.0,90,2.03,0.0
2025-09-15 23:00:00,25.8,91,1.52,0.0
2025-09-16 00:00:00,25.7,92,1.42,0.0
2025-09-16 01:00:00,25.4,94,0.93,0.0
2025-09-16 02:00:00,25.2,93,0.96,0.0
2025-09-16 03:00:00,25.4,92,1.32,0.0
2025-09-16 04:00:00,25.4,91,1.01,0.0
2025-09-16 05:00:00,25.4,90,0.99,0.0
2025-09-16 06:00:00,25.7,90,2.0,0.0
2025-09-16 07:00:00,25.8,91,1.82,19.0
2025-09-16 08:00:00,26.1,90,1.85,91.0
2025-09-16 09:00:00,26.6,87,1.59,174.0
2025-09-16 10:00:00,27.2,85,1.48,332.0
2025-09-16 11:00:00,27.1,84,1.45,264.0
2025-09-16 12:00:00,27.4,83,2.17,373.0
2025-09-16 13:00:00,27.8,82,2.58,561.0
2025-09-16 14:00:00,27.1,85,3.28,515.0
2025-09-16 15:00:00,26.8,85,3.18,251.0
2025-09-16 16:00:00,26.5,87,2.67,151.0
2025-09-16 17:00:00,26.4,88,2.14,65.0
2025-09-16 18:00:00,25.9,93,1.43,30.0
2025-09-16 19:00:00,25.6,95,1.12,0.0
2025-09-16 20:00:00,25.5,94,1.72,0.0
2025-09-16 21:00:00,25.5,95,1.41,0.0
2025-09-16 22:00:00,25.4,95,1.43,0.0
2025-09-16 23:00:00,25.4,93,1.4,0.0
2025-09-17 00:00:00,24.9,96,1.0,0.0
2025-09-17 01:00:00,24.9,95,0.96,0.0
2025-09-17 02:00:00,24.8,96,1.0,0.0
2025-09-17 03:00:00,24.7,96,0.78,0.0
2025-09-17 04:00:00,24.7,97,0.92,0.0
2025-09-17 05:00:00,24.7,97,0.6,0.0
2025-09-17 06:00:00,25.1,95,0.74,0.0
2025-09-17 07:00:00,25.8,92,0.53,34.0
2025-09-17 08:00:00,26.5,89,0.65,147.0
2025-09-17 09:00:00,27.2,88,0.91,338.0
2025-09-17 10:00:00,28.2,81,0.74,491.0
2025-09-17 11:00:00,27.9,82,2.34,491.0
2025-09-17 12:00:00,26.4,86,2.74,516.0
2025-09-17 13:00:00,26.8,87,1.33,503.0
2025-09-17 14:00:00,27.7,82,2.25,565.0
2025-09-17 15:00:00,27.7,83,2.7,542.0
2025-09-17 16:00:00,27.6,83,2.64,358.0
2025-09-17 17:00:00,27.4,83,2.31,202.0
2025-09-17 18:00:00,27.1,89,1.24,34.0
2025-09-17 19:00:00,26.8,91,0.7,0.0
2025-09-17 20:00:00,26.3,92,0.5,0.0
2025-09-17 21:00:00,26.1,93,0.43,0.0
2025-09-17 22:00:00,26.1,91,0.64,0.0
2025-09-17 23:00:00,25.9,92,0.25,0.0
2025-09-18 00:00:00,25.4,92,0.6,0.0
2025-09-18 01:00:00,25.4,94,0.39,0.0
2025-09-18 02:00:00,24.9,96,0.67,0.0
2025-09-18 03:00:00,24.8,97,0.68,0.0
2025-09-18 04:00:00,24.8,96,0.35,0.0
2025-09-18 05:00:00,24.6,96,0.5,0.0
2025-09-18 06:00:00,25.1,96,0.52,0.0
2025-09-18 07:00:00,25.4,95,0.92,19.0
2025-09-18 08:00:00,25.4,93,1.29,76.0
2025-09-18 09:00:00,26.3,90,0.73,320.0
2025-09-18 10:00:00,27.2,87,0.11,434.0
2025-09-18 11:00:00,27.5,84,0.96,395.0
2025-09-18 12:00:00,27.8,84,1.87,582.0
2025-09-18 13:00:00,27.6,83,2.71,621.0
2025-09-18 14:00:00,27.2,85,2.43,360.0
2025-09-18 15:00:00,27.3,84,2.34,243.0
2025-09-18 16:00:00,27.5,82,2.31,275.0
2025-09-18 17:00:00,26.9,85,2.15,127.0
2025-09-18 18:00:00,27.1,89,2.02,50.0
2025-09-18 19:00:00,26.9,89,1.52,0.0
2025-09-18 20:00:00,26.8,88,1.46,0.0
2025-09-18 21:00:00,25.7,92,0.47,0.0
2025-09-18 22:00:00,25.2,96,0.88,0.0
2025-09-18 23:00:00,24.9,97,1.04,0.0
2025-09-19 00:00:00,24.7,98,1.35,0.0
2025-09-19 01:00:00,24.7,97,1.17,0.0
2025-09-19 02:00:00,24.7,96,1.1,0.0
2025-09-19 03:00:00,24.7,96,1.5,0.0
2025-09-19 04:00:00,24.7,97,1.21,0.0
2025-09-19 05:00:00,24.8,96,1.09,0.0
2025-09-19 06:00:00,25.5,93,1.33,0.0
2025-09-19 07:00:00,26.1,89,1.13,55.0
2025-09-19 08:00:00,26.6,86,1.79,236.0
2025-09-19 09:00:00,27.4,83,2.07,426.0
2025-09-19 10:00:00,27.5,83,2.22,484.0
2025-09-19 11:00:00,27.5,83,2.26,448.0
2025-09-19 12:00:00,28.1,80,2.52,609.0
2025-09-19 13:00:00,28.2,79,2.68,684.0
2025-09-19 14:00:00,27.6,81,3.24,491.0
2025-09-19 15:00:00,27.5,81,2.97,372.0
2025-09-19 16:00:00,27.3,81,2.75,272.0
2025-09-19 17:00:00,27.3,81,2.51,179.0
2025-09-19 18:00:00,26.0,93,1.25,14.0
2025-09-19 19:00:00,25.9,95,1.14,0.0
2025-09-19 20:00:00,25.7,96,0.11,0.0
2025-09-19 21:00:00,25.6,92,1.13,0.0
2025-09-19 22:00:00,25.0,96,1.75,0.0
2025-09-19 23:00:00,24.9,97,1.94,0.0
2025-09-20 00:00:00,24.7,98,1.97,0.0
2025-09-20 01:00:00,24.8,97,1.19,0.0
2025-09-20 02:00:00,24.8,96,1.57,0.0
2025-09-20 03:00:00,24.7,96,1.47,0.0
2025-09-20 04:00:00,24.7,97,1.6,0.0
2025-09-20 05:00:00,24.7,95,1.2,0.0
2025-09-20 06:00:00,25.1,93,0.87,0.0
2025-09-20 07:00:00,26.1,90,0.93,49.0
2025-09-20 08:00:00,26.9,87,1.15,198.0
2025-09-20 09:00:00,27.7,82,1.9,375.0
2025-09-20 10:00:00,28.2,79,2.01,530.0
2025-09-20 11:00:00,28.7,78,2.0,671.0
2025-09-20 12:00:00,29.0,76,2.8,742.0
2025-09-20 13:00:00,28.5,73,3.11,754.0
2025-09-20 14:00:00,28.5,80,2.65,709.0
2025-09-20 15:00:00,28.5,78,3.13,516.0
2025-09-20 16:00:00,27.7,77,3.11,369.0
2025-09-20 17:00:00,27.1,81,2.48,140.0
2025-09-20 18:00:00,27.1,87,1.95,50.0
2025-09-20 19:00:00,26.0,91,0.54,0.0
2025-09-20 20:00:00,25.6,94,0.05,0.0
2025-09-20 21:00:00,25.5,95,1.03,0.0
2025-09-20 22:00:00,25.3,96,1.73,0.0
2025-09-20 23:00:00,25.3,96,1.05,0.0
2025-09-21 00:00:00,25.0,95,0.58,0.0
2025-09-21 01:00:00,25.0,95,0.64,0.0
2025-09-21 02:00:00,25.0,93,1.1,0.0
2025-09-21 03:00:00,25.0,94,1.41,0.0
2025-09-21 04:00:00,24.8,95,0.05,0.0
2025-09-21 05:00:00,24.9,94,0.16,0.0
2025-09-21 06:00:00,24.8,94,0.05,0.0
2025-09-21 07:00:00,25.6,93,0.35,53.0
2025-09-21 08:00:00,26.5,90,0.56,214.0
2025-09-21 09:00:00,27.4,86,1.33,410.0
2025-09-21 10:00:00,27.9,84,1.45,506.0
2025-09-21 11:00:00,28.1,82,1.7,499.0
2025-09-21 12:00:00,28.3,80,2.5,569.0
2025-09-21 13:00:00,28.6,78,3.03,701.0
2025-09-21 14:00:00,28.0,81,3.22,647.0
2025-09-21 15:00:00,27.7,81,3.49,463.0
2025-09-21 16:00:00,27.0,82,3.76,274.0
2025-09-21 17:00:00,27.0,86,2.96,167.0
2025-09-21 18:00:00,25.9,92,1.5,30.0
2025-09-21 19:00:00,25.8,92,3.04,0.0
2025-09-21 20:00:00,25.3,94,0.5,0.0
2025-09-21 21:00:00,25.2,96,0.49,0.0
2025-09-21 22:00:00,25.0,98,0.53,0.0
2025-09-21 23:00:00,24.8,97,1.61,0.0
2025-09-22 00:00:00,24.4,98,1.51,0.0
2025-09-22 01:00:00,24.3,97,1.41,0.0
2025-09-22 02:00:00,24.2,97,1.47,0.0
2025-09-22 03:00:00,24.1,97,0.82,0.0
2025-09-22 04:00:00,24.0,98,0.9,0.0
2025-09-22 05:00:00,24.2,97,1.06,0.0
2025-09-22 06:00:00,25.4,91,0.22,0.0
2025-09-22 07:00:00,25.8,88,0.35,29.0
2025-09-22 08:00:00,26.4,86,0.71,131.0
2025-09-22 09:00:00,27.0,82,1.22,300.0
2025-09-22 10:00:00,27.8,78,1.99,444.0
2025-09-22 11:00:00,28.3,77,2.51,692.0
2025-09-22 12:00:00,27.9,80,3.23,658.0
2025-09-22 13:00:00,27.2,80,2.82,463.0
2025-09-22 14:00:00,26.8,85,3.13,253.0
2025-09-22 15:00:00,27.0,83,3.27,346.0
2025-09-22 16:00:00,26.4,82,3.54,276.0
2025-09-22 17:00:00,26.1,88,2.21,75.0
2025-09-22 18:00:00,25.5,92,2.13,16.0
2025-09-22 19:00:00,25.7,92,2.09,0.0
2025-09-22 20:00:00,25.2,95,2.06,0.0
2025-09-22 21:00:00,25.1,96,1.42,0.0
2025-09-22 22:00:00,25.0,97,0.25,0.0
2025-09-22 23:00:00,25.1,97,0.29,0.0
2025-09-23 00:00:00,25.2,95,0.21,0.0
2025-09-23 01:00:00,25.3,94,0.2,0.0
2025-09-23 02:00:00,25.1,95,0.43,0.0
2025-09-23 03:00:00,25.2,95,0.76,0.0
2025-09-23 04:00:00,24.9,96,1.04,0.0
2025-09-23 05:00:00,24.5,98,1.66,0.0
2025-09-23 06:00:00,25.0,95,1.52,0.0
2025-09-23 07:00:00,25.2,94,0.75,14.0
2025-09-23 08:00:00,25.5,93,0.5,31.0
2025-09-23 09:00:00,25.5,94,0.79,44.0
2025-09-23 10:00:00,26.7,85,1.3,232.0
2025-09-23 11:00:00,27.7,80,1.65,506.0
2025-09-23 12:00:00,28.2,78,2.06,593.0
2025-09-23 13:00:00,27.9,78,2.86,451.0
2025-09-23 14:00:00,28.4,72,3.37,558.0
2025-09-23 15:00:00,28.7,69,3.82,524.0
2025-09-23 16:00:00,27.5,76,4.56,428.0
2025-09-23 17:00:00,26.7,81,3.8,219.0
2025-09-23 18:00:00,26.9,85,1.87,47.0
2025-09-23 19:00:00,26.7,86,1.11,0.0
2025-09-23 20:00:00,26.5,84,1.25,0.0
2025-09-23 21:00:00,26.4,83,1.46,0.0
2025-09-23 22:00:00,26.2,83,1.71,0.0
2025-09-23 23:00:00,26.1,83,1.85,0.0
2025-09-24 00:00:00,26.0,84,1.9,0.0
2025-09-24 01:00:00,25.6,86,2.35,0.0
2025-09-24 02:00:00,25.5,88,2.35,0.0
2025-09-24 03:00:00,25.3,90,2.15,0.0
2025-09-24 04:00:00,25.0,91,1.64,0.0
2025-09-24 05:00:00,25.0,90,1.1,0.0
2025-09-24 06:00:00,25.4,89,1.51,0.0
2025-09-24 07:00:00,26.0,88,1.64,56.0
2025-09-24 08:00:00,27.2,81,1.5,240.0
2025-09-24 09:00:00,28.0,76,1.44,445.0
2025-09-24 10:00:00,28.5,74,1.82,645.0
2025-09-24 11:00:00,28.4,75,2.35,724.0
2025-09-24 12:00:00,28.6,74,2.45,760.0
2025-09-24 13:00:00,28.1,71,2.98,673.0
2025-09-24 14:00:00,28.2,75,3.16,662.0
2025-09-24 15:00:00,28.0,75,3.26,553.0
2025-09-24 16:00:00,27.6,77,3.06,428.0
2025-09-24 17:00:00,27.1,78,2.87,223.0
2025-09-24 18:00:00,26.9,77,2.0,48.0
2025-09-24 19:00:00,26.6,83,1.51,0.0
2025-09-24 20:00:00,26.6,85,1.08,0.0
2025-09-24 21:00:00,26.6,85,0.9,0.0
2025-09-24 22:00:00,26.6,82,1.85,0.0
2025-09-24 23:00:00,26.1,83,1.78,0.0
2025-09-25 00:00:00,25.8,84,1.32,0.0
2025-09-25 01:00:00,25.6,85,1.32,0.0
2025-09-25 02:00:00,25.1,87,0.87,0.0
2025-09-25 03:00:00,24.7,89,0.4,0.0
2025-09-25 04:00:00,24.5,92,0.1,0.0
2025-09-25 05:00:00,24.2,93,0.29,0.0
2025-09-25 06:00:00,25.0,89,0.47,0.0
2025-09-25 07:00:00,24.6,90,1.2,34.0
2025-09-25 08:00:00,24.6,88,1.75,99.0
2025-09-25 09:00:00,25.7,84,0.28,277.0
2025-09-25 10:00:00,27.1,80,0.87,574.0
2025-09-25 11:00:00,27.5,79,1.8,678.0
2025-09-25 12:00:00,27.6,80,1.97,724.0
2025-09-25 13:00:00,28.0,80,2.16,796.0
2025-09-25 14:00:00,28.1,79,2.65,758.0
2025-09-25 15:00:00,27.9,79,2.67,638.0
2025-09-25 16:00:00,27.9,77,2.85,471.0
2025-09-25 17:00:00,27.2,80,2.82,244.0
2025-09-25 18:00:00,27.2,82,1.75,60.0
2025-09-25 19:00:00,26.8,84,1.56,0.0
2025-09-25 20:00:00,26.6,86,1.39,0.0
2025-09-25 21:00:00,26.4,87,1.19,0.0
2025-09-25 22:00:00,26.0,89,0.83,0.0
2025-09-25 23:00:00,26.1,88,0.53,0.0
2025-09-26 00:00:00,25.6,89,0.21,0.0
2025-09-26 01:00:00,25.2,92,0.71,0.0
2025-09-26 02:00:00,24.9,93,0.07,0.0
2025-09-26 03:00:00,24.7,94,0.43,0.0
2025-09-26 04:00:00,24.6,95,0.68,0.0
2025-09-26 05:00:00,24.2,97,1.62,0.0
2025-09-26 06:00:00,24.3,97,1.3,0.0
2025-09-26 07:00:00,24.8,95,1.36,55.0
2025-09-26 08:00:00,26.2,89,0.96,247.0
2025-09-26 09:00:00,27.6,80,0.65,451.0
2025-09-26 10:00:00,28.4,74,2.02,582.0
2025-09-26 11:00:00,28.9,72,2.59,674.0
2025-09-26 12:00:00,29.1,72,3.12,802.0
2025-09-26 13:00:00,29.1,73,3.26,800.0
2025-09-26 14:00:00,29.0,74,3.52,711.0
2025-09-26 15:00:00,28.7,74,2.94,527.0
2025-09-26 16:00:00,28.2,75,2.73,297.0
2025-09-26 17:00:00,27.6,80,1.97,83.0
2025-09-26 18:00:00,27.0,88,0.71,25.0
2025-09-26 19:00:00,26.3,94,0.43,0.0
2025-09-26 20:00:00,26.3,94,0.11,0.0
2025-09-26 21:00:00,26.3,93,0.16,0.0
2025-09-26 22:00:00,26.2,93,0.29,0.0
2025-09-26 23:00:00,25.9,91,0.5,0.0
2025-09-27 00:00:00,25.9,90,1.7,0.0
2025-09-27 01:00:00,25.8,86,1.95,0.0
2025-09-27 02:00:00,25.6,83,1.23,0.0
2025-09-27 03:00:00,25.6,82,1.48,0.0
2025-09-27 04:00:00,25.6,82,1.56,0.0
2025-09-27 05:00:00,25.1,88,2.83,0.0
2025-09-27 06:00:00,24.5,95,2.15,0.0
2025-09-27 07:00:00,24.8,94,2.89,14.0
2025-09-27 08:00:00,25.1,93,2.66,67.0
2025-09-27 09:00:00,25.1,91,2.38,164.0
2025-09-27 10:00:00,25.4,90,2.79,84.0
2025-09-27 11:00:00,27.6,81,2.57,583.0
2025-09-27 12:00:00,28.0,81,3.36,531.0
2025-09-27 13:00:00,28.2,80,3.44,560.0
2025-09-27 14:00:00,28.3,79,3.44,584.0
2025-09-27 15:00:00,27.7,80,3.49,257.0
2025-09-27 16:00:00,27.2,83,3.35,131.0
2025-09-27 17:00:00,27.2,84,3.22,78.0
2025-09-27 18:00:00,26.5,86,4.14,28.0
2025-09-27 19:00:00,26.7,85,3.5,0.0
2025-09-27 20:00:00,26.2,84,3.04,0.0
2025-09-27 21:00:00,26.2,89,3.2,0.0
2025-09-27 22:00:00,25.5,94,3.63,0.0
2025-09-27 23:00:00,25.5,94,3.53,0.0
2025-09-28 00:00:00,25.6,95,4.21,0.0
2025-09-28 01:00:00,26.0,95,5.89,0.0
2025-09-28 02:00:00,26.4,93,5.97,0.0
2025-09-28 03:00:00,26.2,93,6.94,0.0
2025-09-28 04:00:00,26.2,93,7.04,0.0
2025-09-28 05:00:00,26.3,92,6.42,0.0
2025-09-28 06:00:00,25.4,91,4.06,0.0
2025-09-28 07:00:00,25.4,93,4.67,5.0
2025-09-28 08:00:00,25.9,93,5.55,12.0
2025-09-28 09:00:00,26.0,92,6.64,20.0
2025-09-28 10:00:00,25.5,92,7.11,41.0
2025-09-28 11:00:00,25.5,93,7.2,34.0
2025-09-28 12:00:00,26.0,88,8.33,72.0
2025-09-28 13:00:00,25.6,92,8.81,96.0
2025-09-28 14:00:00,26.0,90,8.08,119.0
2025-09-28 15:00:00,26.5,84,7.35,97.0
2025-09-28 16:00:00,25.8,93,6.78,66.0
2025-09-28 17:00:00,25.8,90,7.11,34.0
2025-09-28 18:00:00,25.6,93,6.85,10.0
2025-09-28 19:00:00,25.6,84,6.68,0.0
2025-09-28 20:00:00,25.7,83,5.86,0.0
2025-09-28 21:00:00,25.7,83,6.0,0.0
2025-09-28 22:00:00,26.1,80,5.69,0.0
2025-09-28 23:00:00,25.8,82,5.58,0.0
2025-09-29 00:00:00,25.5,86,6.06,0.0
2025-09-29 01:00:00,25.4,87,6.58,0.0
2025-09-29 02:00:00,25.3,90,7.35,0.0
2025-09-29 03:00:00,25.3,91,7.22,0.0
2025-09-29 04:00:00,25.9,89,6.63,0.0
2025-09-29 05:00:00,26.4,84,6.62,0.0
2025-09-29 06:00:00,26.2,77,6.75,0.0
2025-09-29 07:00:00,26.2,80,6.35,7.0
2025-09-29 08:00:00,26.7,76,6.08,39.0
2025-09-29 09:00:00,27.4,69,6.02,98.0
2025-09-29 10:00:00,26.5,77,5.28,241.0
2025-09-29 11:00:00,27.0,79,4.7,355.0
2025-09-29 12:00:00,27.0,77,5.37,551.0
2025-09-29 13:00:00,28.1,72,5.42,533.0
2025-09-29 14:00:00,28.2,69,5.19,461.0
2025-09-29 15:00:00,28.3,69,5.09,579.0
2025-09-29 16:00:00,28.0,70,4.96,436.0
2025-09-29 17:00:00,27.3,75,4.34,232.0
2025-09-29 18:00:00,26.2,78,3.88,36.0
2025-09-29 19:00:00,26.4,78,3.32,0.0
2025-09-29 20:00:00,25.9,80,3.99,0.0
2025-09-29 21:00:00,26.1,79,3.56,0.0
2025-09-29 22:00:00,25.6,84,3.13,0.0
2025-09-29 23:00:00,25.6,85,3.41,0.0
2025-09-30 00:00:00,25.0,86,4.32,0.0
2025-09-30 01:00:00,24.8,87,4.24,0.0
2025-09-30 02:00:00,24.6,88,4.11,0.0
2025-09-30 03:00:00,24.5,90,3.87,0.0
2025-09-30 04:00:00,24.1,90,4.43,0.0
2025-09-30 05:00:00,24.3,90,3.95,0.0
2025-09-30 06:00:00,24.7,88,3.6,0.0
2025-09-30 07:00:00,25.1,87,4.0,53.0
2025-09-30 08:00:00,25.6,86,4.15,198.0
2025-09-30 09:00:00,26.9,79,5.02,429.0
2025-09-30 10:00:00,27.6,77,5.44,606.0
2025-09-30 11:00:00,27.2,78,5.77,681.0
2025-09-30 12:00:00,26.9,80,5.43,677.0
2025-09-30 13:00:00,26.9,80,4.63,586.0
2025-09-30 14:00:00,27.3,79,5.28,722.0
2025-09-30 15:00:00,26.8,79,5.39,435.0
2025-09-30 16:00:00,26.9,79,4.97,331.0
2025-09-30 17:00:00,26.1,83,4.08,201.0
2025-09-30 18:00:00,25.8,84,4.05,39.0
2025-09-30 19:00:00,25.0,89,4.06,0.0
2025-09-30 20:00:00,24.1,89,2.99,0.0
2025-09-30 21:00:00,24.5,92,4.57,0.0
2025-09-30 22:00:00,24.3,91,4.1,0.0
2025-09-30 23:00:00,24.5,90,3.71,0.0
2025-10-01 00:00:00,24.6,89,4.22,0.0
2025-10-01 01:00:00,24.3,92,3.97,0.0
2025-10-01 02:00:00,24.1,92,3.92,0.0
2025-10-01 03:00:00,24.1,93,3.63,0.0
2025-10-01 04:00:00,24.1,93,3.92,0.0
2025-10-01 05:00:00,24.6,91,3.01,0.0
2025-10-01 06:00:00,24.6,93,3.76,0.0
2025-10-01 07:00:00,24.9,92,4.11,42.0
2025-10-01 08:00:00,25.1,89,4.71,178.0
2025-10-01 09:00:00,26.3,83,5.41,398.0
2025-10-01 10:00:00,26.8,81,5.54,523.0
2025-10-01 11:00:00,27.7,79,4.75,680.0
2025-10-01 12:00:00,27.9,79,5.25,789.0
2025-10-01 13:00:00,28.5,74,5.79,814.0
2025-10-01 14:00:00,28.3,74,6.0,768.0
2025-10-01 15:00:00,27.8,76,5.35,560.0
2025-10-01 16:00:00,26.9,79,4.92,268.0
2025-10-01 17:00:00,27.3,83,4.0,118.0
2025-10-01 18:00:00,25.6,87,3.93,13.0
2025-10-01 19:00:00,24.7,94,4.26,0.0
2025-10-01 20:00:00,24.8,92,3.11,0.0
2025-10-01 21:00:00,24.8,93,3.9,0.0
2025-10-01 22:00:00,24.8,93,3.4,0.0
2025-10-01 23:00:00,24.3,94,2.97,0.0
2025-10-02 00:00:00,24.6,94,2.69,0.0
2025-10-02 01:00:00,24.8,95,2.71,0.0
2025-10-02 02:00:00,24.7,91,3.16,0.0
2025-10-02 03:00:00,24.5,91,3.44,0.0
2025-10-02 04:00:00,24.2,93,3.59,0.0
2025-10-02 05:00:00,24.6,94,3.48,0.0
2025-10-02 06:00:00,24.5,95,3.54,0.0
2025-10-02 07:00:00,24.7,92,4.27,18.0
2025-10-02 08:00:00,25.1,92,4.46,66.0
2025-10-02 09:00:00,25.6,89,4.2,128.0
2025-10-02 10:00:00,26.5,85,4.95,402.0
2025-10-02 11:00:00,27.0,81,5.11,433.0
2025-10-02 12:00:00,27.6,80,5.21,554.0
2025-10-02 13:00:00,27.9,79,5.6,607.0
2025-10-02 14:00:00,27.7,77,6.2,671.0
2025-10-02 15:00:00,27.9,80,4.31,557.0
2025-10-02 16:00:00,27.3,79,5.55,308.0
2025-10-02 17:00:00,27.1,81,4.17,93.0
2025-10-02 18:00:00,26.1,87,3.92,42.0
2025-10-02 19:00:00,25.9,89,4.0,0.0
2025-10-02 20:00:00,25.8,89,3.7,0.0
2025-10-02 21:00:00,25.8,90,3.25,0.0
2025-10-02 22:00:00,25.7,91,3.63,0.0
2025-10-02 23:00:00,25.9,89,2.65,0.0
2025-10-03 00:00:00,25.8,90,2.29,0.0
2025-10-03 01:00:00,25.3,89,2.84,0.0
2025-10-03 02:00:00,25.1,89,3.22,0.0
2025-10-03 03:00:00,25.0,90,2.68,0.0
2025-10-03 04:00:00,24.7,92,3.04,0.0
2025-10-03 05:00:00,24.7,94,2.36,0.0
2025-10-03 06:00:00,24.9,94,2.98,0.0
2025-10-03 07:00:00,25.4,93,2.93,46.0
2025-10-03 08:00:00,25.9,90,3.22,191.0
2025-10-03 09:00:00,26.8,85,3.68,327.0
2025-10-03 10:00:00,27.6,82,3.97,614.0
2025-10-03 11:00:00,28.6,79,4.21,744.0
2025-10-03 12:00:00,28.6,77,4.38,737.0
2025-10-03 13:00:00,28.7,78,4.25,805.0
2025-10-03 14:00:00,28.4,78,4.43,732.0
2025-10-03 15:00:00,28.1,79,3.96,582.0
2025-10-03 16:00:00,27.5,82,4.05,372.0
2025-10-03 17:00:00,27.6,83,2.06,212.0
2025-10-03 18:00:00,26.7,86,2.62,35.0
2025-10-03 19:00:00,26.6,86,2.26,0.0
2025-10-03 20:00:00,26.4,87,1.96,0.0
2025-10-03 21:00:00,26.2,89,2.01,0.0
2025-10-03 22:00:00,25.9,90,1.43,0.0
2025-10-03 23:00:00,26.2,89,1.61,0.0
2025-10-04 00:00:00,26.0,91,1.48,0.0
2025-10-04 01:00:00,25.7,90,1.43,0.0
2025-10-04 02:00:00,25.5,91,1.43,0.0
2025-10-04 03:00:00,25.3,94,1.48,0.0
2025-10-04 04:00:00,24.8,94,1.95,0.0
2025-10-04 05:00:00,24.7,96,1.45,0.0
2025-10-04 06:00:00,24.8,96,1.03,0.0
2025-10-04 07:00:00,25.4,92,1.61,43.0
2025-10-04 08:00:00,26.3,88,1.85,195.0
2025-10-04 09:00:00,27.2,84,2.6,421.0
2025-10-04 10:00:00,27.9,79,3.37,556.0
2025-10-04 11:00:00,28.6,77,3.39,698.0
2025-10-04 12:00:00,28.8,76,3.2,781.0
2025-10-04 13:00:00,28.8,76,3.15,811.0
2025-10-04 14:00:00,28.7,77,3.31,767.0
2025-10-04 15:00:00,28.3,78,3.25,586.0
2025-10-04 16:00:00,27.8,79,3.44,399.0
2025-10-04 17:00:00,27.4,83,3.18,185.0
2025-10-04 18:00:00,27.0,82,2.24,32.0
2025-10-04 19:00:00,26.7,83,2.16,0.0
2025-10-04 20:00:00,26.5,85,1.26,0.0
2025-10-04 21:00:00,26.3,87,0.43,0.0
2025-10-04 22:00:00,26.4,86,0.25,0.0
2025-10-04 23:00:00,25.9,88,0.94,0.0
2025-10-05 00:00:00,25.4,93,1.56,0.0
2025-10-05 01:00:00,24.6,97,2.16,0.0
2025-10-05 02:00:00,24.3,95,2.53,0.0
2025-10-05 03:00:00,24.6,93,2.14,0.0
2025-10-05 04:00:00,24.5,94,1.52,0.0
2025-10-05 05:00:00,24.9,96,1.91,0.0
2025-10-05 06:00:00,25.1,94,1.8,0.0
2025-10-05 07:00:00,25.7,90,1.54,46.0
2025-10-05 08:00:00,26.4,87,1.56,191.0
2025-10-05 09:00:00,27.1,82,2.15,383.0
2025-10-05 10:00:00,27.7,78,2.33,559.0
2025-10-05 11:00:00,27.9,77,2.41,616.0
2025-10-05 12:00:00,28.1,75,2.6,736.0
2025-10-05 13:00:00,27.9,76,2.75,677.0
2025-10-05 14:00:00,27.9,75,2.96,629.0
2025-10-05 15:00:00,27.5,76,2.64,383.0
2025-10-05 16:00:00,27.5,75,2.84,300.0
2025-10-05 17:00:00,26.9,80,1.69,159.0
2025-10-05 18:00:00,26.4,86,0.81,29.0
2025-10-05 19:00:00,26.5,87,0.81,0.0
2025-10-05 20:00:00,26.3,87,0.75,0.0
2025-10-05 21:00:00,26.1,86,1.01,0.0
2025-10-05 22:00:00,25.8,85,1.0,0.0
2025-10-05 23:00:00,25.8,81,1.26,0.0
2025-10-06 00:00:00,25.6,82,1.03,0.0
2025-10-06 01:00:00,25.3,84,0.85,0.0
2025-10-06 02:00:00,25.1,84,0.63,0.0
2025-10-06 03:00:00,24.6,87,0.78,0.0
2025-10-06 04:00:00,24.6,89,1.15,0.0
2025-10-06 05:00:00,24.5,92,1.38,0.0
2025-10-06 06:00:00,24.5,94,1.54,0.0
2025-10-06 07:00:00,25.0,92,1.35,49.0
2025-10-06 08:00:00,26.1,87,1.41,227.0
2025-10-06 09:00:00,26.9,81,1.84,419.0
2025-10-06 10:00:00,27.5,78,2.0,600.0
2025-10-06 11:00:00,28.1,75,2.9,717.0
2025-10-06 12:00:00,28.3,74,3.31,729.0
2025-10-06 13:00:00,28.4,75,3.33,805.0
2025-10-06 14:00:00,28.3,75,3.15,764.0
2025-10-06 15:00:00,28.0,77,3.47,631.0
2025-10-06 16:00:00,27.6,78,3.45,424.0
2025-10-06 17:00:00,26.9,81,3.08,215.0
2025-10-06 18:00:00,26.3,81,2.58,36.0
2025-10-06 19:00:00,25.9,86,2.02,0.0
2025-10-06 20:00:00,24.8,92,1.56,0.0
2025-10-06 21:00:00,25.0,91,1.44,0.0
2025-10-06 22:00:00,25.0,91,1.68,0.0
2025-10-06 23:00:00,25.1,91,0.63,0.0
2025-10-07 00:00:00,25.3,90,0.5,0.0
2025-10-07 01:00:00,25.1,92,1.27,0.0
2025-10-07 02:00:00,24.6,95,1.48,0.0
2025-10-07 03:00:00,24.4,92,0.92,0.0
2025-10-07 04:00:00,24.4,93,1.45,0.0
2025-10-07 05:00:00,24.4,93,1.45,0.0
2025-10-07 06:00:00,24.2,94,1.13,0.0
2025-10-07 07:00:00,24.8,91,1.38,35.0
2025-10-07 08:00:00,25.7,86,1.23,183.0
2025-10-07 09:00:00,26.5,83,1.11,376.0
2025-10-07 10:00:00,27.4,80,1.23,566.0
2025-10-07 11:00:00,28.2,76,1.48,615.0
2025-10-07 12:00:00,28.9,73,1.85,825.0
2025-10-07 13:00:00,28.6,74,2.62,813.0
2025-10-07 14:00:00,28.3,74,3.67,751.0
2025-10-07 15:00:00,27.8,74,3.02,579.0
2025-10-07 16:00:00,27.4,79,2.71,414.0
2025-10-07 17:00:00,26.7,83,2.03,201.0
2025-10-07 18:00:00,26.2,88,0.78,37.0
2025-10-07 19:00:00,25.9,91,0.79,0.0
2025-10-07 20:00:00,25.7,92,0.74,0.0
2025-10-07 21:00:00,25.4,94,0.57,0.0
2025-10-07 22:00:00,25.2,94,0.49,0.0
2025-10-07 23:00:00,25.8,90,0.25,0.0
2025-10-08 00:00:00,25.7,91,0.3,0.0
2025-10-08 01:00:00,25.4,93,0.4,0.0
2025-10-08 02:00:00,25.2,94,0.59,0.0
2025-10-08 03:00:00,25.0,95,0.68,0.0
2025-10-08 04:00:00,24.7,96,1.25,0.0
2025-10-08 05:00:00,24.7,97,1.15,0.0
2025-10-08 06:00:00,24.6,98,0.95,0.0
2025-10-08 07:00:00,24.9,97,0.89,47.0
2025-10-08 08:00:00,26.1,90,1.12,221.0
2025-10-08 09:00:00,27.5,81,1.07,438.0
2025-10-08 10:00:00,28.6,73,0.92,595.0
2025-10-08 11:00:00,29.2,70,1.49,703.0
2025-10-08 12:00:00,29.4,71,2.29,822.0
2025-10-08 13:00:00,29.3,68,2.98,809.0
2025-10-08 14:00:00,28.8,73,3.3,753.0
2025-10-08 15:00:00,28.7,73,3.36,609.0
2025-10-08 16:00:00,28.0,77,3.4,410.0
2025-10-08 17:00:00,28.2,80,3.66,203.0
2025-10-08 18:00:00,27.2,85,3.15,38.0
2025-10-08 19:00:00,26.8,86,2.79,0.0
2025-10-08 20:00:00,26.5,89,2.2,0.0
2025-10-08 21:00:00,26.2,90,2.02,0.0
2025-10-08 22:00:00,25.9,91,1.25,0.0
2025-10-08 23:00:00,26.1,92,1.65,0.0
2025-10-09 00:00:00,25.9,93,1.46,0.0
2025-10-09 01:00:00,25.5,94,1.2,0.0
2025-10-09 02:00:00,25.3,93,1.57,0.0
2025-10-09 03:00:00,25.2,92,1.65,0.0
2025-10-09 04:00:00,24.9,92,1.31,0.0
2025-10-09 05:00:00,24.7,95,0.9,0.0
2025-10-09 06:00:00,24.8,95,1.03,0.0
2025-10-09 07:00:00,25.4,89,1.28,53.0
2025-10-09 08:00:00,26.8,83,0.99,242.0
2025-10-09 09:00:00,28.6,75,0.85,462.0
2025-10-09 10:00:00,30.0,69,0.43,652.0
2025-10-09 11:00:00,30.9,65,0.9,790.0
2025-10-09 12:00:00,31.5,61,1.33,839.0
2025-10-09 13:00:00,31.6,60,1.84,831.0
2025-10-09 14:00:00,30.6,63,2.7,734.0
2025-10-09 15:00:00,30.8,60,2.75,616.0
2025-10-09 16:00:00,30.5,60,2.8,428.0
2025-10-09 17:00:00,29.8,68,2.35,211.0
2025-10-09 18:00:00,28.4,78,2.42,36.0
2025-10-09 19:00:00,27.8,77,2.97,0.0
2025-10-09 20:00:00,27.3,75,3.03,0.0
2025-10-09 21:00:00,26.8,74,2.8,0.0
2025-10-09 22:00:00,26.4,71,2.39,0.0
2025-10-09 23:00:00,26.5,73,2.35,0.0
2025-10-10 00:00:00,26.3,73,2.16,0.0
2025-10-10 01:00:00,25.9,72,1.85,0.0
2025-10-10 02:00:00,25.4,71,1.7,0.0
2025-10-10 03:00:00,25.0,70,1.57,0.0
2025-10-10 04:00:00,24.7,69,1.57,0.0
2025-10-10 05:00:00,24.0,79,1.2,0.0
2025-10-10 06:00:00,24.3,77,1.46,0.0
2025-10-10 07:00:00,24.9,77,1.94,54.0
2025-10-10 08:00:00,26.6,74,1.46,248.0
2025-10-10 09:00:00,28.7,69,1.31,469.0
2025-10-10 10:00:00,30.7,59,0.86,660.0
2025-10-10 11:00:00,32.0,49,0.18,797.0
2025-10-10 12:00:00,33.0,43,0.67,841.0
2025-10-10 13:00:00,32.8,44,1.75,779.0
2025-10-10 14:00:00,32.2,51,2.6,748.0
2025-10-10 15:00:00,31.7,54,2.76,601.0
2025-10-10 16:00:00,31.1,54,2.8,422.0
2025-10-10 17:00:00,29.9,62,2.97,213.0
2025-10-10 18:00:00,28.6,70,2.88,36.0
2025-10-10 19:00:00,28.0,72,2.84,0.0
2025-10-10 20:00:00,27.5,74,2.91,0.0
2025-10-10 21:00:00,27.1,73,2.5,0.0
2025-10-10 22:00:00,26.7,73,2.12,0.0
2025-10-10 23:00:00,26.7,72,1.79,0.0
2025-10-11 00:00:00,26.4,73,1.23,0.0
2025-10-11 01:00:00,26.0,73,1.03,0.0
2025-10-11 02:00:00,25.4,77,0.78,0.0
2025-10-11 03:00:00,25.0,77,0.86,0.0
2025-10-11 04:00:00,24.7,77,0.97,0.0
2025-10-11 05:00:00,24.5,81,0.94,0.0
2025-10-11 06:00:00,24.6,78,1.26,0.0
2025-10-11 07:00:00,25.1,76,1.5,53.0
2025-10-11 08:00:00,26.9,70,1.32,245.0
2025-10-11 09:00:00,29.3,61,1.27,464.0
2025-10-11 10:00:00,31.4,51,0.89,655.0
2025-10-11 11:00:00,32.5,42,0.29,791.0
2025-10-11 12:00:00,33.8,38,0.86,857.0
2025-10-11 13:00:00,33.8,38,1.76,839.0
2025-10-11 14:00:00,33.4,41,2.45,740.0
2025-10-11 15:00:00,32.3,48,3.26,588.0
2025-10-11 16:00:00,31.6,48,3.58,426.0
2025-10-11 17:00:00,30.6,53,2.9,211.0
2025-10-11 18:00:00,29.4,59,2.59,34.0
2025-10-11 19:00:00,28.5,65,2.53,0.0
2025-10-11 20:00:00,28.0,68,2.9,0.0
2025-10-11 21:00:00,27.5,71,2.83,0.0
2025-10-11 22:00:00,27.1,70,2.52,0.0
2025-10-11 23:00:00,26.7,70,2.16,0.0
2025-10-12 00:00:00,26.5,69,1.99,0.0
2025-10-12 01:00:00,26.1,68,1.9,0.0
2025-10-12 02:00:00,25.4,71,1.21,0.0
2025-10-12 03:00:00,24.7,76,0.81,0.0
2025-10-12 04:00:00,24.5,77,1.12,0.0
2025-10-12 05:00:00,24.5,77,1.04,0.0
2025-10-12 06:00:00,24.8,77,1.63,0.0
2025-10-12 07:00:00,25.4,75,1.63,53.0
2025-10-12 08:00:00,27.8,66,1.17,244.0
2025-10-12 09:00:00,30.5,53,1.25,463.0
2025-10-12 10:00:00,32.9,40,1.22,654.0
2025-10-12 11:00:00,33.5,34,0.74,792.0
2025-10-12 12:00:00,34.8,32,0.5,846.0
2025-10-12 13:00:00,34.6,35,1.76,832.0
2025-10-12 14:00:00,34.1,37,2.67,750.0
2025-10-12 15:00:00,33.1,42,3.06,562.0
2025-10-12 16:00:00,32.0,51,3.39,406.0
2025-10-12 17:00:00,31.0,60,2.86,207.0
2025-10-12 18:00:00,29.7,64,2.76,33.0
2025-10-12 19:00:00,29.3,62,2.71,0.0
2025-10-12 20:00:00,28.8,63,2.78,0.0
2025-10-12 21:00:00,28.3,63,2.83,0.0
2025-10-12 22:00:00,27.9,63,2.16,0.0
2025-10-12 23:00:00,27.6,63,1.84,0.0
2025-10-13 00:00:00,27.3,62,1.4,0.0
2025-10-13 01:00:00,26.5,68,0.68,0.0
2025-10-13 02:00:00,26.2,66,0.81,0.0
2025-10-13 03:00:00,25.6,69,0.99,0.0
2025-10-13 04:00:00,24.8,74,1.5,0.0
2025-10-13 05:00:00,24.6,76,1.57,0.0
2025-10-13 06:00:00,24.8,76,1.63,0.0
2025-10-13 07:00:00,25.5,71,1.8,52.0
2025-10-13 08:00:00,27.8,60,1.56,245.0
2025-10-13 09:00:00,30.6,47,1.66,465.0
2025-10-13 10:00:00,32.8,39,1.49,657.0
2025-10-13 11:00:00,33.8,36,0.82,794.0
2025-10-13 12:00:00,34.3,35,1.81,840.0
2025-10-13 13:00:00,34.5,35,2.87,821.0
2025-10-13 14:00:00,33.8,40,3.69,725.0
2025-10-13 15:00:00,33.2,44,3.85,596.0
2025-10-13 16:00:00,32.6,44,3.92,422.0
2025-10-13 17:00:00,31.4,49,3.21,206.0
2025-10-13 18:00:00,29.9,55,2.71,32.0
2025-10-13 19:00:00,29.1,60,2.87,0.0
2025-10-13 20:00:00,28.6,60,2.93,0.0
2025-10-13 21:00:00,28.2,59,2.72,0.0
2025-10-13 22:00:00,27.7,58,2.45,0.0
2025-10-13 23:00:00,27.2,60,2.27,0.0
2025-10-14 00:00:00,26.7,61,1.76,0.0
2025-10-14 01:00:00,26.0,62,1.32,0.0
2025-10-14 02:00:00,25.2,67,0.94,0.0
2025-10-14 03:00:00,24.6,71,0.94,0.0
2025-10-14 04:00:00,24.1,72,1.42,0.0
2025-10-14 05:00:00,24.3,71,1.79,0.0
2025-10-14 06:00:00,24.5,71,2.29,0.0
2025-10-14 07:00:00,25.3,67,2.15,53.0
2025-10-14 08:00:00,27.3,58,1.97,245.0
2025-10-14 09:00:00,30.5,45,1.93,465.0
2025-10-14 10:00:00,33.1,35,2.05,657.0
2025-10-14 11:00:00,33.8,35,1.32,793.0
2025-10-14 12:00:00,34.8,32,0.54,860.0
2025-10-14 13:00:00,35.2,32,1.53,851.0
2025-10-14 14:00:00,35.1,33,2.75,767.0
2025-10-14 15:00:00,33.8,39,3.91,590.0
2025-10-14 16:00:00,32.6,43,3.79,380.0
2025-10-14 17:00:00,31.9,53,3.16,185.0
2025-10-14 18:00:00,30.0,68,2.7,30.0
2025-10-14 19:00:00,29.4,66,2.55,0.0
2025-10-14 20:00:00,29.0,63,2.57,0.0
2025-10-14 21:00:00,28.4,63,2.87,0.0
2025-10-14 22:00:00,28.0,61,2.45,0.0
2025-10-14 23:00:00,27.3,64,1.77,0.0
2025-10-15 00:00:00,26.6,65,1.1,0.0
2025-10-15 01:00:00,26.3,65,1.32,0.0
2025-10-15 02:00:00,26.0,64,1.42,0.0
2025-10-15 03:00:00,25.3,65,1.53,0.0
2025-10-15 04:00:00,24.6,67,1.77,0.0
2025-10-15 05:00:00,24.6,67,1.62,0.0
2025-10-15 06:00:00,24.6,67,1.84,0.0
2025-10-15 07:00:00,25.2,65,2.09,51.0
2025-10-15 08:00:00,27.3,57,1.48,242.0
2025-10-15 09:00:00,30.3,47,1.41,459.0
2025-10-15 10:00:00,32.7,39,1.45,647.0
2025-10-15 11:00:00,33.5,38,0.85,779.0
2025-10-15 12:00:00,34.9,37,0.83,840.0
2025-10-15 13:00:00,34.9,37,0.51,814.0
2025-10-15 14:00:00,34.3,40,0.32,645.0
2025-10-15 15:00:00,32.4,50,1.18,433.0
2025-10-15 16:00:00,32.2,52,1.53,341.0
2025-10-15 17:00:00,32.3,48,1.7,182.0
2025-10-15 18:00:00,30.0,61,1.88,24.0
2025-10-15 19:00:00,29.4,65,0.65,0.0
2025-10-15 20:00:00,29.1,66,0.39,0.0
2025-10-15 21:00:00,29.1,67,0.32,0.0
2025-10-15 22:00:00,28.6,70,0.65,0.0
2025-10-15 23:00:00,27.7,77,0.82,0.0
2025-10-16 00:00:00,27.4,85,0.18,0.0
2025-10-16 01:00:00,27.2,81,0.6,0.0
2025-10-16 02:00:00,26.9,82,1.11,0.0
2025-10-16 03:00:00,26.6,81,1.49,0.0
2025-10-16 04:00:00,26.3,81,1.79,0.0
2025-10-16 05:00:00,26.3,81,1.73,0.0
2025-10-16 06:00:00,26.5,81,1.53,0.0
2025-10-16 07:00:00,27.1,80,1.41,48.0
2025-10-16 08:00:00,29.2,70,1.24,232.0
2025-10-16 09:00:00,31.9,58,1.8,442.0
2025-10-16 10:00:00,33.7,49,2.89,628.0
2025-10-16 11:00:00,34.9,45,2.37,762.0
2025-10-16 12:00:00,34.9,44,2.26,804.0
2025-10-16 13:00:00,35.0,44,1.03,754.0
2025-10-16 14:00:00,34.5,47,0.56,652.0
2025-10-16 15:00:00,28.0,78,4.6,510.0
2025-10-16 16:00:00,28.0,77,1.1,219.0
2025-10-16 17:00:00,31.6,62,2.23,158.0
2025-10-16 18:00:00,29.4,71,1.57,23.0
2025-10-16 19:00:00,29.8,71,1.86,0.0
2025-10-16 20:00:00,29.6,70,1.63,0.0
2025-10-16 21:00:00,28.9,74,1.51,0.0
2025-10-16 22:00:00,28.2,77,1.48,0.0
2025-10-16 23:00:00,27.1,79,1.9,0.0
2025-10-17 00:00:00,27.0,78,1.84,0.0
2025-10-17 01:00:00,26.9,77,1.74,0.0
2025-10-17 02:00:00,26.7,78,1.51,0.0
2025-10-17 03:00:00,26.5,78,1.59,0.0
2025-10-17 04:00:00,26.0,81,1.49,0.0
2025-10-17 05:00:00,26.7,80,2.09,0.0
2025-10-17 06:00:00,26.8,81,2.42,0.0
2025-10-17 07:00:00,27.3,78,2.0,42.0
2025-10-17 08:00:00,29.2,69,1.68,214.0
2025-10-17 09:00:00,32.2,55,1.65,434.0
2025-10-17 10:00:00,34.3,43,2.68,624.0
2025-10-17 11:00:00,35.0,41,2.69,760.0
2025-10-17 12:00:00,35.9,38,1.86,814.0
2025-10-17 13:00:00,36.1,35,1.41,785.0
2025-10-17 14:00:00,35.9,36,0.67,671.0
2025-10-17 15:00:00,35.3,39,1.7,531.0
2025-10-17 16:00:00,34.0,48,2.71,360.0
2025-10-17 17:00:00,32.4,62,3.13,169.0
2025-10-17 18:00:00,30.7,71,3.31,25.0
2025-10-17 19:00:00,30.4,69,3.45,0.0
2025-10-17 20:00:00,30.4,64,3.38,0.0
2025-10-17 21:00:00,30.3,65,3.35,0.0
2025-10-17 22:00:00,30.0,64,2.85,0.0
2025-10-17 23:00:00,29.4,69,2.31,0.0
2025-10-18 00:00:00,28.8,70,1.86,0.0
2025-10-18 01:00:00,28.3,71,1.71,0.0
2025-10-18 02:00:00,27.8,72,1.59,0.0
2025-10-18 03:00:00,27.3,72,1.8,0.0
2025-10-18 04:00:00,26.9,73,2.09,0.0
2025-10-18 05:00:00,26.9,70,1.54,0.0
2025-10-18 06:00:00,26.6,71,1.72,0.0
2025-10-18 07:00:00,26.9,71,1.85,48.0
2025-10-18 08:00:00,28.9,63,1.49,233.0
2025-10-18 09:00:00,32.0,50,1.46,446.0
2025-10-18 10:00:00,34.0,41,1.77,634.0
2025-10-18 11:00:00,35.0,38,1.46,766.0
2025-10-18 12:00:00,35.7,35,1.07,798.0
2025-10-18 13:00:00,35.5,34,0.59,757.0
2025-10-18 14:00:00,34.9,36,1.08,652.0
2025-10-18 15:00:00,33.4,43,2.09,472.0
2025-10-18 16:00:00,32.6,48,2.3,339.0
2025-10-18 17:00:00,32.0,52,3.38,164.0
2025-10-18 18:00:00,30.7,62,2.58,24.0
2025-10-18 19:00:00,30.3,65,2.16,0.0
2025-10-18 20:00:00,30.0,67,1.97,0.0
2025-10-18 21:00:00,29.4,71,1.75,0.0
2025-10-18 22:00:00,29.0,71,1.28,0.0
2025-10-18 23:00:00,28.6,72,1.19,0.0
2025-10-19 00:00:00,28.1,73,1.13,0.0
2025-10-19 01:00:00,27.7,73,1.55,0.0
2025-10-19 02:00:00,27.3,73,1.75,0.0
2025-10-19 03:00:00,27.1,72,2.24,0.0
2025-10-19 04:00:00,26.9,71,2.58,0.0
2025-10-19 05:00:00,26.4,78,2.04,0.0
2025-10-19 06:00:00,26.4,78,2.06,0.0
2025-10-19 07:00:00,26.9,76,2.06,46.0
2025-10-19 08:00:00,28.6,69,1.82,226.0
2025-10-19 09:00:00,31.3,57,1.81,440.0
2025-10-19 10:00:00,33.6,44,2.26,628.0
2025-10-19 11:00:00,34.4,41,1.7,763.0
2025-10-19 12:00:00,34.8,39,1.39,780.0
2025-10-19 13:00:00,35.2,36,0.6,726.0
2025-10-19 14:00:00,35.1,35,1.19,668.0
2025-10-19 15:00:00,34.1,42,2.38,540.0
2025-10-19 16:00:00,33.0,52,2.97,351.0
2025-10-19 17:00:00,31.9,60,3.26,171.0
2025-10-19 18:00:00,30.9,64,3.22,23.0
2025-10-19 19:00:00,30.2,69,2.94,0.0
2025-10-19 20:00:00,29.6,74,2.85,0.0
2025-10-19 21:00:00,29.6,69,2.55,0.0
2025-10-19 22:00:00,29.5,62,2.0,0.0
2025-10-19 23:00:00,28.9,66,1.59,0.0
2025-10-20 00:00:00,28.4,67,1.4,0.0
2025-10-20 01:00:00,28.0,70,1.19,0.0
2025-10-20 02:00:00,27.4,72,1.12,0.0
2025-10-20 03:00:00,26.6,75,1.9,0.0
2025-10-20 04:00:00,26.0,77,2.45,0.0
2025-10-20 05:00:00,26.0,80,1.8,0.0
2025-10-20 06:00:00,26.1,80,1.97,0.0
2025-10-20 07:00:00,26.7,78,2.04,46.0
2025-10-20 08:00:00,28.8,68,1.53,228.0
2025-10-20 09:00:00,31.6,52,1.65,436.0
2025-10-20 10:00:00,33.6,41,2.68,630.0
2025-10-20 11:00:00,34.8,37,2.13,763.0
2025-10-20 12:00:00,35.0,35,1.43,767.0
2025-10-20 13:00:00,35.1,34,0.38,711.0
2025-10-20 14:00:00,34.8,38,1.91,707.0
2025-10-20 15:00:00,33.2,52,3.46,574.0
2025-10-20 16:00:00,32.6,56,3.42,384.0
2025-10-20 17:00:00,32.4,58,3.07,180.0
2025-10-20 18:00:00,30.6,72,3.46,23.0
2025-10-20 19:00:00,30.1,67,3.97,0.0
2025-10-20 20:00:00,30.1,61,3.42,0.0
2025-10-20 21:00:00,29.9,58,2.57,0.0
2025-10-20 22:00:00,29.5,58,1.99,0.0
2025-10-20 23:00:00,29.2,61,2.15,0.0
2025-10-21 00:00:00,28.6,63,2.09,0.0
2025-10-21 01:00:00,27.9,64,2.59,0.0
2025-10-21 02:00:00,27.5,64,2.68,0.0
2025-10-21 03:00:00,27.2,63,2.44,0.0
2025-10-21 04:00:00,26.9,64,2.12,0.0
2025-10-21 05:00:00,27.0,64,1.83,0.0
2025-10-21 06:00:00,26.6,66,1.54,0.0
2025-10-21 07:00:00,27.1,65,1.33,45.0
2025-10-21 08:00:00,28.9,59,1.11,225.0
2025-10-21 09:00:00,31.4,51,0.94,432.0
2025-10-21 10:00:00,32.9,47,1.06,612.0
2025-10-21 11:00:00,33.7,46,1.2,745.0
2025-10-21 12:00:00,34.4,43,0.49,768.0
2025-10-21 13:00:00,34.3,43,0.82,714.0
2025-10-21 14:00:00,34.2,43,2.05,637.0
2025-10-21 15:00:00,33.5,48,3.11,550.0
2025-10-21 16:00:00,32.0,56,3.21,339.0
2025-10-21 17:00:00,31.5,56,1.86,162.0
2025-10-21 18:00:00,29.8,63,1.95,19.0
2025-10-21 19:00:00,28.2,74,2.11,0.0
2025-10-21 20:00:00,27.5,79,1.94,0.0
2025-10-21 21:00:00,26.8,84,2.51,0.0
2025-10-21 22:00:00,26.2,90,2.12,0.0
2025-10-21 23:00:00,26.1,90,2.73,0.0
2025-10-22 00:00:00,26.0,88,3.1,0.0
2025-10-22 01:00:00,26.1,86,2.67,0.0
2025-10-22 02:00:00,26.3,84,2.51,0.0
2025-10-22 03:00:00,26.3,84,2.33,0.0
2025-10-22 04:00:00,26.4,84,1.86,0.0
2025-10-22 05:00:00,26.8,81,1.48,0.0
2025-10-22 06:00:00,26.6,82,1.17,0.0
2025-10-22 07:00:00,27.1,80,1.36,42.0
2025-10-22 08:00:00,28.6,73,1.2,215.0
2025-10-22 09:00:00,30.8,64,1.4,425.0
2025-10-22 10:00:00,32.6,55,1.32,607.0
2025-10-22 11:00:00,33.3,53,1.32,728.0
2025-10-22 12:00:00,33.9,52,1.0,785.0
2025-10-22 13:00:00,33.7,53,0.84,742.0
2025-10-22 14:00:00,32.7,58,1.55,671.0
2025-10-22 15:00:00,31.7,63,2.28,514.0
2025-10-22 16:00:00,31.0,65,2.35,351.0
2025-10-22 17:00:00,30.0,72,3.12,148.0
2025-10-22 18:00:00,29.3,79,2.22,21.0
2025-10-22 19:00:00,29.0,80,2.05,0.0
2025-10-22 20:00:00,28.5,80,1.92,0.0
2025-10-22 21:00:00,28.0,81,1.67,0.0
2025-10-22 22:00:00,27.6,84,0.82,0.0
2025-10-22 23:00:00,27.8,86,0.42,0.0
2025-10-23 00:00:00,27.6,85,0.83,0.0
2025-10-23 01:00:00,27.2,85,1.37,0.0
2025-10-23 02:00:00,26.8,87,1.39,0.0
2025-10-23 03:00:00,26.6,87,1.48,0.0
2025-10-23 04:00:00,26.4,86,1.87,0.0
2025-10-23 05:00:00,26.8,83,2.19,0.0
2025-10-23 06:00:00,27.0,79,2.2,0.0
2025-10-23 07:00:00,27.6,77,2.23,41.0
2025-10-23 08:00:00,29.1,72,1.71,203.0
2025-10-23 09:00:00,31.3,63,1.52,429.0
2025-10-23 10:00:00,32.9,53,1.68,612.0
2025-10-23 11:00:00,33.6,51,1.62,742.0
2025-10-23 12:00:00,34.1,51,1.5,760.0
2025-10-23 13:00:00,34.4,50,1.77,777.0
2025-10-23 14:00:00,34.6,49,2.02,668.0
2025-10-23 15:00:00,34.2,51,1.75,504.0
2025-10-23 16:00:00,32.0,66,3.4,328.0
2025-10-23 17:00:00,31.5,76,3.22,148.0
2025-10-23 18:00:00,30.7,77,3.38,16.0
2025-10-23 19:00:00,30.6,73,3.27,0.0
2025-10-23 20:00:00,29.8,75,2.99,0.0
2025-10-23 21:00:00,28.2,77,3.83,0.0
2025-10-23 22:00:00,27.4,78,1.66,0.0
2025-10-23 23:00:00,28.5,72,2.44,0.0
2025-10-24 00:00:00,28.1,80,2.15,0.0
2025-10-24 01:00:00,27.8,82,1.5,0.0
2025-10-24 02:00:00,27.5,83,1.45,0.0
2025-10-24 03:00:00,27.2,85,1.82,0.0
2025-10-24 04:00:00,27.0,85,1.79,0.0
2025-10-24 05:00:00,27.6,82,1.04,0.0
2025-10-24 06:00:00,27.7,83,0.86,0.0
2025-10-24 07:00:00,28.0,83,0.97,38.0
2025-10-24 08:00:00,29.1,74,1.12,197.0
2025-10-24 09:00:00,30.6,65,1.5,355.0
2025-10-24 10:00:00,31.6,58,1.97,417.0
2025-10-24 11:00:00,32.8,54,3.64,516.0
2025-10-24 12:00:00,32.4,55,2.86,468.0
2025-10-24 13:00:00,33.0,54,2.34,530.0
2025-10-24 14:00:00,32.7,55,1.84,369.0
2025-10-24 15:00:00,32.8,54,0.68,312.0
2025-10-24 16:00:00,28.9,74,2.12,275.0
2025-10-24 17:00:00,32.1,58,1.67,71.0
2025-10-24 18:00:00,30.4,75,1.54,18.0
2025-10-24 19:00:00,29.5,79,1.25,0.0
2025-10-24 20:00:00,29.1,74,3.79,0.0
2025-10-24 21:00:00,27.8,79,2.51,0.0
2025-10-24 22:00:00,27.4,82,2.19,0.0
2025-10-24 23:00:00,27.2,85,2.2,0.0
2025-10-25 00:00:00,27.0,86,1.64,0.0
2025-10-25 01:00:00,26.7,87,1.68,0.0
2025-10-25 02:00:00,26.4,88,1.43,0.0
2025-10-25 03:00:00,26.4,86,1.73,0.0
2025-10-25 04:00:00,26.3,84,2.22,0.0
2025-10-25 05:00:00,25.8,95,1.56,0.0
2025-10-25 06:00:00,25.9,92,1.5,0.0
2025-10-25 07:00:00,26.3,90,1.84,33.0
2025-10-25 08:00:00,27.6,85,1.65,192.0
2025-10-25 09:00:00,29.0,74,2.51,358.0
2025-10-25 10:00:00,29.7,69,3.38,496.0
2025-10-25 11:00:00,29.6,71,2.67,441.0
2025-10-25 12:00:00,30.2,64,4.0,668.0
2025-10-25 13:00:00,29.2,71,3.36,516.0
2025-10-25 14:00:00,28.7,74,2.5,473.0
2025-10-25 15:00:00,28.8,71,3.62,224.0
2025-10-25 16:00:00,28.3,73,2.55,182.0
2025-10-25 17:00:00,26.0,90,2.16,98.0
2025-10-25 18:00:00,25.7,91,2.91,6.0
2025-10-25 19:00:00,25.3,93,3.03,0.0
2025-10-25 20:00:00,25.5,94,1.89,0.0
2025-10-25 21:00:00,25.4,96,1.93,0.0
2025-10-25 22:00:00,25.2,95,1.68,0.0
2025-10-25 23:00:00,25.3,92,2.18,0.0
2025-10-26 00:00:00,25.7,93,1.47,0.0
2025-10-26 01:00:00,25.4,94,2.6,0.0
2025-10-26 02:00:00,25.4,91,2.86,0.0
2025-10-26 03:00:00,25.0,93,1.7,0.0
2025-10-26 04:00:00,24.9,93,1.62,0.0
2025-10-26 05:00:00,24.9,93,0.92,0.0
2025-10-26 06:00:00,24.8,92,2.09,0.0
2025-10-26 07:00:00,25.0,91,2.26,17.0
2025-10-26 08:00:00,25.7,89,2.56,86.0
2025-10-26 09:00:00,26.8,83,2.47,182.0
2025-10-26 10:00:00,26.0,88,2.86,124.0
2025-10-26 11:00:00,25.7,91,2.97,72.0
2025-10-26 12:00:00,26.0,90,3.44,124.0
2025-10-26 13:00:00,25.9,90,4.3,159.0
2025-10-26 14:00:00,24.9,92,4.94,128.0
2025-10-26 15:00:00,25.2,89,4.76,111.0
2025-10-26 16:00:00,25.0,91,3.72,56.0
2025-10-26 17:00:00,25.4,93,2.51,46.0
2025-10-26 18:00:00,25.3,95,1.98,2.0
2025-10-26 19:00:00,25.2,97,2.15,0.0
2025-10-26 20:00:00,24.7,96,2.64,0.0
2025-10-26 21:00:00,24.6,97,2.56,0.0
2025-10-26 22:00:00,24.6,96,3.83,0.0
2025-10-26 23:00:00,24.0,97,2.28,0.0
2025-10-27 00:00:00,24.1,96,1.0,0.0
2025-10-27 01:00:00,24.2,96,2.85,0.0
2025-10-27 02:00:00,24.0,97,2.32,0.0
2025-10-27 03:00:00,23.9,96,2.37,0.0
2025-10-27 04:00:00,23.9,96,2.5,0.0
2025-10-27 05:00:00,23.7,96,1.92,0.0
2025-10-27 06:00:00,24.0,95,2.23,0.0
2025-10-27 07:00:00,24.2,93,3.05,16.0
2025-10-27 08:00:00,25.0,89,2.79,81.0
2025-10-27 09:00:00,26.8,84,2.37,354.0
2025-10-27 10:00:00,27.5,80,2.37,378.0
2025-10-27 11:00:00,28.9,76,3.26,607.0
2025-10-27 12:00:00,30.1,69,3.58,688.0
2025-10-27 13:00:00,30.4,67,4.24,734.0
2025-10-27 14:00:00,27.9,80,3.97,419.0
2025-10-27 15:00:00,27.3,83,3.81,273.0
2025-10-27 16:00:00,26.8,85,5.58,290.0
2025-10-27 17:00:00,26.5,87,5.71,94.0
2025-10-27 18:00:00,26.4,88,5.48,8.0
2025-10-27 19:00:00,26.0,90,3.94,0.0
2025-10-27 20:00:00,25.9,90,3.76,0.0
2025-10-27 21:00:00,26.0,89,4.25,0.0
2025-10-27 22:00:00,25.9,89,4.76,0.0
2025-10-27 23:00:00,25.6,89,4.18,0.0
2025-10-28 00:00:00,25.4,89,3.55,0.0
2025-10-28 01:00:00,25.3,89,3.47,0.0
2025-10-28 02:00:00,25.5,87,3.4,0.0
2025-10-28 03:00:00,25.5,86,3.01,0.0
2025-10-28 04:00:00,25.7,84,3.41,0.0
2025-10-28 05:00:00,25.6,83,3.87,0.0
2025-10-28 06:00:00,25.3,84,3.24,0.0
2025-10-28 07:00:00,25.4,84,2.69,38.0
2025-10-28 08:00:00,26.8,78,2.74,206.0
2025-10-28 09:00:00,28.0,73,2.56,411.0
2025-10-28 10:00:00,29.5,66,3.53,604.0
2025-10-28 11:00:00,30.6,60,4.04,731.0
2025-10-28 12:00:00,31.3,57,4.05,795.0
2025-10-28 13:00:00,31.7,54,4.12,751.0
2025-10-28 14:00:00,31.5,56,3.6,527.0
2025-10-28 15:00:00,30.0,71,3.58,243.0
2025-10-28 16:00:00,27.8,82,4.32,348.0
2025-10-28 17:00:00,28.0,83,3.3,145.0
2025-10-28 18:00:00,27.0,86,4.66,15.0
2025-10-28 19:00:00,27.0,83,4.01,0.0
2025-10-28 20:00:00,26.8,81,3.95,0.0
2025-10-28 21:00:00,26.7,80,4.45,0.0
2025-10-28 22:00:00,26.7,79,4.37,0.0
2025-10-28 23:00:00,27.1,79,3.9,0.0
2025-10-29 00:00:00,26.9,79,3.84,0.0
2025-10-29 01:00:00,26.6,79,3.73,0.0
2025-10-29 02:00:00,26.1,80,3.22,0.0
2025-10-29 03:00:00,25.9,79,3.31,0.0
2025-10-29 04:00:00,25.9,76,2.9,0.0
2025-10-29 05:00:00,26.1,78,3.06,0.0
2025-10-29 06:00:00,26.1,76,3.05,0.0
2025-10-29 07:00:00,26.2,76,2.97,34.0
2025-10-29 08:00:00,26.5,83,2.07,175.0
2025-10-29 09:00:00,27.9,82,0.78,365.0
2025-10-29 10:00:00,29.4,75,0.58,580.0
2025-10-29 11:00:00,30.7,64,1.66,714.0
2025-10-29 12:00:00,30.9,62,1.57,710.0
2025-10-29 13:00:00,29.6,74,3.67,761.0
2025-10-29 14:00:00,28.8,82,5.14,667.0
2025-10-29 15:00:00,28.9,80,4.59,514.0
2025-10-29 16:00:00,28.3,82,4.57,314.0
2025-10-29 17:00:00,27.4,83,3.09,143.0
2025-10-29 18:00:00,26.9,86,2.05,14.0
2025-10-29 19:00:00,26.7,86,0.85,0.0
2025-10-29 20:00:00,26.8,84,2.23,0.0
2025-10-29 21:00:00,26.5,85,2.62,0.0
2025-10-29 22:00:00,26.4,86,3.62,0.0
2025-10-29 23:00:00,26.4,86,3.7,0.0
2025-10-30 00:00:00,26.2,87,3.36,0.0
2025-10-30 01:00:00,26.0,85,3.96,0.0
2025-10-30 02:00:00,25.3,88,3.52,0.0
2025-10-30 03:00:00,25.2,90,3.43,0.0
2025-10-30 04:00:00,24.7,92,3.19,0.0
2025-10-30 05:00:00,24.6,96,2.77,0.0
2025-10-30 06:00:00,24.7,94,2.85,0.0
2025-10-30 07:00:00,25.1,94,2.55,7.0
2025-10-30 08:00:00,25.3,94,2.89,39.0
2025-10-30 09:00:00,25.6,92,3.01,48.0
2025-10-30 10:00:00,26.7,86,3.44,203.0
2025-10-30 11:00:00,26.6,82,3.5,656.0
2025-10-30 12:00:00,28.0,75,3.56,565.0
2025-10-30 13:00:00,28.7,69,4.8,610.0
2025-10-30 14:00:00,28.4,73,4.76,537.0
2025-10-30 15:00:00,28.6,69,5.1,478.0
2025-10-30 16:00:00,28.2,72,5.6,309.0
2025-10-30 17:00:00,28.2,73,4.3,135.0
2025-10-30 18:00:00,27.3,76,4.6,15.0
2025-10-30 19:00:00,26.6,81,3.96,0.0
2025-10-30 20:00:00,26.7,82,3.91,0.0
2025-10-30 21:00:00,26.4,82,3.41,0.0
2025-10-30 22:00:00,25.9,83,3.59,0.0
2025-10-30 23:00:00,26.0,84,3.11,0.0
2025-10-31 00:00:00,26.0,83,3.41,0.0
2025-10-31 01:00:00,25.6,84,3.72,0.0
2025-10-31 02:00:00,25.0,87,4.83,0.0
2025-10-31 03:00:00,24.4,89,4.16,0.0
2025-10-31 04:00:00,24.7,88,3.72,0.0
2025-10-31 05:00:00,25.6,82,5.06,0.0
2025-10-31 06:00:00,25.4,84,4.59,0.0
2025-10-31 07:00:00,25.4,85,4.29,10.0
2025-10-31 08:00:00,26.2,83,4.19,188.0
2025-10-31 09:00:00,26.5,83,3.89,147.0
2025-10-31 10:00:00,27.4,79,5.47,318.0
2025-10-31 11:00:00,29.0,70,5.77,540.0
2025-10-31 12:00:00,29.2,72,5.75,715.0
2025-10-31 13:00:00,29.1,74,5.96,677.0
2025-10-31 14:00:00,28.7,74,6.71,613.0
2025-10-31 15:00:00,28.1,80,6.17,464.0
2025-10-31 16:00:00,27.3,84,5.4,298.0
2025-10-31 17:00:00,27.2,84,3.89,141.0
2025-10-31 18:00:00,26.3,89,5.29,13.0
2025-10-31 19:00:00,26.7,87,4.38,0.0
2025-10-31 20:00:00,26.4,89,4.23,0.0
2025-10-31 21:00:00,26.3,89,4.34,0.0
2025-10-31 22:00:00,26.1,90,4.45,0.0
2025-10-31 23:00:00,26.4,89,4.14,0.0
2025-11-01 00:00:00,26.2,90,4.03,0.0
2025-11-01 01:00:00,26.1,90,4.0,0.0
2025-11-01 02:00:00,25.8,91,3.98,0.0
2025-11-01 03:00:00,25.6,92,3.69,0.0
2025-11-01 04:00:00,25.4,91,3.89,0.0
2025-11-01 05:00:00,25.0,94,3.75,0.0
2025-11-01 06:00:00,25.0,96,2.99,0.0
2025-11-01 07:00:00,25.1,94,3.29,18.0
2025-11-01 08:00:00,25.6,92,4.2,89.0
2025-11-01 09:00:00,26.6,86,4.7,345.0
2025-11-01 10:00:00,27.2,82,4.27,409.0
2025-11-01 11:00:00,28.3,83,4.61,615.0
2025-11-01 12:00:00,28.3,82,4.73,685.0
2025-11-01 13:00:00,28.4,83,4.22,637.0
2025-11-01 14:00:00,28.3,81,3.95,593.0
2025-11-01 15:00:00,28.0,77,5.34,503.0
2025-11-01 16:00:00,27.3,82,4.33,240.0
2025-11-01 17:00:00,27.7,86,2.84,123.0
2025-11-01 18:00:00,26.6,87,3.35,11.0
2025-11-01 19:00:00,26.1,90,3.27,0.0
2025-11-01 20:00:00,26.2,90,2.89,0.0
2025-11-01 21:00:00,25.8,92,3.0,0.0
2025-11-01 22:00:00,25.8,92,3.38,0.0
2025-11-01 23:00:00,26.1,89,3.42,0.0
2025-11-02 00:00:00,26.2,89,3.59,0.0
2025-11-02 01:00:00,25.8,91,3.36,0.0
2025-11-02 02:00:00,25.6,92,3.45,0.0
2025-11-02 03:00:00,25.4,93,3.24,0.0
2025-11-02 04:00:00,25.2,93,3.21,0.0
2025-11-02 05:00:00,25.7,91,3.04,0.0
2025-11-02 06:00:00,25.7,91,3.26,0.0
2025-11-02 07:00:00,25.8,91,3.16,30.0
2025-11-02 08:00:00,26.4,86,3.36,138.0
2025-11-02 09:00:00,27.1,84,4.01,317.0
2025-11-02 10:00:00,27.5,82,4.46,468.0
2025-11-02 11:00:00,27.5,81,4.5,422.0
2025-11-02 12:00:00,27.6,82,3.91,565.0
2025-11-02 13:00:00,27.4,81,4.38,593.0
2025-11-02 14:00:00,27.0,85,3.86,423.0
2025-11-02 15:00:00,26.7,84,3.65,372.0
2025-11-02 16:00:00,26.6,85,3.12,183.0
2025-11-02 17:00:00,26.3,90,2.66,116.0
2025-11-02 18:00:00,26.1,92,1.64,11.0
2025-11-02 19:00:00,25.9,91,1.1,0.0
2025-11-02 20:00:00,25.2,94,2.5,0.0
2025-11-02 21:00:00,25.3,93,1.81,0.0
2025-11-02 22:00:00,25.2,94,1.55,0.0
2025-11-02 23:00:00,25.6,93,1.61,0.0
2025-11-03 00:00:00,25.5,94,1.76,0.0
2025-11-03 01:00:00,25.3,94,1.65,0.0
2025-11-03 02:00:00,25.2,94,1.61,0.0
2025-11-03 03:00:00,25.0,94,1.6,0.0
2025-11-03 04:00:00,24.7,95,1.3,0.0
2025-11-03 05:00:00,24.3,96,1.84,0.0
2025-11-03 06:00:00,23.9,96,2.48,0.0
2025-11-03 07:00:00,23.9,95,1.83,29.0
2025-11-03 08:00:00,24.8,93,1.86,162.0
2025-11-03 09:00:00,26.5,85,2.25,378.0
2025-11-03 10:00:00,27.6,80,2.07,453.0
2025-11-03 11:00:00,28.4,78,2.69,630.0
2025-11-03 12:00:00,28.7,76,3.01,720.0
2025-11-03 13:00:00,28.5,78,3.09,711.0
2025-11-03 14:00:00,28.2,79,3.29,639.0
2025-11-03 15:00:00,27.7,79,3.38,515.0
2025-11-03 16:00:00,27.5,83,3.02,320.0
2025-11-03 17:00:00,27.2,86,2.14,138.0
2025-11-03 18:00:00,26.5,90,1.55,12.0
2025-11-03 19:00:00,26.2,92,0.76,0.0
2025-11-03 20:00:00,26.2,90,0.96,0.0
2025-11-03 21:00:00,25.7,91,2.14,0.0
2025-11-03 22:00:00,25.0,90,2.25,0.0
2025-11-03 23:00:00,25.5,88,1.7,0.0
2025-11-04 00:00:00,25.5,89,1.71,0.0
2025-11-04 01:00:00,25.2,91,1.76,0.0
2025-11-04 02:00:00,24.9,93,1.59,0.0
2025-11-04 03:00:00,24.9,94,1.02,0.0
2025-11-04 04:00:00,24.8,93,0.53,0.0
2025-11-04 05:00:00,24.5,93,0.57,0.0
2025-11-04 06:00:00,24.6,94,1.52,0.0
2025-11-04 07:00:00,24.6,96,1.74,30.0
2025-11-04 08:00:00,25.6,91,1.42,176.0
2025-11-04 09:00:00,26.8,83,1.59,383.0
2025-11-04 10:00:00,27.7,78,1.57,529.0
2025-11-04 11:00:00,27.9,78,2.69,628.0
2025-11-04 12:00:00,28.0,78,2.51,621.0
2025-11-04 13:00:00,28.1,77,2.45,578.0
2025-11-04 14:00:00,27.4,79,3.24,549.0
2025-11-04 15:00:00,27.3,79,3.61,446.0
2025-11-04 16:00:00,26.9,79,3.31,316.0
2025-11-04 17:00:00,26.2,85,1.62,120.0
2025-11-04 18:00:00,25.5,89,0.69,12.0
2025-11-04 19:00:00,25.3,91,0.18,0.0
2025-11-04 20:00:00,24.9,93,0.42,0.0
2025-11-04 21:00:00,24.8,93,0.16,0.0
2025-11-04 22:00:00,24.8,93,0.82,0.0
2025-11-04 23:00:00,24.4,89,0.15,0.0
2025-11-05 00:00:00,24.3,91,0.91,0.0
2025-11-05 01:00:00,23.9,94,0.85,0.0
2025-11-05 02:00:00,23.7,95,0.65,0.0
2025-11-05 03:00:00,23.6,96,0.5,0.0
2025-11-05 04:00:00,23.4,96,0.57,0.0
2025-11-05 05:00:00,24.1,95,0.97,0.0
2025-11-05 06:00:00,23.9,96,1.36,0.0
2025-11-05 07:00:00,24.0,98,1.51,25.0
2025-11-05 08:00:00,24.9,92,1.28,173.0
2025-11-05 09:00:00,26.3,80,0.83,372.0
2025-11-05 10:00:00,27.1,73,0.21,525.0
2025-11-05 11:00:00,28.4,66,1.01,651.0
2025-11-05 12:00:00,28.6,65,1.74,704.0
2025-11-05 13:00:00,28.5,65,2.2,726.0
2025-11-05 14:00:00,28.4,62,2.5,695.0
2025-11-05 15:00:00,28.2,61,2.35,553.0
2025-11-05 16:00:00,27.6,65,2.33,358.0
2025-11-05 17:00:00,27.0,73,2.2,148.0
2025-11-05 18:00:00,26.3,77,1.91,11.0
2025-11-05 19:00:00,25.8,79,1.86,0.0
2025-11-05 20:00:00,25.5,81,2.04,0.0
2025-11-05 21:00:00,25.0,84,1.51,0.0
2025-11-05 22:00:00,24.6,87,1.57,0.0
2025-11-05 23:00:00,24.6,89,1.33,0.0
2025-11-06 00:00:00,24.4,90,1.04,0.0
2025-11-06 01:00:00,24.2,90,1.03,0.0
2025-11-06 02:00:00,23.9,91,1.35,0.0
2025-11-06 03:00:00,23.4,92,1.17,0.0
2025-11-06 04:00:00,23.1,92,1.35,0.0
2025-11-06 05:00:00,22.9,91,1.03,0.0
2025-11-06 06:00:00,22.9,92,0.89,0.0
2025-11-06 07:00:00,23.5,90,1.25,32.0
2025-11-06 08:00:00,24.5,88,0.85,194.0
2025-11-06 09:00:00,26.2,81,0.92,406.0
2025-11-06 10:00:00,27.6,74,0.76,586.0
2025-11-06 11:00:00,28.4,70,1.01,699.0
2025-11-06 12:00:00,29.1,69,1.23,713.0
2025-11-06 13:00:00,28.6,71,2.23,707.0
2025-11-06 14:00:00,28.3,71,2.94,549.0
2025-11-06 15:00:00,28.0,74,2.97,447.0
2025-11-06 16:00:00,27.6,74,2.96,243.0
2025-11-06 17:00:00,27.3,76,3.24,136.0
2025-11-06 18:00:00,26.5,78,3.41,12.0
2025-11-06 19:00:00,26.2,80,3.12,0.0
2025-11-06 20:00:00,25.9,81,2.77,0.0
2025-11-06 21:00:00,25.6,82,2.3,0.0
2025-11-06 22:00:00,25.2,84,1.3,0.0
2025-11-06 23:00:00,24.9,87,0.81,0.0
2025-11-07 00:00:00,25.0,87,0.96,0.0
2025-11-07 01:00:00,24.5,89,0.92,0.0
2025-11-07 02:00:00,24.0,91,0.74,0.0
2025-11-07 03:00:00,23.9,91,1.05,0.0
2025-11-07 04:00:00,23.8,91,1.35,0.0
2025-11-07 05:00:00,24.0,94,1.3,0.0
2025-11-07 06:00:00,24.1,95,1.23,0.0
2025-11-07 07:00:00,23.9,97,1.36,26.0
2025-11-07 08:00:00,25.0,94,1.31,171.0
2025-11-07 09:00:00,26.9,81,1.17,388.0
2025-11-07 10:00:00,28.5,67,1.1,588.0
2025-11-07 11:00:00,30.1,58,0.68,713.0
2025-11-07 12:00:00,31.3,51,0.25,787.0
2025-11-07 13:00:00,31.4,50,1.0,754.0
2025-11-07 14:00:00,30.7,52,2.66,676.0
2025-11-07 15:00:00,29.9,54,3.25,537.0
2025-11-07 16:00:00,28.9,58,3.29,351.0
2025-11-07 17:00:00,28.2,68,3.25,147.0
2025-11-07 18:00:00,27.3,68,3.41,12.0
2025-11-07 19:00:00,26.8,68,3.16,0.0
2025-11-07 20:00:00,26.3,72,2.88,0.0
2025-11-07 21:00:00,25.7,70,2.01,0.0
2025-11-07 22:00:00,25.2,68,1.63,0.0
2025-11-07 23:00:00,25.0,66,2.03,0.0
2025-11-08 00:00:00,24.7,64,2.01,0.0
2025-11-08 01:00:00,24.2,65,2.06,0.0
2025-11-08 02:00:00,23.4,69,1.6,0.0
2025-11-08 03:00:00,22.8,72,1.57,0.0
2025-11-08 04:00:00,22.5,77,2.11,0.0
2025-11-08 05:00:00,22.7,79,2.3,0.0
2025-11-08 06:00:00,22.9,77,2.24,0.0
2025-11-08 07:00:00,23.2,74,2.37,32.0
2025-11-08 08:00:00,24.8,68,2.13,203.0
2025-11-08 09:00:00,27.0,61,1.75,414.0
2025-11-08 10:00:00,29.5,50,2.06,600.0
2025-11-08 11:00:00,32.1,36,2.44,734.0
2025-11-08 12:00:00,33.1,29,2.82,803.0
2025-11-08 13:00:00,33.4,28,2.77,795.0
2025-11-08 14:00:00,33.3,27,2.53,713.0
2025-11-08 15:00:00,32.0,40,3.1,565.0
2025-11-08 16:00:00,30.1,63,3.15,367.0
2025-11-08 17:00:00,29.3,70,2.24,153.0
2025-11-08 18:00:00,28.2,72,1.94,12.0
2025-11-08 19:00:00,27.9,67,2.16,0.0
2025-11-08 20:00:00,27.6,53,2.01,0.0
2025-11-08 21:00:00,26.8,49,1.91,0.0
2025-11-08 22:00:00,26.0,50,1.61,0.0
2025-11-08 23:00:00,25.6,52,1.73,0.0
2025-11-09 00:00:00,24.7,58,1.85,0.0
2025-11-09 01:00:00,23.8,64,2.34,0.0
2025-11-09 02:00:00,23.2,65,2.55,0.0
2025-11-09 03:00:00,23.0,61,2.55,0.0
2025-11-09 04:00:00,22.8,60,2.46,0.0
2025-11-09 05:00:00,21.7,74,1.17,0.0
2025-11-09 06:00:00,21.3,76,0.82,0.0
2025-11-09 07:00:00,22.2,71,1.28,32.0
2025-11-09 08:00:00,24.1,62,0.78,207.0
2025-11-09 09:00:00,26.9,49,0.67,420.0
2025-11-09 10:00:00,29.0,42,0.68,606.0
2025-11-09 11:00:00,30.4,37,1.72,740.0
2025-11-09 12:00:00,31.2,32,2.64,804.0
2025-11-09 13:00:00,31.4,27,3.22,797.0
2025-11-09 14:00:00,31.0,29,3.34,717.0
2025-11-09 15:00:00,30.0,38,3.15,568.0
2025-11-09 16:00:00,28.9,45,2.76,371.0
2025-11-09 17:00:00,28.2,52,2.47,156.0
2025-11-09 18:00:00,26.5,65,2.37,12.0
2025-11-09 19:00:00,26.0,68,1.9,0.0
2025-11-09 20:00:00,25.7,70,1.84,0.0
2025-11-09 21:00:00,25.3,71,1.65,0.0
2025-11-09 22:00:00,24.7,74,1.25,0.0
2025-11-09 23:00:00,23.7,79,0.82,0.0
2025-11-10 00:00:00,23.0,79,0.81,0.0
2025-11-10 01:00:00,22.5,77,0.78,0.0
2025-11-10 02:00:00,22.0,77,0.9,0.0
2025-11-10 03:00:00,21.5,78,0.91,0.0
2025-11-10 04:00:00,21.1,78,1.05,0.0
2025-11-10 05:00:00,20.7,84,1.23,0.0
2025-11-10 06:00:00,20.8,78,1.19,0.0
2025-11-10 07:00:00,21.4,72,1.61,31.0
2025-11-10 08:00:00,23.8,60,1.46,203.0
2025-11-10 09:00:00,27.1,43,1.29,417.0
2025-11-10 10:00:00,29.6,34,1.33,603.0
2025-11-10 11:00:00,31.0,28,1.51,735.0
2025-11-10 12:00:00,32.1,26,1.66,801.0
2025-11-10 13:00:00,32.2,27,2.05,791.0
2025-11-10 14:00:00,31.8,29,2.41,707.0
2025-11-10 15:00:00,31.0,34,3.0,560.0
2025-11-10 16:00:00,29.6,45,3.08,366.0
2025-11-10 17:00:00,28.6,48,2.5,152.0
2025-11-10 18:00:00,27.5,56,2.28,12.0
2025-11-10 19:00:00,27.1,60,1.8,0.0
2025-11-10 20:00:00,26.6,63,1.73,0.0
2025-11-10 21:00:00,26.1,65,1.65,0.0
2025-11-10 22:00:00,25.5,69,1.1,0.0
2025-11-10 23:00:00,24.7,75,0.43,0.0
2025-11-11 00:00:00,24.2,77,0.43,0.0
2025-11-11 01:00:00,23.8,79,0.61,0.0
2025-11-11 02:00:00,23.4,82,0.81,0.0
2025-11-11 03:00:00,22.7,87,0.82,0.0
2025-11-11 04:00:00,22.2,90,0.76,0.0
2025-11-11 05:00:00,21.8,88,0.76,0.0
2025-11-11 06:00:00,21.4,89,1.33,0.0
2025-11-11 07:00:00,21.4,87,1.75,29.0
2025-11-11 08:00:00,23.7,73,1.5,196.0
2025-11-11 09:00:00,27.0,55,1.38,410.0
2025-11-11 10:00:00,29.8,39,1.42,597.0
2025-11-11 11:00:00,31.1,31,1.35,729.0
2025-11-11 12:00:00,32.1,28,1.25,793.0
2025-11-11 13:00:00,31.9,30,1.79,783.0
2025-11-11 14:00:00,31.5,35,2.65,701.0
2025-11-11 15:00:00,30.5,42,3.53,554.0
2025-11-11 16:00:00,29.7,42,3.38,359.0
2025-11-11 17:00:00,28.5,50,3.31,149.0
2025-11-11 18:00:00,27.5,55,2.65,11.0
2025-11-11 19:00:00,27.0,58,2.44,0.0
2025-11-11 20:00:00,26.6,53,2.47,0.0
2025-11-11 21:00:00,26.3,47,2.37,0.0
2025-11-11 22:00:00,25.8,46,1.86,0.0
2025-11-11 23:00:00,25.1,51,1.76,0.0
2025-11-12 00:00:00,24.5,54,1.15,0.0
2025-11-12 01:00:00,23.9,54,1.1,0.0
2025-11-12 02:00:00,23.4,54,1.21,0.0
2025-11-12 03:00:00,22.9,55,1.59,0.0
2025-11-12 04:00:00,22.3,57,1.97,0.0
2025-11-12 05:00:00,21.5,64,2.25,0.0
2025-11-12 06:00:00,21.3,66,2.32,0.0
2025-11-12 07:00:00,21.6,65,2.43,30.0
2025-11-12 08:00:00,23.4,59,2.04,199.0
2025-11-12 09:00:00,26.2,49,2.0,410.0
2025-11-12 10:00:00,29.0,39,1.9,595.0
2025-11-12 11:00:00,31.2,31,2.15,726.0
2025-11-12 12:00:00,32.4,28,1.56,790.0
2025-11-12 13:00:00,32.8,28,0.9,780.0
2025-11-12 14:00:00,32.8,28,1.36,699.0
2025-11-12 15:00:00,32.3,31,2.62,552.0
2025-11-12 16:00:00,30.7,44,3.71,357.0
2025-11-12 17:00:00,30.6,40,2.27,147.0
2025-11-12 18:00:00,29.1,46,2.11,11.0
2025-11-12 19:00:00,28.5,43,2.67,0.0
2025-11-12 20:00:00,27.7,41,2.77,0.0
2025-11-12 21:00:00,26.8,43,2.64,0.0
2025-11-12 22:00:00,26.2,45,2.59,0.0
2025-11-12 23:00:00,25.8,47,2.21,0.0
2025-11-13 00:00:00,25.1,48,1.73,0.0
2025-11-13 01:00:00,24.0,52,1.94,0.0
2025-11-13 02:00:00,23.2,57,2.06,0.0
2025-11-13 03:00:00,22.4,61,2.34,0.0
2025-11-13 04:00:00,21.9,63,2.47,0.0
2025-11-13 05:00:00,22.2,59,2.31,0.0
2025-11-13 06:00:00,22.2,57,2.33,0.0
2025-11-13 07:00:00,22.6,54,2.44,28.0
2025-11-13 08:00:00,24.3,50,1.95,196.0
2025-11-13 09:00:00,27.2,43,1.9,408.0
2025-11-13 10:00:00,30.0,36,1.66,593.0
2025-11-13 11:00:00,32.0,29,1.68,725.0
2025-11-13 12:00:00,33.2,26,0.66,791.0
2025-11-13 13:00:00,33.4,26,1.35,782.0
2025-11-13 14:00:00,33.3,27,2.02,700.0
2025-11-13 15:00:00,32.6,31,3.01,553.0
2025-11-13 16:00:00,30.9,42,3.79,357.0
2025-11-13 17:00:00,30.2,45,3.13,147.0
2025-11-13 18:00:00,28.8,46,3.07,11.0
2025-11-13 19:00:00,28.3,44,2.99,0.0
2025-11-13 20:00:00,27.5,50,2.43,0.0
2025-11-13 21:00:00,26.6,55,2.14,0.0
2025-11-13 22:00:00,26.1,54,2.37,0.0
2025-11-13 23:00:00,25.7,52,2.37,0.0
2025-11-14 00:00:00,24.6,54,1.26,0.0
2025-11-14 01:00:00,23.9,55,1.76,0.0
2025-11-14 02:00:00,23.1,57,1.61,0.0
2025-11-14 03:00:00,22.6,58,1.77,0.0
2025-11-14 04:00:00,22.1,60,1.73,0.0
2025-11-14 05:00:00,21.6,62,1.72,0.0
2025-11-14 06:00:00,21.3,63,1.5,0.0
2025-11-14 07:00:00,21.6,62,1.93,28.0
2025-11-14 08:00:00,23.4,56,1.72,196.0
2025-11-14 09:00:00,26.7,46,1.8,408.0
2025-11-14 10:00:00,29.9,34,2.21,594.0
2025-11-14 11:00:00,31.8,27,1.9,726.0
2025-11-14 12:00:00,32.9,25,0.51,791.0
2025-11-14 13:00:00,33.1,24,1.16,782.0
2025-11-14 14:00:00,32.7,29,2.26,702.0
2025-11-14 15:00:00,31.9,34,2.99,555.0
2025-11-14 16:00:00,30.8,37,2.87,359.0
2025-11-14 17:00:00,29.7,50,2.17,148.0
2025-11-14 18:00:00,28.3,58,1.98,11.0
2025-11-14 19:00:00,27.7,50,2.64,0.0
2025-11-14 20:00:00,27.1,51,2.53,0.0
2025-11-14 21:00:00,26.2,60,2.35,0.0
2025-11-14 22:00:00,25.7,62,1.4,0.0
2025-11-14 23:00:00,25.0,62,1.27,0.0
2025-11-15 00:00:00,24.4,60,1.4,0.0
2025-11-15 01:00:00,23.2,62,0.98,0.0
2025-11-15 02:00:00,22.8,61,1.28,0.0
2025-11-15 03:00:00,21.9,62,1.39,0.0
2025-11-15 04:00:00,21.3,61,1.91,0.0
2025-11-15 05:00:00,21.1,62,1.87,0.0
2025-11-15 06:00:00,20.9,60,1.95,0.0
2025-11-15 07:00:00,21.2,58,2.21,28.0
2025-11-15 08:00:00,22.9,52,1.9,197.0
2025-11-15 09:00:00,26.4,42,1.88,411.0
2025-11-15 10:00:00,29.2,32,2.45,597.0
2025-11-15 11:00:00,31.3,26,2.35,730.0
2025-11-15 12:00:00,32.6,22,1.27,795.0
2025-11-15 13:00:00,33.2,21,0.63,786.0
2025-11-15 14:00:00,33.0,22,1.44,706.0
2025-11-15 15:00:00,32.2,27,2.5,559.0
2025-11-15 16:00:00,31.3,27,3.07,362.0
2025-11-15 17:00:00,30.1,35,2.38,148.0
2025-11-15 18:00:00,27.8,52,2.73,10.0
2025-11-15 19:00:00,26.8,51,3.29,0.0
2025-11-15 20:00:00,26.2,57,3.26,0.0
2025-11-15 21:00:00,25.7,63,2.57,0.0
2025-11-15 22:00:00,24.9,62,1.72,0.0
2025-11-15 23:00:00,24.3,62,1.64,0.0
2025-11-16 00:00:00,23.3,63,1.05,0.0
2025-11-16 01:00:00,22.3,66,0.84,0.0
2025-11-16 02:00:00,21.9,62,1.3,0.0
2025-11-16 03:00:00,21.5,56,1.97,0.0
2025-11-16 04:00:00,21.3,51,2.49,0.0
2025-11-16 05:00:00,21.2,50,2.71,0.0
2025-11-16 06:00:00,20.9,52,2.77,0.0
2025-11-16 07:00:00,20.8,53,2.66,27.0
2025-11-16 08:00:00,22.3,50,2.64,195.0
2025-11-16 09:00:00,25.7,41,2.17,408.0
2025-11-16 10:00:00,28.8,32,2.77,594.0
2025-11-16 11:00:00,30.9,26,2.74,727.0
2025-11-16 12:00:00,32.4,21,2.2,794.0
2025-11-16 13:00:00,33.0,19,1.08,786.0
2025-11-16 14:00:00,33.1,19,0.71,704.0
2025-11-16 15:00:00,32.4,22,2.2,558.0
2025-11-16 16:00:00,31.8,22,1.77,362.0
2025-11-16 17:00:00,30.4,26,2.89,148.0
2025-11-16 18:00:00,27.5,46,3.57,10.0
2025-11-16 19:00:00,27.0,57,3.56,0.0
2025-11-16 20:00:00,26.5,64,3.07,0.0
2025-11-16 21:00:00,25.8,59,2.62,0.0
2025-11-16 22:00:00,25.8,42,3.01,0.0
2025-11-16 23:00:00,25.3,38,2.73,0.0
2025-11-17 00:00:00,24.1,39,1.9,0.0
2025-11-17 01:00:00,23.1,42,2.16,0.0
2025-11-17 02:00:00,22.2,45,2.37,0.0
2025-11-17 03:00:00,21.7,48,2.6,0.0
2025-11-17 04:00:00,21.3,51,2.48,0.0
2025-11-17 05:00:00,21.2,52,2.49,0.0
2025-11-17 06:00:00,20.9,53,2.42,0.0
2025-11-17 07:00:00,21.0,54,2.44,26.0
2025-11-17 08:00:00,22.4,51,2.02,194.0
2025-11-17 09:00:00,25.8,41,2.18,407.0
2025-11-17 10:00:00,28.3,32,3.35,594.0
2025-11-17 11:00:00,30.2,26,2.94,728.0
2025-11-17 12:00:00,31.6,22,2.05,794.0
2025-11-17 13:00:00,32.4,20,1.13,787.0
2025-11-17 14:00:00,32.4,20,1.21,705.0
2025-11-17 15:00:00,30.9,30,3.39,557.0
2025-11-17 16:00:00,30.1,30,3.47,359.0
2025-11-17 17:00:00,28.1,44,4.3,147.0
2025-11-17 18:00:00,26.4,51,4.1,10.0
2025-11-17 19:00:00,25.9,61,4.43,0.0
2025-11-17 20:00:00,25.7,65,3.93,0.0
2025-11-17 21:00:00,25.4,65,2.62,0.0
2025-11-17 22:00:00,24.3,66,1.47,0.0
2025-11-17 23:00:00,24.3,55,2.26,0.0
2025-11-18 00:00:00,23.2,54,1.87,0.0
2025-11-18 01:00:00,22.1,58,1.36,0.0
2025-11-18 02:00:00,21.4,55,1.88,0.0
2025-11-18 03:00:00,21.1,51,2.36,0.0
2025-11-18 04:00:00,20.8,51,3.0,0.0
2025-11-18 05:00:00,20.2,51,2.8,0.0
2025-11-18 06:00:00,19.9,52,2.42,0.0
2025-11-18 07:00:00,19.7,54,2.44,25.0
2025-11-18 08:00:00,21.1,51,2.08,194.0
2025-11-18 09:00:00,24.3,42,2.15,409.0
2025-11-18 10:00:00,27.4,32,2.46,598.0
2025-11-18 11:00:00,29.6,24,2.6,733.0
2025-11-18 12:00:00,31.2,19,2.14,801.0
2025-11-18 13:00:00,32.0,18,1.24,792.0
2025-11-18 14:00:00,32.3,19,0.41,711.0
2025-11-18 15:00:00,31.4,22,2.08,563.0
2025-11-18 16:00:00,30.0,27,2.97,365.0
2025-11-18 17:00:00,28.5,37,3.43,149.0
2025-11-18 18:00:00,26.3,46,4.01,10.0
2025-11-18 19:00:00,25.6,55,3.91,0.0
2025-11-18 20:00:00,25.4,63,3.83,0.0
2025-11-18 21:00:00,25.1,67,3.0,0.0
2025-11-18 22:00:00,24.3,70,1.92,0.0
2025-11-18 23:00:00,23.4,69,1.72,0.0
2025-11-19 00:00:00,22.5,66,1.95,0.0
2025-11-19 01:00:00,21.8,63,1.88,0.0
2025-11-19 02:00:00,21.1,61,1.77,0.0
2025-11-19 03:00:00,20.3,61,2.04,0.0
2025-11-19 04:00:00,19.5,60,2.11,0.0
2025-11-19 05:00:00,19.0,59,2.4,0.0
2025-11-19 06:00:00,18.7,59,2.72,0.0
2025-11-19 07:00:00,19.0,57,2.87,24.0
2025-11-19 08:00:00,20.9,53,3.36,190.0
2025-11-19 09:00:00,24.6,42,2.44,402.0
2025-11-19 10:00:00,28.3,31,2.36,588.0
2025-11-19 11:00:00,31.0,26,1.73,721.0
2025-11-19 12:00:00,32.7,23,0.3,786.0
2025-11-19 13:00:00,32.8,22,1.1,778.0
2025-11-19 14:00:00,32.6,24,2.23,697.0
2025-11-19 15:00:00,32.0,25,2.95,551.0
2025-11-19 16:00:00,30.8,28,3.42,356.0
2025-11-19 17:00:00,29.2,37,3.16,146.0
2025-11-19 18:00:00,27.5,47,2.82,10.0
2025-11-19 19:00:00,26.6,52,2.96,0.0
2025-11-19 20:00:00,26.1,43,2.72,0.0
2025-11-19 21:00:00,25.4,43,2.46,0.0
2025-11-19 22:00:00,24.9,45,2.62,0.0
2025-11-19 23:00:00,24.4,50,2.2,0.0
2025-11-20 00:00:00,23.6,55,1.78,0.0
2025-11-20 01:00:00,22.1,61,1.1,0.0
2025-11-20 02:00:00,21.2,65,1.07,0.0
2025-11-20 03:00:00,20.6,67,1.25,0.0
2025-11-20 04:00:00,20.1,68,1.33,0.0
2025-11-20 05:00:00,19.8,66,1.84,0.0
2025-11-20 06:00:00,20.1,63,1.94,0.0
2025-11-20 07:00:00,20.3,60,2.4,23.0
2025-11-20 08:00:00,22.1,55,2.78,185.0
2025-11-20 09:00:00,25.5,44,2.08,396.0
2025-11-20 10:00:00,29.0,33,2.15,581.0
2025-11-20 11:00:00,31.2,28,1.6,714.0
2025-11-20 12:00:00,32.8,23,0.1,780.0
2025-11-20 13:00:00,32.9,23,1.22,772.0
2025-11-20 14:00:00,32.8,25,2.16,691.0
2025-11-20 15:00:00,32.3,26,2.58,546.0
2025-11-20 16:00:00,30.7,34,3.0,352.0
2025-11-20 17:00:00,29.2,45,2.44,144.0
2025-11-20 18:00:00,27.6,47,2.65,10.0
2025-11-20 19:00:00,26.8,48,2.98,0.0
2025-11-20 20:00:00,26.2,57,3.33,0.0
2025-11-20 21:00:00,25.7,61,3.02,0.0
2025-11-20 22:00:00,24.8,64,2.44,0.0
2025-11-20 23:00:00,23.8,66,2.07,0.0
2025-11-21 00:00:00,22.9,67,1.03,0.0
2025-11-21 01:00:00,22.3,69,0.87,0.0
2025-11-21 02:00:00,22.2,67,1.36,0.0
2025-11-21 03:00:00,21.4,65,1.29,0.0
2025-11-21 04:00:00,20.9,62,1.61,0.0
2025-11-21 05:00:00,20.5,61,1.86,0.0
2025-11-21 06:00:00,20.1,61,2.08,0.0
2025-11-21 07:00:00,20.1,61,2.26,22.0
2025-11-21 08:00:00,22.1,55,2.71,180.0
2025-11-21 09:00:00,26.0,43,2.0,388.0
2025-11-21 10:00:00,29.2,33,2.36,571.0
2025-11-21 11:00:00,31.5,29,2.17,701.0
2025-11-21 12:00:00,33.3,25,1.45,764.0
2025-11-21 13:00:00,33.8,23,0.74,755.0
2025-11-21 14:00:00,33.6,24,1.93,674.0
2025-11-21 15:00:00,32.3,33,3.0,531.0
2025-11-21 16:00:00,31.0,36,2.83,341.0
2025-11-21 17:00:00,29.4,46,2.83,138.0
2025-11-21 18:00:00,27.5,56,2.75,9.0
2025-11-21 19:00:00,26.9,61,2.82,0.0
2025-11-21 20:00:00,26.5,58,3.1,0.0
2025-11-21 21:00:00,26.0,58,2.97,0.0
2025-11-21 22:00:00,25.6,58,2.2,0.0
2025-11-21 23:00:00,25.2,60,1.3,0.0
2025-11-22 00:00:00,24.3,65,0.92,0.0
2025-11-22 01:00:00,23.8,67,0.92,0.0
2025-11-22 02:00:00,23.2,69,1.03,0.0
2025-11-22 03:00:00,22.8,68,1.27,0.0
2025-11-22 04:00:00,22.4,68,1.45,0.0
2025-11-22 05:00:00,22.7,65,1.4,0.0
2025-11-22 06:00:00,22.5,65,1.43,0.0
2025-11-22 07:00:00,22.6,65,1.66,20.0
2025-11-22 08:00:00,24.4,60,1.64,167.0
2025-11-22 09:00:00,27.8,48,1.25,366.0
2025-11-22 10:00:00,30.7,40,1.44,543.0
2025-11-22 11:00:00,32.3,37,1.35,671.0
2025-11-22 12:00:00,33.3,34,1.98,735.0
2025-11-22 13:00:00,33.1,34,2.37,729.0
2025-11-22 14:00:00,32.7,36,2.45,654.0
2025-11-22 15:00:00,31.9,39,2.6,515.0
2025-11-22 16:00:00,30.7,44,2.65,331.0
2025-11-22 17:00:00,29.3,49,2.34,133.0
2025-11-22 18:00:00,28.0,56,2.21,9.0
2025-11-22 19:00:00,27.5,61,2.44,0.0
2025-11-22 20:00:00,27.1,64,2.59,0.0
2025-11-22 21:00:00,26.8,65,1.82,0.0
2025-11-22 22:00:00,26.5,62,1.58,0.0
2025-11-22 23:00:00,26.2,62,0.88,0.0
2025-11-23 00:00:00,25.6,65,0.79,0.0
2025-11-23 01:00:00,25.4,66,0.71,0.0
2025-11-23 02:00:00,25.0,68,0.65,0.0
2025-11-23 03:00:00,24.6,68,0.82,0.0
2025-11-23 04:00:00,24.1,69,0.94,0.0
2025-11-23 05:00:00,23.9,73,0.95,0.0
2025-11-23 06:00:00,23.9,72,0.81,0.0
2025-11-23 07:00:00,24.2,70,1.24,19.0
2025-11-23 08:00:00,26.1,63,1.1,163.0
2025-11-23 09:00:00,28.7,55,0.85,360.0
2025-11-23 10:00:00,30.8,47,0.65,537.0
2025-11-23 11:00:00,31.8,45,0.87,665.0
2025-11-23 12:00:00,32.7,45,1.71,730.0
2025-11-23 13:00:00,32.4,47,2.5,727.0
2025-11-23 14:00:00,31.9,47,2.76,647.0
2025-11-23 15:00:00,30.8,49,3.19,506.0
2025-11-23 16:00:00,29.7,53,3.22,316.0
2025-11-23 17:00:00,28.8,58,2.7,126.0
2025-11-23 18:00:00,27.5,68,2.47,8.0
2025-11-23 19:00:00,26.9,73,2.33,0.0
2025-11-23 20:00:00,26.7,72,2.56,0.0
2025-11-23 21:00:00,26.5,66,2.4,0.0
2025-11-23 22:00:00,26.3,62,1.25,0.0
2025-11-23 23:00:00,25.8,71,0.51,0.0
2025-11-24 00:00:00,25.4,70,0.56,0.0
2025-11-24 01:00:00,25.1,72,0.67,0.0
2025-11-24 02:00:00,24.8,73,0.81,0.0
2025-11-24 03:00:00,24.5,74,1.0,0.0
2025-11-24 04:00:00,24.2,74,1.32,0.0
2025-11-24 05:00:00,23.5,82,0.68,0.0
2025-11-24 06:00:00,23.6,79,1.01,0.0
2025-11-24 07:00:00,23.8,78,1.49,17.0
2025-11-24 08:00:00,25.5,73,1.08,157.0
2025-11-24 09:00:00,28.2,62,0.84,358.0
2025-11-24 10:00:00,30.7,51,0.89,536.0
2025-11-24 11:00:00,31.9,47,0.89,665.0
2025-11-24 12:00:00,32.9,45,1.63,725.0
2025-11-24 13:00:00,32.7,48,2.46,706.0
2025-11-24 14:00:00,32.1,52,3.14,647.0
2025-11-24 15:00:00,31.2,55,3.4,496.0
2025-11-24 16:00:00,30.3,55,3.34,318.0
2025-11-24 17:00:00,29.1,60,3.05,130.0
2025-11-24 18:00:00,27.8,69,3.21,8.0
2025-11-24 19:00:00,27.2,69,3.14,0.0
2025-11-24 20:00:00,26.9,66,2.97,0.0
2025-11-24 21:00:00,26.7,62,1.73,0.0
2025-11-24 22:00:00,26.3,64,0.92,0.0
2025-11-24 23:00:00,26.0,66,1.45,0.0
2025-11-25 00:00:00,25.7,68,1.3,0.0
2025-11-25 01:00:00,25.2,70,1.35,0.0
2025-11-25 02:00:00,24.8,73,1.15,0.0
2025-11-25 03:00:00,24.4,76,1.36,0.0
2025-11-25 04:00:00,24.0,78,1.45,0.0
2025-11-25 05:00:00,23.8,80,2.07,0.0
2025-11-25 06:00:00,23.8,80,1.97,0.0
2025-11-25 07:00:00,23.8,80,1.81,17.0
2025-11-25 08:00:00,25.5,73,1.2,158.0
2025-11-25 09:00:00,28.3,63,1.04,354.0
2025-11-25 10:00:00,31.0,51,0.55,530.0
2025-11-25 11:00:00,31.8,46,0.55,658.0
2025-11-25 12:00:00,33.0,42,1.42,712.0
2025-11-25 13:00:00,32.6,44,2.21,639.0
2025-11-25 14:00:00,31.9,49,2.55,585.0
2025-11-25 15:00:00,31.4,50,2.37,484.0
2025-11-25 16:00:00,30.8,51,2.33,311.0
2025-11-25 17:00:00,29.4,56,2.24,122.0
2025-11-25 18:00:00,28.0,67,2.44,8.0
2025-11-25 19:00:00,27.1,77,2.25,0.0
2025-11-25 20:00:00,26.6,84,1.93,0.0
2025-11-25 21:00:00,26.4,80,1.95,0.0
2025-11-25 22:00:00,26.3,76,0.9,0.0
2025-11-25 23:00:00,26.1,76,0.57,0.0
2025-11-26 00:00:00,25.9,76,0.45,0.0
2025-11-26 01:00:00,25.6,76,0.6,0.0
2025-11-26 02:00:00,25.3,77,0.7,0.0
2025-11-26 03:00:00,24.7,79,0.57,0.0
2025-11-26 04:00:00,24.2,83,0.42,0.0
2025-11-26 05:00:00,24.5,82,0.63,0.0
2025-11-26 06:00:00,24.2,82,0.5,0.0
2025-11-26 07:00:00,24.8,79,1.17,16.0
2025-11-26 08:00:00,26.3,71,0.65,153.0
2025-11-26 09:00:00,28.4,63,0.43,350.0
2025-11-26 10:00:00,30.5,50,0.6,527.0
2025-11-26 11:00:00,31.7,42,1.24,656.0
2025-11-26 12:00:00,32.6,39,1.72,706.0
2025-11-26 13:00:00,32.6,40,2.16,702.0
2025-11-26 14:00:00,32.1,44,2.67,644.0
2025-11-26 15:00:00,30.9,50,3.06,505.0
2025-11-26 16:00:00,29.7,57,2.89,311.0
2025-11-26 17:00:00,28.6,65,2.75,123.0
2025-11-26 18:00:00,27.7,69,2.38,8.0
2025-11-26 19:00:00,27.3,73,1.97,0.0
2025-11-26 20:00:00,26.8,78,1.96,0.0
2025-11-26 21:00:00,26.4,80,1.86,0.0
2025-11-26 22:00:00,26.0,78,1.31,0.0
2025-11-26 23:00:00,25.7,78,0.71,0.0
2025-11-27 00:00:00,25.3,79,0.85,0.0
2025-11-27 01:00:00,25.0,79,1.21,0.0
2025-11-27 02:00:00,24.5,81,1.04,0.0
2025-11-27 03:00:00,24.1,82,0.9,0.0
2025-11-27 04:00:00,23.8,81,0.99,0.0
2025-11-27 05:00:00,24.1,77,1.71,0.0
2025-11-27 06:00:00,23.7,80,1.38,0.0
2025-11-27 07:00:00,23.6,81,1.66,16.0
2025-11-27 08:00:00,25.2,75,1.78,157.0
2025-11-27 09:00:00,28.5,55,1.89,354.0
2025-11-27 10:00:00,30.9,40,2.98,532.0
2025-11-27 11:00:00,31.8,36,2.73,662.0
2025-11-27 12:00:00,32.7,34,2.14,729.0
2025-11-27 13:00:00,33.4,32,1.36,726.0
2025-11-27 14:00:00,33.7,30,1.52,654.0
2025-11-27 15:00:00,32.3,38,3.34,506.0
2025-11-27 16:00:00,30.6,45,3.69,329.0
2025-11-27 17:00:00,29.6,49,2.76,130.0
2025-11-27 18:00:00,28.3,61,2.28,9.0
2025-11-27 19:00:00,27.3,72,2.23,0.0
2025-11-27 20:00:00,26.9,72,2.12,0.0
2025-11-27 21:00:00,26.4,74,2.18,0.0
2025-11-27 22:00:00,26.0,73,1.88,0.0
2025-11-27 23:00:00,25.8,70,2.38,0.0
2025-11-28 00:00:00,25.2,70,1.4,0.0
2025-11-28 01:00:00,24.5,73,0.83,0.0
2025-11-28 02:00:00,24.0,75,0.75,0.0
2025-11-28 03:00:00,23.7,73,0.78,0.0
2025-11-28 04:00:00,23.3,73,0.89,0.0
2025-11-28 05:00:00,22.8,77,1.52,0.0
2025-11-28 06:00:00,22.7,72,1.91,0.0
2025-11-28 07:00:00,23.0,65,2.14,15.0
2025-11-28 08:00:00,24.8,57,1.9,156.0
2025-11-28 09:00:00,27.8,48,1.58,356.0
2025-11-28 10:00:00,30.3,41,1.87,535.0
2025-11-28 11:00:00,32.0,33,2.25,666.0
2025-11-28 12:00:00,33.1,29,0.95,735.0
2025-11-28 13:00:00,33.3,29,1.09,731.0
2025-11-28 14:00:00,32.7,35,2.46,656.0
2025-11-28 15:00:00,31.6,42,2.61,518.0
2025-11-28 16:00:00,30.7,50,2.75,333.0
2025-11-28 17:00:00,29.5,57,2.66,134.0
2025-11-28 18:00:00,27.8,67,2.84,9.0
2025-11-28 19:00:00,27.1,64,3.23,0.0
2025-11-28 20:00:00,27.0,67,3.37,0.0
2025-11-28 21:00:00,26.6,69,3.35,0.0
2025-11-28 22:00:00,25.9,72,2.35,0.0
2025-11-28 23:00:00,25.2,73,2.01,0.0
2025-11-29 00:00:00,25.0,66,1.71,0.0
2025-11-29 01:00:00,24.9,62,2.16,0.0
2025-11-29 02:00:00,24.6,61,2.5,0.0
2025-11-29 03:00:00,24.3,63,2.68,0.0
2025-11-29 04:00:00,24.0,64,2.75,0.0
2025-11-29 05:00:00,23.6,64,2.47,0.0
2025-11-29 06:00:00,23.3,64,2.33,0.0
2025-11-29 07:00:00,23.2,63,2.34,14.0
2025-11-29 08:00:00,24.0,61,1.99,149.0
2025-11-29 09:00:00,26.4,50,1.93,365.0
2025-11-29 10:00:00,28.8,39,1.62,534.0
2025-11-29 11:00:00,30.2,33,0.67,669.0
2025-11-29 12:00:00,32.3,26,0.27,739.0
2025-11-29 13:00:00,32.9,21,1.1,725.0
2025-11-29 14:00:00,32.9,20,1.59,642.0
2025-11-29 15:00:00,31.4,34,2.28,516.0
2025-11-29 16:00:00,30.0,48,2.53,340.0
2025-11-29 17:00:00,29.3,50,1.5,122.0
2025-11-29 18:00:00,28.1,60,1.78,8.0
2025-11-29 19:00:00,27.4,63,2.06,0.0
2025-11-29 20:00:00,27.3,48,2.15,0.0
2025-11-29 21:00:00,27.4,32,3.11,0.0
2025-11-29 22:00:00,26.8,35,3.21,0.0
2025-11-29 23:00:00,25.9,38,2.42,0.0
2025-11-30 00:00:00,24.7,43,2.02,0.0
2025-11-30 01:00:00,23.6,48,1.73,0.0
2025-11-30 02:00:00,22.6,53,1.68,0.0
2025-11-30 03:00:00,21.9,56,1.77,0.0
2025-11-30 04:00:00,21.1,59,1.75,0.0
2025-11-30 05:00:00,20.8,58,1.96,0.0
2025-11-30 06:00:00,20.4,60,1.83,0.0
2025-11-30 07:00:00,20.4,59,1.99,15.0
2025-11-30 08:00:00,21.8,54,1.9,161.0
2025-11-30 09:00:00,24.8,44,1.42,368.0
2025-11-30 10:00:00,27.9,32,0.96,553.0
2025-11-30 11:00:00,29.8,25,1.1,688.0
2025-11-30 12:00:00,31.5,21,0.47,757.0
2025-11-30 13:00:00,32.0,20,0.78,753.0
2025-11-30 14:00:00,31.3,27,2.52,663.0
2025-11-30 15:00:00,30.3,32,3.12,508.0
2025-11-30 16:00:00,28.8,40,3.69,305.0
2025-11-30 17:00:00,27.2,51,3.22,131.0
2025-11-30 18:00:00,26.1,54,2.98,9.0
2025-11-30 19:00:00,25.6,61,3.34,0.0
2025-11-30 20:00:00,25.2,67,3.08,0.0
2025-11-30 21:00:00,24.8,70,2.88,0.0
2025-11-30 22:00:00,23.9,74,1.35,0.0
2025-11-30 23:00:00,23.3,74,0.99,0.0
2025-12-01 00:00:00,22.8,65,1.11,0.0
2025-12-01 01:00:00,22.6,56,1.84,0.0
2025-12-01 02:00:00,21.6,55,1.23,0.0
2025-12-01 03:00:00,20.9,56,1.25,0.0
2025-12-01 04:00:00,20.9,56,1.86,0.0
2025-12-01 05:00:00,20.2,59,1.97,0.0
2025-12-01 06:00:00,19.7,61,1.59,0.0
2025-12-01 07:00:00,19.6,62,1.86,14.0
2025-12-01 08:00:00,21.1,60,2.49,150.0
2025-12-01 09:00:00,24.4,49,2.13,352.0
2025-12-01 10:00:00,27.9,37,2.48,539.0
2025-12-01 11:00:00,30.7,27,1.8,680.0
2025-12-01 12:00:00,32.4,20,0.71,743.0
2025-12-01 13:00:00,32.5,21,1.86,743.0
2025-12-01 14:00:00,31.9,26,2.93,669.0
2025-12-01 15:00:00,30.4,34,3.71,498.0
2025-12-01 16:00:00,28.9,41,3.68,343.0
2025-12-01 17:00:00,27.8,50,2.62,140.0
2025-12-01 18:00:00,26.8,55,2.44,9.0
2025-12-01 19:00:00,26.3,57,2.56,0.0
2025-12-01 20:00:00,25.7,57,2.9,0.0
2025-12-01 21:00:00,25.1,55,2.35,0.0
2025-12-01 22:00:00,24.3,55,1.03,0.0
2025-12-01 23:00:00,23.6,62,0.74,0.0
2025-12-02 00:00:00,22.9,64,0.38,0.0
2025-12-02 01:00:00,22.5,67,0.36,0.0
2025-12-02 02:00:00,21.7,70,0.75,0.0
2025-12-02 03:00:00,21.2,69,0.78,0.0
2025-12-02 04:00:00,20.5,67,0.94,0.0
2025-12-02 05:00:00,20.1,62,1.44,0.0
2025-12-02 06:00:00,19.9,62,1.29,0.0
2025-12-02 07:00:00,20.1,60,1.68,12.0
2025-12-02 08:00:00,21.9,54,1.71,141.0
2025-12-02 09:00:00,25.0,43,1.42,338.0
2025-12-02 10:00:00,28.3,33,1.66,519.0
2025-12-02 11:00:00,30.4,28,1.52,641.0
2025-12-02 12:00:00,31.9,24,1.5,710.0
2025-12-02 13:00:00,32.3,23,2.0,708.0
2025-12-02 14:00:00,32.0,27,2.64,632.0
2025-12-02 15:00:00,30.5,42,3.57,526.0
2025-12-02 16:00:00,29.5,47,3.22,325.0
2025-12-02 17:00:00,28.3,57,2.35,130.0
2025-12-02 18:00:00,26.4,72,2.84,9.0
2025-12-02 19:00:00,25.9,73,2.93,0.0
2025-12-02 20:00:00,25.4,70,2.67,0.0
2025-12-02 21:00:00,25.0,67,2.18,0.0
2025-12-02 22:00:00,24.3,63,2.0,0.0
2025-12-02 23:00:00,23.6,61,1.99,0.0
2025-12-03 00:00:00,22.8,62,1.27,0.0
2025-12-03 01:00:00,22.1,63,1.14,0.0
2025-12-03 02:00:00,21.7,61,1.6,0.0
2025-12-03 03:00:00,21.2,60,1.66,0.0
2025-12-03 04:00:00,20.5,61,1.84,0.0
2025-12-03 05:00:00,20.2,61,1.9,0.0
2025-12-03 06:00:00,20.2,61,2.02,0.0
2025-12-03 07:00:00,20.4,60,2.45,13.0
2025-12-03 08:00:00,22.1,55,2.89,150.0
2025-12-03 09:00:00,25.4,45,2.39,351.0
2025-12-03 10:00:00,28.9,35,2.52,534.0
2025-12-03 11:00:00,31.3,29,2.69,668.0
2025-12-03 12:00:00,32.8,24,1.92,736.0
2025-12-03 13:00:00,33.2,22,0.85,735.0
2025-12-03 14:00:00,33.3,22,0.56,664.0
2025-12-03 15:00:00,32.4,27,2.1,527.0
2025-12-03 16:00:00,30.5,43,3.13,339.0
2025-12-03 17:00:00,29.3,50,2.84,138.0
2025-12-03 18:00:00,27.9,54,3.22,9.0
2025-12-03 19:00:00,27.4,48,3.41,0.0
2025-12-03 20:00:00,26.6,53,3.14,0.0
2025-12-03 21:00:00,26.1,56,2.94,0.0
2025-12-03 22:00:00,25.3,59,2.63,0.0
2025-12-03 23:00:00,25.1,58,1.98,0.0
2025-12-04 00:00:00,24.7,56,1.61,0.0
2025-12-04 01:00:00,24.2,55,1.78,0.0
2025-12-04 02:00:00,23.7,54,2.35,0.0
2025-12-04 03:00:00,23.2,54,2.44,0.0
2025-12-04 04:00:00,22.5,55,2.27,0.0
2025-12-04 05:00:00,22.2,56,2.34,0.0
2025-12-04 06:00:00,21.9,57,2.61,0.0
2025-12-04 07:00:00,22.0,57,2.98,12.0
2025-12-04 08:00:00,23.5,53,2.67,144.0
2025-12-04 09:00:00,26.6,45,2.47,342.0
2025-12-04 10:00:00,29.4,39,3.04,522.0
2025-12-04 11:00:00,31.6,35,2.86,655.0
2025-12-04 12:00:00,33.1,30,1.99,724.0
2025-12-04 13:00:00,33.7,28,1.12,724.0
2025-12-04 14:00:00,33.6,27,1.44,654.0
2025-12-04 15:00:00,33.2,28,2.25,518.0
2025-12-04 16:00:00,31.1,43,3.54,334.0
2025-12-04 17:00:00,30.1,47,3.05,136.0
2025-12-04 18:00:00,28.8,49,3.46,9.0
2025-12-04 19:00:00,27.9,48,3.85,0.0
2025-12-04 20:00:00,27.2,53,3.47,0.0
2025-12-04 21:00:00,26.7,54,3.13,0.0
2025-12-04 22:00:00,26.2,55,2.75,0.0
2025-12-04 23:00:00,25.5,55,2.44,0.0
2025-12-05 00:00:00,25.3,54,2.26,0.0
2025-12-05 01:00:00,25.0,55,1.79,0.0
2025-12-05 02:00:00,24.4,56,2.11,0.0
2025-12-05 03:00:00,23.9,59,2.2,0.0
2025-12-05 04:00:00,23.4,60,2.64,0.0
2025-12-05 05:00:00,23.2,61,3.16,0.0
2025-12-05 06:00:00,23.1,61,3.2,0.0
2025-12-05 07:00:00,23.1,61,3.13,11.0
2025-12-05 08:00:00,24.4,57,2.53,140.0
2025-12-05 09:00:00,27.2,48,2.44,335.0
2025-12-05 10:00:00,29.8,42,3.01,514.0
2025-12-05 11:00:00,31.8,38,2.95,647.0
2025-12-05 12:00:00,33.5,33,2.1,717.0
2025-12-05 13:00:00,34.1,30,0.97,717.0
2025-12-05 14:00:00,34.1,29,1.32,646.0
2025-12-05 15:00:00,33.7,30,2.42,512.0
2025-12-05 16:00:00,32.0,42,3.18,330.0
2025-12-05 17:00:00,30.9,49,3.02,134.0
2025-12-05 18:00:00,29.6,51,3.62,9.0
2025-12-05 19:00:00,28.8,51,3.58,0.0
2025-12-05 20:00:00,28.5,46,3.63,0.0
2025-12-05 21:00:00,28.0,41,3.32,0.0
2025-12-05 22:00:00,27.3,45,3.0,0.0
2025-12-05 23:00:00,26.8,49,2.32,0.0
2025-12-06 00:00:00,26.1,52,1.56,0.0
2025-12-06 01:00:00,25.5,55,1.93,0.0
2025-12-06 02:00:00,24.7,58,2.26,0.0
2025-12-06 03:00:00,24.1,59,2.58,0.0
2025-12-06 04:00:00,23.6,60,2.64,0.0
2025-12-06 05:00:00,23.6,59,2.82,0.0
2025-12-06 06:00:00,23.4,58,3.0,0.0
2025-12-06 07:00:00,23.3,56,3.02,11.0
2025-12-06 08:00:00,24.5,52,2.53,133.0
2025-12-06 09:00:00,27.1,44,2.43,320.0
2025-12-06 10:00:00,29.2,37,2.79,469.0
2025-12-06 11:00:00,31.2,33,2.61,599.0
2025-12-06 12:00:00,32.6,30,1.8,654.0
2025-12-06 13:00:00,33.0,29,0.56,653.0
2025-12-06 14:00:00,32.7,30,1.83,609.0
2025-12-06 15:00:00,32.4,32,2.39,485.0
2025-12-06 16:00:00,29.9,48,3.62,299.0
2025-12-06 17:00:00,29.0,52,2.99,125.0
2025-12-06 18:00:00,27.6,56,3.3,9.0
2025-12-06 19:00:00,27.5,49,3.59,0.0
2025-12-06 20:00:00,27.0,53,3.58,0.0
2025-12-06 21:00:00,26.6,57,3.18,0.0
2025-12-06 22:00:00,25.8,59,2.33,0.0
2025-12-06 23:00:00,25.3,59,2.0,0.0
2025-12-07 00:00:00,25.1,55,1.49,0.0
2025-12-07 01:00:00,24.8,51,1.64,0.0
2025-12-07 02:00:00,24.0,49,1.92,0.0
2025-12-07 03:00:00,23.5,47,2.31,0.0
2025-12-07 04:00:00,23.2,46,2.38,0.0
2025-12-07 05:00:00,22.6,48,1.95,0.0
2025-12-07 06:00:00,22.1,49,2.15,0.0
2025-12-07 07:00:00,21.8,50,2.5,9.0
2025-12-07 08:00:00,23.1,47,2.42,124.0
2025-12-07 09:00:00,26.0,40,2.06,323.0
2025-12-07 10:00:00,29.2,32,2.3,515.0
2025-12-07 11:00:00,31.2,28,2.57,648.0
2025-12-07 12:00:00,32.9,24,2.36,718.0
2025-12-07 13:00:00,33.5,23,1.5,719.0
2025-12-07 14:00:00,33.6,23,1.27,649.0
2025-12-07 15:00:00,32.3,31,2.6,515.0
2025-12-07 16:00:00,30.4,41,3.12,334.0
2025-12-07 17:00:00,28.6,50,3.04,137.0
2025-12-07 18:00:00,26.9,55,2.82,10.0
2025-12-07 19:00:00,26.1,67,3.09,0.0
2025-12-07 20:00:00,25.9,64,3.61,0.0
2025-12-07 21:00:00,25.6,57,3.35,0.0
2025-12-07 22:00:00,25.0,61,2.53,0.0
2025-12-07 23:00:00,24.6,63,2.26,0.0
2025-12-08 00:00:00,23.8,63,1.11,0.0
2025-12-08 01:00:00,23.0,68,0.63,0.0
2025-12-08 02:00:00,22.7,68,0.43,0.0
2025-12-08 03:00:00,22.2,68,0.94,0.0
2025-12-08 04:00:00,21.8,69,1.5,0.0
2025-12-08 05:00:00,21.3,71,2.11,0.0
2025-12-08 06:00:00,21.1,71,1.95,0.0
2025-12-08 07:00:00,20.9,66,2.39,10.0
2025-12-08 08:00:00,22.3,57,2.31,138.0
2025-12-08 09:00:00,25.4,45,1.83,337.0
2025-12-08 10:00:00,29.0,32,1.9,520.0
2025-12-08 11:00:00,31.7,24,2.11,655.0
2025-12-08 12:00:00,33.3,21,1.15,727.0
2025-12-08 13:00:00,33.7,20,0.65,728.0
2025-12-08 14:00:00,33.5,22,2.11,659.0
2025-12-08 15:00:00,32.3,28,3.18,525.0
2025-12-08 16:00:00,31.0,31,3.0,341.0
2025-12-08 17:00:00,29.0,45,3.08,141.0
2025-12-08 18:00:00,27.4,49,3.16,10.0
2025-12-08 19:00:00,27.1,47,3.67,0.0
2025-12-08 20:00:00,26.4,52,3.69,0.0
2025-12-08 21:00:00,25.8,56,2.84,0.0
2025-12-08 22:00:00,24.6,58,0.99,0.0
2025-12-08 23:00:00,24.4,57,0.88,0.0
2025-12-09 00:00:00,24.4,52,1.57,0.0
2025-12-09 01:00:00,23.6,47,1.8,0.0
2025-12-09 02:00:00,22.9,41,1.93,0.0
2025-12-09 03:00:00,22.7,38,2.1,0.0
2025-12-09 04:00:00,22.4,37,1.95,0.0
2025-12-09 05:00:00,21.6,41,1.77,0.0
2025-12-09 06:00:00,20.6,43,1.81,0.0
2025-12-09 07:00:00,20.3,44,2.38,10.0
2025-12-09 08:00:00,21.9,41,2.44,142.0
2025-12-09 09:00:00,24.8,35,1.5,348.0
2025-12-09 10:00:00,28.1,29,1.11,538.0
2025-12-09 11:00:00,31.2,17,1.41,680.0
2025-12-09 12:00:00,32.5,15,1.75,755.0
2025-12-09 13:00:00,33.1,14,0.67,752.0
2025-12-09 14:00:00,33.1,15,1.34,676.0
2025-12-09 15:00:00,31.8,26,2.93,537.0
2025-12-09 16:00:00,30.8,32,3.18,350.0
2025-12-09 17:00:00,29.7,41,2.55,146.0
2025-12-09 18:00:00,28.2,44,3.06,11.0
2025-12-09 19:00:00,27.4,37,2.8,0.0
2025-12-09 20:00:00,27.1,35,2.81,0.0
2025-12-09 21:00:00,26.7,33,2.39,0.0
2025-12-09 22:00:00,26.4,28,2.63,0.0
2025-12-09 23:00:00,25.7,29,2.1,0.0
2025-12-10 00:00:00,24.5,31,2.12,0.0
2025-12-10 01:00:00,23.5,34,1.89,0.0
2025-12-10 02:00:00,22.8,36,2.23,0.0
2025-12-10 03:00:00,22.3,39,2.34,0.0
2025-12-10 04:00:00,21.7,41,2.51,0.0
2025-12-10 05:00:00,21.3,42,2.3,0.0
2025-12-10 06:00:00,20.7,44,2.35,0.0
2025-12-10 07:00:00,20.7,44,2.37,9.0
2025-12-10 08:00:00,22.1,41,2.42,142.0
2025-12-10 09:00:00,24.7,36,1.48,348.0
2025-12-10 10:00:00,28.0,28,1.17,537.0
2025-12-10 11:00:00,30.8,18,1.24,677.0
2025-12-10 12:00:00,32.6,14,1.61,752.0
2025-12-10 13:00:00,33.3,12,1.05,752.0
2025-12-10 14:00:00,33.2,13,1.47,679.0
2025-12-10 15:00:00,32.0,21,2.66,539.0
2025-12-10 16:00:00,29.8,31,3.48,351.0
2025-12-10 17:00:00,29.0,35,3.18,147.0
2025-12-10 18:00:00,27.2,42,3.18,11.0
2025-12-10 19:00:00,26.4,49,2.75,0.0
2025-12-10 20:00:00,26.0,50,2.27,0.0
2025-12-10 21:00:00,25.6,43,2.01,0.0
2025-12-10 22:00:00,25.3,33,2.16,0.0
2025-12-10 23:00:00,24.8,31,1.81,0.0
2025-12-11 00:00:00,23.6,34,1.61,0.0
2025-12-11 01:00:00,22.4,37,1.63,0.0
2025-12-11 02:00:00,21.5,39,2.0,0.0
2025-12-11 03:00:00,20.9,42,2.26,0.0
2025-12-11 04:00:00,20.4,44,2.23,0.0
2025-12-11 05:00:00,20.8,43,2.45,0.0
2025-12-11 06:00:00,20.5,44,2.67,0.0
2025-12-11 07:00:00,20.4,45,2.82,9.0
2025-12-11 08:00:00,21.7,42,2.59,139.0
2025-12-11 09:00:00,24.1,37,1.67,344.0
2025-12-11 10:00:00,27.7,28,1.57,533.0
2025-12-11 11:00:00,30.5,20,2.02,673.0
2025-12-11 12:00:00,32.3,14,1.6,748.0
2025-12-11 13:00:00,32.9,13,0.57,750.0
2025-12-11 14:00:00,33.0,13,0.92,678.0
2025-12-11 15:00:00,32.2,18,2.18,540.0
2025-12-11 16:00:00,30.7,24,2.98,353.0
2025-12-11 17:00:00,28.7,41,3.15,148.0
2025-12-11 18:00:00,26.8,45,3.36,11.0
2025-12-11 19:00:00,25.9,47,3.22,0.0
2025-12-11 20:00:00,25.3,54,3.29,0.0
2025-12-11 21:00:00,24.8,49,3.11,0.0
2025-12-11 22:00:00,24.0,46,2.3,0.0
2025-12-11 23:00:00,23.0,48,2.14,0.0
2025-12-12 00:00:00,22.2,49,1.52,0.0
2025-12-12 01:00:00,21.5,50,1.33,0.0
2025-12-12 02:00:00,21.2,48,1.66,0.0
2025-12-12 03:00:00,20.7,45,2.19,0.0
2025-12-12 04:00:00,20.0,45,2.12,0.0
2025-12-12 05:00:00,19.8,48,1.97,0.0
2025-12-12 06:00:00,19.1,50,1.69,0.0
2025-12-12 07:00:00,18.9,51,1.81,8.0
2025-12-12 08:00:00,20.2,48,2.18,136.0
2025-12-12 09:00:00,23.6,40,1.9,339.0
2025-12-12 10:00:00,27.4,29,1.42,527.0
2025-12-12 11:00:00,30.0,23,1.55,665.0
2025-12-12 12:00:00,31.9,17,0.4,740.0
2025-12-12 13:00:00,32.4,16,1.04,742.0
2025-12-12 14:00:00,31.9,20,2.28,672.0
2025-12-12 15:00:00,30.5,29,3.23,535.0
2025-12-12 16:00:00,29.3,31,3.36,351.0
2025-12-12 17:00:00,27.5,39,3.27,148.0
2025-12-12 18:00:00,25.7,52,3.26,12.0
2025-12-12 19:00:00,25.3,59,3.22,0.0
2025-12-12 20:00:00,24.9,59,3.15,0.0
2025-12-12 21:00:00,24.5,53,2.2,0.0
2025-12-12 22:00:00,24.0,46,1.59,0.0
2025-12-12 23:00:00,22.9,51,1.06,0.0
2025-12-13 00:00:00,22.0,53,1.01,0.0
2025-12-13 01:00:00,21.5,57,0.67,0.0
2025-12-13 02:00:00,20.9,59,0.72,0.0
2025-12-13 03:00:00,20.2,60,0.92,0.0
2025-12-13 04:00:00,19.5,62,0.97,0.0
2025-12-13 05:00:00,19.1,67,1.17,0.0
2025-12-13 06:00:00,19.3,65,1.23,0.0
2025-12-13 07:00:00,19.4,62,1.62,8.0
2025-12-13 08:00:00,21.0,54,2.17,132.0
2025-12-13 09:00:00,24.0,43,1.9,333.0
2025-12-13 10:00:00,27.8,31,1.44,518.0
2025-12-13 11:00:00,30.9,23,1.82,657.0
2025-12-13 12:00:00,32.7,18,1.46,732.0
2025-12-13 13:00:00,33.0,17,0.96,735.0
2025-12-13 14:00:00,32.3,22,2.62,666.0
2025-12-13 15:00:00,30.5,33,3.23,532.0
2025-12-13 16:00:00,29.7,29,2.68,350.0
2025-12-13 17:00:00,28.3,34,2.43,148.0
2025-12-13 18:00:00,26.3,53,3.34,12.0
2025-12-13 19:00:00,25.5,64,3.69,0.0
2025-12-13 20:00:00,25.2,59,3.63,0.0
2025-12-13 21:00:00,25.0,48,2.75,0.0
2025-12-13 22:00:00,24.3,44,1.33,0.0
2025-12-13 23:00:00,23.5,51,0.8,0.0
2025-12-14 00:00:00,22.7,52,0.81,0.0
2025-12-14 01:00:00,22.4,53,0.4,0.0
2025-12-14 02:00:00,21.8,56,0.27,0.0
2025-12-14 03:00:00,20.6,59,1.05,0.0
2025-12-14 04:00:00,20.0,61,0.94,0.0
2025-12-14 05:00:00,20.5,60,1.55,0.0
2025-12-14 06:00:00,19.9,61,1.64,0.0
2025-12-14 07:00:00,19.7,60,2.07,7.0
2025-12-14 08:00:00,21.2,53,2.26,129.0
2025-12-14 09:00:00,24.8,42,2.3,328.0
2025-12-14 10:00:00,28.5,30,2.69,514.0
2025-12-14 11:00:00,30.3,26,2.69,653.0
2025-12-14 12:00:00,31.6,23,1.89,729.0
2025-12-14 13:00:00,32.2,23,1.0,732.0
2025-12-14 14:00:00,32.4,22,1.01,663.0
2025-12-14 15:00:00,31.7,25,2.56,527.0
2025-12-14 16:00:00,30.4,29,3.24,348.0
2025-12-14 17:00:00,28.6,34,2.92,148.0
2025-12-14 18:00:00,27.2,35,2.98,12.0
2025-12-14 19:00:00,26.4,48,3.72,0.0
2025-12-14 20:00:00,25.8,49,3.94,0.0
2025-12-14 21:00:00,25.2,46,3.8,0.0
2025-12-14 22:00:00,25.1,42,3.3,0.0
2025-12-14 23:00:00,24.4,44,2.56,0.0
2025-12-15 00:00:00,23.6,47,2.14,0.0
2025-12-15 01:00:00,22.5,52,1.31,0.0
2025-12-15 02:00:00,21.7,56,1.43,0.0
2025-12-15 03:00:00,21.0,59,1.9,0.0
2025-12-15 04:00:00,20.4,62,2.06,0.0
2025-12-15 05:00:00,20.5,61,2.07,0.0
2025-12-15 06:00:00,20.1,62,2.08,0.0
2025-12-15 07:00:00,19.7,61,2.1,7.0
2025-12-15 08:00:00,21.1,54,2.48,128.0
2025-12-15 09:00:00,24.0,44,1.91,327.0
2025-12-15 10:00:00,27.3,35,1.79,513.0
2025-12-15 11:00:00,30.1,26,2.52,654.0
2025-12-15 12:00:00,31.6,21,2.21,733.0
2025-12-15 13:00:00,32.2,20,1.0,737.0
2025-12-15 14:00:00,32.5,19,1.42,669.0
2025-12-15 15:00:00,32.6,18,1.61,534.0
2025-12-15 16:00:00,30.7,29,3.13,351.0
2025-12-15 17:00:00,29.1,38,2.71,149.0
2025-12-15 18:00:00,27.3,44,3.38,13.0
2025-12-15 19:00:00,26.4,42,3.43,0.0
2025-12-15 20:00:00,25.8,46,2.66,0.0
2025-12-15 21:00:00,25.4,41,2.38,0.0
2025-12-15 22:00:00,25.6,32,2.83,0.0
2025-12-15 23:00:00,25.4,31,2.23,0.0
2025-12-16 00:00:00,23.7,35,1.56,0.0
2025-12-16 01:00:00,23.0,37,2.02,0.0
2025-12-16 02:00:00,21.7,41,1.46,0.0
2025-12-16 03:00:00,20.9,44,1.63,0.0
2025-12-16 04:00:00,20.5,46,2.13,0.0
2025-12-16 05:00:00,20.5,47,2.43,0.0
2025-12-16 06:00:00,19.9,49,2.66,0.0
2025-12-16 07:00:00,19.5,51,2.95,6.0
2025-12-16 08:00:00,20.7,49,3.05,125.0
2025-12-16 09:00:00,24.3,40,2.61,325.0
2025-12-16 10:00:00,27.4,34,3.47,510.0
2025-12-16 11:00:00,29.5,29,4.0,649.0
2025-12-16 12:00:00,31.0,26,3.24,728.0
2025-12-16 13:00:00,32.0,24,2.45,736.0
2025-12-16 14:00:00,32.8,23,1.59,670.0
2025-12-16 15:00:00,32.9,22,0.28,535.0
2025-12-16 16:00:00,31.3,29,2.33,352.0
2025-12-16 17:00:00,28.5,43,2.94,150.0
2025-12-16 18:00:00,27.1,46,2.51,13.0
2025-12-16 19:00:00,26.0,56,3.63,0.0
2025-12-16 20:00:00,25.5,56,3.48,0.0
2025-12-16 21:00:00,25.0,56,3.49,0.0
2025-12-16 22:00:00,24.3,60,2.81,0.0
2025-12-16 23:00:00,23.6,61,1.87,0.0
2025-12-17 00:00:00,23.1,59,1.38,0.0
2025-12-17 01:00:00,22.7,57,1.66,0.0
2025-12-17 02:00:00,22.4,55,1.93,0.0
2025-12-17 03:00:00,22.0,53,1.9,0.0
2025-12-17 04:00:00,21.3,54,1.83,0.0
2025-12-17 05:00:00,21.0,54,1.95,0.0
2025-12-17 06:00:00,20.6,56,2.08,0.0
2025-12-17 07:00:00,20.6,56,2.25,6.0
2025-12-17 08:00:00,22.0,52,2.34,119.0
2025-12-17 09:00:00,24.7,45,1.61,312.0
2025-12-17 10:00:00,28.2,36,1.35,494.0
2025-12-17 11:00:00,30.8,31,1.55,631.0
2025-12-17 12:00:00,32.5,28,0.63,707.0
2025-12-17 13:00:00,33.1,25,0.95,713.0
2025-12-17 14:00:00,33.0,26,2.05,648.0
2025-12-17 15:00:00,32.1,31,2.8,520.0
2025-12-17 16:00:00,30.9,34,2.93,343.0
2025-12-17 17:00:00,29.1,41,3.18,147.0
2025-12-17 18:00:00,27.2,51,3.29,13.0
2025-12-17 19:00:00,27.0,51,3.4,0.0
2025-12-17 20:00:00,26.7,52,2.86,0.0
2025-12-17 21:00:00,26.2,57,2.51,0.0
2025-12-17 22:00:00,25.3,60,1.17,0.0
2025-12-17 23:00:00,24.5,60,0.99,0.0
2025-12-18 00:00:00,24.3,53,1.22,0.0
2025-12-18 01:00:00,23.7,51,1.27,0.0
2025-12-18 02:00:00,23.0,51,1.21,0.0
2025-12-18 03:00:00,22.3,51,1.38,0.0
2025-12-18 04:00:00,21.6,52,1.31,0.0
2025-12-18 05:00:00,21.1,55,1.59,0.0
2025-12-18 06:00:00,20.3,57,1.9,0.0
2025-12-18 07:00:00,20.0,57,2.34,6.0
2025-12-18 08:00:00,21.4,52,2.75,123.0
2025-12-18 09:00:00,24.5,43,2.29,325.0
2025-12-18 10:00:00,28.5,32,1.56,515.0
2025-12-18 11:00:00,30.8,25,0.93,659.0
2025-12-18 12:00:00,32.9,19,0.39,734.0
2025-12-18 13:00:00,33.1,20,1.37,740.0
2025-12-18 14:00:00,32.5,26,2.5,674.0
2025-12-18 15:00:00,31.5,31,3.0,541.0
2025-12-18 16:00:00,29.8,36,3.04,359.0
2025-12-18 17:00:00,28.6,48,2.8,156.0
2025-12-18 18:00:00,26.4,54,2.8,14.0
2025-12-18 19:00:00,26.2,47,3.31,0.0
2025-12-18 20:00:00,26.0,49,3.27,0.0
2025-12-18 21:00:00,25.3,56,2.35,0.0
2025-12-18 22:00:00,24.3,60,1.65,0.0
2025-12-18 23:00:00,23.5,61,1.42,0.0
2025-12-19 00:00:00,23.2,55,1.86,0.0
2025-12-19 01:00:00,22.8,46,2.06,0.0
2025-12-19 02:00:00,22.1,42,1.92,0.0
2025-12-19 03:00:00,21.3,42,1.74,0.0
2025-12-19 04:00:00,20.6,43,1.73,0.0
2025-12-19 05:00:00,20.9,41,2.33,0.0
2025-12-19 06:00:00,20.1,44,2.06,0.0
2025-12-19 07:00:00,19.6,46,1.9,6.0
2025-12-19 08:00:00,21.0,45,2.33,126.0
2025-12-19 09:00:00,23.7,40,1.55,332.0
2025-12-19 10:00:00,27.2,31,1.47,524.0
2025-12-19 11:00:00,30.0,23,1.22,669.0
2025-12-19 12:00:00,32.3,17,0.32,750.0
2025-12-19 13:00:00,33.2,15,0.76,758.0
2025-12-19 14:00:00,32.5,24,2.02,688.0
2025-12-19 15:00:00,30.8,36,2.82,549.0
2025-12-19 16:00:00,29.1,40,3.3,362.0
2025-12-19 17:00:00,27.0,51,3.02,158.0
2025-12-19 18:00:00,25.7,66,3.79,15.0
2025-12-19 19:00:00,25.4,61,4.35,0.0
2025-12-19 20:00:00,25.2,58,3.89,0.0
2025-12-19 21:00:00,24.8,48,2.87,0.0
2025-12-19 22:00:00,24.4,40,1.91,0.0
2025-12-19 23:00:00,23.1,43,1.37,0.0
2025-12-20 00:00:00,22.7,40,1.47,0.0
2025-12-20 01:00:00,22.0,39,1.59,0.0
2025-12-20 02:00:00,21.1,40,1.4,0.0
2025-12-20 03:00:00,20.2,41,1.29,0.0
2025-12-20 04:00:00,19.5,43,1.36,0.0
2025-12-20 05:00:00,19.6,42,1.57,0.0
2025-12-20 06:00:00,19.1,44,1.75,0.0
2025-12-20 07:00:00,19.0,44,1.9,5.0
2025-12-20 08:00:00,20.4,41,2.33,123.0
2025-12-20 09:00:00,23.4,36,2.15,327.0
2025-12-20 10:00:00,27.2,27,1.63,519.0
2025-12-20 11:00:00,30.2,18,1.35,665.0
2025-12-20 12:00:00,32.1,14,0.86,749.0
2025-12-20 13:00:00,33.0,11,0.42,759.0
2025-12-20 14:00:00,33.1,11,1.14,692.0
2025-12-20 15:00:00,31.7,20,2.34,557.0
2025-12-20 16:00:00,29.1,35,3.85,368.0
2025-12-20 17:00:00,26.8,47,3.57,160.0
2025-12-20 18:00:00,25.5,61,3.58,15.0
2025-12-20 19:00:00,25.5,61,3.85,0.0
2025-12-20 20:00:00,25.3,63,2.97,0.0
2025-12-20 21:00:00,24.6,62,1.48,0.0
2025-12-20 22:00:00,23.8,55,1.56,0.0
2025-12-20 23:00:00,24.1,42,1.84,0.0
2025-12-21 00:00:00,23.2,38,1.7,0.0
2025-12-21 01:00:00,21.6,38,1.26,0.0
2025-12-21 02:00:00,20.9,38,1.17,0.0
2025-12-21 03:00:00,20.3,39,1.33,0.0
2025-12-21 04:00:00,20.2,38,2.22,0.0
2025-12-21 05:00:00,20.2,38,2.73,0.0
2025-12-21 06:00:00,19.7,41,2.8,0.0
2025-12-21 07:00:00,19.2,43,3.02,5.0
2025-12-21 08:00:00,20.3,42,3.0,101.0
2025-12-21 09:00:00,23.1,37,2.69,268.0
2025-12-21 10:00:00,26.6,30,2.15,428.0
2025-12-21 11:00:00,29.7,23,2.11,553.0
2025-12-21 12:00:00,31.6,17,1.64,652.0
2025-12-21 13:00:00,32.4,14,0.55,646.0
2025-12-21 14:00:00,32.3,15,1.5,603.0
2025-12-21 15:00:00,31.5,20,2.68,509.0
2025-12-21 16:00:00,30.3,23,2.74,325.0
2025-12-21 17:00:00,28.9,33,2.31,148.0
2025-12-21 18:00:00,26.0,56,3.16,14.0
2025-12-21 19:00:00,25.1,57,3.06,0.0
2025-12-21 20:00:00,24.5,65,3.47,0.0
2025-12-21 21:00:00,24.4,66,3.49,0.0
2025-12-21 22:00:00,23.7,66,2.47,0.0
2025-12-21 23:00:00,22.5,62,0.89,0.0
2025-12-22 00:00:00,22.0,53,1.28,0.0
2025-12-22 01:00:00,21.6,49,1.14,0.0
2025-12-22 02:00:00,21.1,47,0.82,0.0
2025-12-22 03:00:00,20.3,46,0.92,0.0
2025-12-22 04:00:00,19.7,45,0.95,0.0
2025-12-22 05:00:00,19.5,46,1.63,0.0
2025-12-22 06:00:00,18.8,48,1.53,0.0
2025-12-22 07:00:00,18.6,49,1.7,5.0
2025-12-22 08:00:00,19.9,45,2.08,117.0
2025-12-22 09:00:00,22.9,38,1.86,315.0
2025-12-22 10:00:00,26.3,30,1.01,506.0
2025-12-22 11:00:00,28.5,25,0.32,638.0
2025-12-22 12:00:00,31.0,20,0.67,729.0
2025-12-22 13:00:00,31.7,19,1.31,729.0
2025-12-22 14:00:00,31.4,22,2.41,653.0
2025-12-22 15:00:00,30.4,22,3.42,528.0
2025-12-22 16:00:00,29.5,23,3.26,354.0
2025-12-22 17:00:00,27.9,34,3.31,155.0
2025-12-22 18:00:00,25.7,51,4.03,16.0
2025-12-22 19:00:00,25.3,53,4.1,0.0
2025-12-22 20:00:00,25.2,47,3.72,0.0
2025-12-22 21:00:00,24.7,53,3.52,0.0
2025-12-22 22:00:00,24.0,54,1.9,0.0
2025-12-22 23:00:00,23.4,53,1.32,0.0
2025-12-23 00:00:00,22.5,54,1.27,0.0
2025-12-23 01:00:00,22.1,53,1.5,0.0
2025-12-23 02:00:00,21.7,49,2.03,0.0
2025-12-23 03:00:00,21.1,48,1.98,0.0
2025-12-23 04:00:00,20.7,47,2.2,0.0
2025-12-23 05:00:00,20.6,47,2.58,0.0
2025-12-23 06:00:00,20.1,49,2.38,0.0
2025-12-23 07:00:00,19.9,50,2.37,4.0
2025-12-23 08:00:00,21.2,47,2.53,114.0
2025-12-23 09:00:00,23.6,41,1.88,313.0
2025-12-23 10:00:00,26.9,34,1.39,501.0
2025-12-23 11:00:00,29.9,27,1.43,644.0
2025-12-23 12:00:00,31.8,21,0.9,725.0
2025-12-23 13:00:00,32.4,19,0.83,734.0
2025-12-23 14:00:00,32.2,21,2.21,669.0
2025-12-23 15:00:00,31.7,23,2.75,540.0
2025-12-23 16:00:00,29.4,40,4.1,361.0
2025-12-23 17:00:00,27.3,51,3.91,159.0
2025-12-23 18:00:00,25.9,59,3.62,16.0
2025-12-23 19:00:00,25.8,56,4.35,0.0
2025-12-23 20:00:00,25.7,51,4.14,0.0
2025-12-23 21:00:00,25.0,64,3.54,0.0
2025-12-23 22:00:00,24.4,67,2.05,0.0
2025-12-23 23:00:00,23.7,64,1.39,0.0
2025-12-24 00:00:00,23.3,59,1.99,0.0
2025-12-24 01:00:00,22.8,52,2.31,0.0
2025-12-24 02:00:00,22.1,47,2.26,0.0
2025-12-24 03:00:00,21.8,46,2.6,0.0
2025-12-24 04:00:00,21.6,45,3.0,0.0
2025-12-24 05:00:00,21.5,45,3.13,0.0
2025-12-24 06:00:00,21.1,45,2.84,0.0
2025-12-24 07:00:00,20.8,47,2.75,4.0
2025-12-24 08:00:00,21.7,45,2.49,106.0
2025-12-24 09:00:00,23.8,40,1.93,302.0
2025-12-24 10:00:00,26.7,34,1.46,474.0
2025-12-24 11:00:00,29.3,28,1.75,612.0
2025-12-24 12:00:00,31.3,22,1.15,722.0
2025-12-24 13:00:00,32.2,19,0.53,731.0
2025-12-24 14:00:00,31.8,23,2.4,671.0
2025-12-24 15:00:00,30.1,34,3.57,529.0
2025-12-24 16:00:00,29.3,36,3.4,350.0
2025-12-24 17:00:00,26.6,55,4.11,155.0
2025-12-24 18:00:00,25.5,58,3.4,17.0
2025-12-24 19:00:00,25.3,55,3.82,0.0
2025-12-24 20:00:00,24.8,55,3.45,0.0
2025-12-24 21:00:00,24.3,57,3.41,0.0
2025-12-24 22:00:00,23.7,58,2.5,0.0
2025-12-24 23:00:00,23.0,60,1.8,0.0
2025-12-25 00:00:00,22.1,60,1.15,0.0
2025-12-25 01:00:00,21.8,58,1.25,0.0
2025-12-25 02:00:00,21.4,58,1.43,0.0
2025-12-25 03:00:00,20.9,59,1.87,0.0
2025-12-25 04:00:00,20.5,57,1.7,0.0
2025-12-25 05:00:00,20.4,58,1.85,0.0
2025-12-25 06:00:00,19.7,60,2.06,0.0
2025-12-25 07:00:00,19.1,60,1.98,4.0
2025-12-25 08:00:00,20.2,56,2.33,111.0
2025-12-25 09:00:00,23.5,48,2.22,308.0
2025-12-25 10:00:00,26.9,35,2.06,496.0
2025-12-25 11:00:00,29.2,30,2.12,638.0
2025-12-25 12:00:00,31.1,23,1.28,719.0
2025-12-25 13:00:00,31.6,22,0.6,729.0
2025-12-25 14:00:00,31.3,24,2.06,668.0
2025-12-25 15:00:00,30.8,25,2.63,541.0
2025-12-25 16:00:00,29.9,29,3.24,363.0
2025-12-25 17:00:00,27.3,46,3.35,163.0
2025-12-25 18:00:00,25.5,58,3.15,18.0
2025-12-25 19:00:00,25.0,65,3.82,0.0
2025-12-25 20:00:00,24.9,56,3.43,0.0
2025-12-25 21:00:00,24.3,54,3.02,0.0
2025-12-25 22:00:00,23.8,54,2.4,0.0
2025-12-25 23:00:00,23.4,51,1.87,0.0
2025-12-26 00:00:00,22.3,53,1.19,0.0
2025-12-26 01:00:00,21.6,55,0.96,0.0
2025-12-26 02:00:00,21.1,58,0.67,0.0
2025-12-26 03:00:00,20.6,60,0.39,0.0
2025-12-26 04:00:00,20.0,60,1.08,0.0
2025-12-26 05:00:00,19.4,64,1.17,0.0
2025-12-26 06:00:00,19.0,64,1.32,0.0
2025-12-26 07:00:00,19.0,63,1.81,4.0
2025-12-26 08:00:00,20.5,57,2.35,108.0
2025-12-26 09:00:00,23.5,47,1.95,303.0
2025-12-26 10:00:00,27.1,35,1.9,490.0
2025-12-26 11:00:00,29.4,30,1.9,634.0
2025-12-26 12:00:00,30.9,24,1.28,716.0
2025-12-26 13:00:00,31.2,23,0.93,729.0
2025-12-26 14:00:00,31.3,24,1.38,670.0
2025-12-26 15:00:00,31.0,25,2.27,544.0
2025-12-26 16:00:00,29.9,29,3.14,367.0
2025-12-26 17:00:00,28.4,37,2.99,166.0
2025-12-26 18:00:00,26.4,49,3.33,18.0
2025-12-26 19:00:00,25.1,60,4.21,0.0
2025-12-26 20:00:00,24.8,61,3.85,0.0
2025-12-26 21:00:00,24.3,57,3.32,0.0
2025-12-26 22:00:00,23.9,54,3.26,0.0
2025-12-26 23:00:00,23.6,55,2.89,0.0
2025-12-27 00:00:00,22.6,59,1.06,0.0
2025-12-27 01:00:00,21.7,61,0.4,0.0
2025-12-27 02:00:00,21.1,62,0.87,0.0
2025-12-27 03:00:00,20.5,64,1.05,0.0
2025-12-27 04:00:00,20.0,66,1.21,0.0
2025-12-27 05:00:00,20.2,65,1.83,0.0
2025-12-27 06:00:00,20.3,61,2.16,0.0
2025-12-27 07:00:00,19.7,61,2.23,3.0
2025-12-27 08:00:00,20.9,56,2.37,107.0
2025-12-27 09:00:00,23.6,46,2.14,301.0
2025-12-27 10:00:00,26.9,36,2.02,489.0
2025-12-27 11:00:00,29.6,30,2.39,634.0
2025-12-27 12:00:00,31.5,24,1.79,716.0
2025-12-27 13:00:00,32.0,23,0.8,728.0
2025-12-27 14:00:00,31.9,23,1.51,668.0
2025-12-27 15:00:00,31.2,26,2.79,543.0
2025-12-27 16:00:00,29.8,33,3.44,367.0
2025-12-27 17:00:00,28.6,36,2.74,167.0
2025-12-27 18:00:00,26.1,52,3.6,19.0
2025-12-27 19:00:00,25.3,55,3.58,0.0
2025-12-27 20:00:00,24.8,57,3.73,0.0
2025-12-27 21:00:00,24.3,55,3.72,0.0
2025-12-27 22:00:00,23.9,52,3.42,0.0
2025-12-27 23:00:00,23.7,49,2.96,0.0
2025-12-28 00:00:00,23.4,48,2.22,0.0
2025-12-28 01:00:00,22.4,53,1.17,0.0
2025-12-28 02:00:00,21.5,58,0.91,0.0
2025-12-28 03:00:00,20.8,60,0.92,0.0
2025-12-28 04:00:00,20.2,62,0.99,0.0
2025-12-28 05:00:00,20.0,65,1.14,0.0
2025-12-28 06:00:00,20.1,62,1.87,0.0
2025-12-28 07:00:00,20.4,58,2.63,3.0
2025-12-28 08:00:00,21.9,51,2.67,107.0
2025-12-28 09:00:00,24.3,45,2.42,304.0
2025-12-28 10:00:00,27.5,34,2.11,492.0
2025-12-28 11:00:00,29.7,29,2.24,636.0
2025-12-28 12:00:00,31.3,23,1.59,720.0
2025-12-28 13:00:00,31.5,22,1.4,733.0
2025-12-28 14:00:00,31.2,24,2.33,674.0
2025-12-28 15:00:00,30.2,28,3.31,549.0
2025-12-28 16:00:00,29.1,32,3.33,371.0
2025-12-28 17:00:00,27.8,36,2.62,170.0
2025-12-28 18:00:00,26.0,49,2.73,20.0
2025-12-28 19:00:00,25.2,59,2.79,0.0
2025-12-28 20:00:00,24.7,62,2.87,0.0
2025-12-28 21:00:00,23.9,69,2.86,0.0
2025-12-28 22:00:00,23.3,67,2.16,0.0
2025-12-28 23:00:00,22.8,62,1.42,0.0
2025-12-29 00:00:00,22.4,55,1.6,0.0
2025-12-29 01:00:00,21.5,58,1.0,0.0
2025-12-29 02:00:00,21.0,61,0.57,0.0
2025-12-29 03:00:00,20.2,63,0.97,0.0
2025-12-29 04:00:00,19.6,66,1.01,0.0
2025-12-29 05:00:00,19.3,68,1.1,0.0
2025-12-29 06:00:00,19.1,68,1.23,0.0
2025-12-29 07:00:00,19.3,66,1.75,3.0
2025-12-29 08:00:00,20.8,58,2.31,106.0
2025-12-29 09:00:00,23.7,49,2.22,304.0
2025-12-29 10:00:00,27.3,35,1.82,494.0
2025-12-29 11:00:00,29.4,29,2.06,640.0
2025-12-29 12:00:00,30.9,22,1.6,725.0
2025-12-29 13:00:00,31.2,21,1.37,739.0
2025-12-29 14:00:00,31.1,22,1.93,681.0
2025-12-29 15:00:00,30.4,25,2.93,555.0
2025-12-29 16:00:00,29.4,27,3.02,376.0
2025-12-29 17:00:00,27.9,35,2.59,174.0
2025-12-29 18:00:00,26.1,49,2.91,21.0
2025-12-29 19:00:00,25.5,55,3.01,0.0
2025-12-29 20:00:00,24.6,65,3.18,0.0
2025-12-29 21:00:00,23.8,72,2.82,0.0
2025-12-29 22:00:00,23.0,70,1.89,0.0
2025-12-29 23:00:00,22.5,65,1.52,0.0
2025-12-30 00:00:00,21.6,65,1.05,0.0
2025-12-30 01:00:00,20.9,68,0.71,0.0
2025-12-30 02:00:00,20.4,69,0.9,0.0
2025-12-30 03:00:00,19.8,71,0.87,0.0
2025-12-30 04:00:00,19.2,74,0.85,0.0
2025-12-30 05:00:00,19.0,75,0.87,0.0
2025-12-30 06:00:00,18.6,76,0.82,0.0
2025-12-30 07:00:00,18.6,75,0.84,3.0
2025-12-30 08:00:00,20.3,66,0.92,105.0
2025-12-30 09:00:00,23.0,54,0.68,300.0
2025-12-30 10:00:00,26.1,43,0.72,490.0
2025-12-30 11:00:00,28.0,36,1.16,636.0
2025-12-30 12:00:00,29.4,32,1.8,722.0
2025-12-30 13:00:00,29.4,34,2.3,735.0
2025-12-30 14:00:00,28.7,40,2.76,676.0
2025-12-30 15:00:00,27.9,46,3.02,550.0
2025-12-30 16:00:00,26.9,55,3.14,373.0
2025-12-30 17:00:00,26.0,60,3.01,172.0
2025-12-30 18:00:00,24.9,70,2.76,21.0
2025-12-30 19:00:00,24.5,73,2.89,0.0
2025-12-30 20:00:00,24.0,77,2.88,0.0
2025-12-30 21:00:00,23.4,79,2.24,0.0
2025-12-30 22:00:00,22.7,82,1.37,0.0
2025-12-30 23:00:00,22.2,86,1.66,0.0
2025-12-31 00:00:00,21.4,88,1.25,0.0
2025-12-31 01:00:00,20.6,91,0.93,0.0
2025-12-31 02:00:00,20.0,92,0.61,0.0
2025-12-31 03:00:00,19.7,92,0.6,0.0
2025-12-31 04:00:00,19.4,92,0.82,0.0
2025-12-31 05:00:00,19.0,92,1.1,0.0
2025-12-31 06:00:00,18.6,93,0.97,0.0
2025-12-31 07:00:00,18.1,95,1.07,2.0
2025-12-31 08:00:00,19.0,90,0.85,82.0
2025-12-31 09:00:00,21.3,79,0.63,251.0
2025-12-31 10:00:00,24.8,58,0.38,465.0
2025-12-31 11:00:00,26.0,49,0.3,628.0
2025-12-31 12:00:00,28.0,41,0.54,713.0
2025-12-31 13:00:00,28.8,38,1.22,729.0
2025-12-31 14:00:00,28.2,46,3.08,673.0
2025-12-31 15:00:00,27.0,51,3.72,548.0
2025-12-31 16:00:00,26.2,55,3.5,371.0
2025-12-31 17:00:00,25.7,58,3.38,172.0
2025-12-31 18:00:00,24.9,67,2.93,21.0
2025-12-31 19:00:00,24.8,68,2.9,0.0
2025-12-31 20:00:00,24.7,69,2.53,0.0
2025-12-31 21:00:00,24.3,73,2.22,0.0
2025-12-31 22:00:00,24.1,74,1.57,0.0
2025-12-31 23:00:00,23.3,79,0.69,0.0
